{"timestamp":"2026-08-15T21:17:05.557Z","level":"ERROR","category":"EXPRESS_EXCEPTION","message":"column \"aadt_volume\" does not exist","metadata":{"correlationId":"ERR-1786828625557-780","statusCode":500,"path":"/api/v4/roads","method":"GET","ip":"::1","userId":"U-001","stack":"error: column \"aadt_volume\" does not exist\n    at D:\\28-7\\28-7\\نظام ادارة المشاريع\\نظام ادارة المشاريع 8\\node_modules\\pg-pool\\index.js:45:11\n    at process.processTicksAndRejections (node:internal/process/task_queues:104:5)\n    at async D:\\28-7\\28-7\\نظام ادارة المشاريع\\نظام ادارة المشاريع 8\\Roads\\API\\roadsEngine.js:34:15"},"environment":"production"}
{"timestamp":"2026-08-15T21:20:15.682Z","level":"INFO","category":"DatabaseManager","message":"✅ PostgreSQL Connection Pool Initialized Successfully.","metadata":{},"environment":"production"}
{"timestamp":"2026-08-15T21:20:38.192Z","level":"INFO","category":"DatabaseManager","message":"✅ PostgreSQL Connection Pool Initialized Successfully.","metadata":{},"environment":"production"}
{"timestamp":"2026-08-15T21:21:10.649Z","level":"WARN","category":"DatabaseManager","message":"PostgreSQL query failed, attempting memDb fallback: relation \"workflows\" does not exist","metadata":{},"environment":"production"}
{"timestamp":"2026-08-15T21:24:51.863Z","level":"ERROR","category":"EXPRESS_EXCEPTION","message":"localContractClauses is not defined","metadata":{"correlationId":"ERR-1786829091862-730","statusCode":500,"path":"/api/v4/contracts/CNT-2026-9538/print?mt=1&mb=0.7&mr=0.7&ml=0.7","method":"GET","ip":"::1","userId":"U-001","stack":"ReferenceError: localContractClauses is not defined\n    at D:\\28-7\\28-7\\نظام ادارة المشاريع\\نظام ادارة المشاريع 8\\Contracts\\API\\contractManagementEngine.js:1019:19\n    at Layer.handleRequest (D:\\28-7\\28-7\\نظام ادارة المشاريع\\نظام ادارة المشاريع 8\\node_modules\\router\\lib\\layer.js:152:17)\n    at next (D:\\28-7\\28-7\\نظام ادارة المشاريع\\نظام ادارة المشاريع 8\\node_modules\\router\\lib\\route.js:157:13)\n    at verifyToken (D:\\28-7\\28-7\\نظام ادارة المشاريع\\نظام ادارة المشاريع 8\\middlewares\\rbacManager.js:52:5)\n    at Layer.handleRequest (D:\\28-7\\28-7\\نظام ادارة المشاريع\\نظام ادارة المشاريع 8\\node_modules\\router\\lib\\layer.js:152:17)\n    at next (D:\\28-7\\28-7\\نظام ادارة المشاريع\\نظام ادارة المشاريع 8\\node_modules\\router\\lib\\route.js:157:13)\n    at Route.dispatch (D:\\28-7\\28-7\\نظام ادارة المشاريع\\نظام ادارة المشاريع 8\\node_modules\\router\\lib\\route.js:117:3)\n    at handle (D:\\28-7\\28-7\\نظام ادارة المشاريع\\نظام ادارة المشاريع 8\\node_modules\\router\\index.js:435:11)\n    at Layer.handleRequest (D:\\28-7\\28-7\\نظام ادارة المشاريع\\نظام ادارة المشاريع 8\\node_modules\\router\\lib\\layer.js:152:17)\n    at D:\\28-7\\28-7\\نظام ادارة المشاريع\\نظام ادارة المشاريع 8\\node_modules\\router\\index.js:295:15"},"environment":"production"}
{"timestamp":"2026-08-15T21:26:26.210Z","level":"WARN","category":"DatabaseManager","message":"PostgreSQL query failed, attempting memDb fallback: column u.fullname does not exist","metadata":{},"environment":"production"}
{"timestamp":"2026-08-15T21:26:28.727Z","level":"WARN","category":"DatabaseManager","message":"PostgreSQL query failed, attempting memDb fallback: relation \"workflows\" does not exist","metadata":{},"environment":"production"}
{"timestamp":"2026-08-15T21:27:39.155Z","level":"WARN","category":"DatabaseManager","message":"PostgreSQL query failed, attempting memDb fallback: column \"createdat\" does not exist","metadata":{},"environment":"production"}
{"timestamp":"2026-08-15T21:27:43.115Z","level":"WARN","category":"DatabaseManager","message":"PostgreSQL query failed, attempting memDb fallback: column \"createdat\" does not exist","metadata":{},"environment":"production"}
{"timestamp":"2026-08-15T21:30:47.697Z","level":"INFO","category":"DatabaseManager","message":"✅ PostgreSQL Connection Pool Initialized Successfully.","metadata":{},"environment":"production"}
{"timestamp":"2026-08-15T21:31:10.609Z","level":"INFO","category":"DatabaseManager","message":"✅ PostgreSQL Connection Pool Initialized Successfully.","metadata":{},"environment":"production"}
{"timestamp":"2026-08-15T21:31:27.468Z","level":"INFO","category":"DatabaseManager","message":"✅ PostgreSQL Connection Pool Initialized Successfully.","metadata":{},"environment":"production"}
{"timestamp":"2026-08-15T21:32:14.480Z","level":"INFO","category":"DatabaseManager","message":"✅ PostgreSQL Connection Pool Initialized Successfully.","metadata":{},"environment":"production"}
{"timestamp":"2026-08-15T21:32:27.043Z","level":"INFO","category":"DatabaseManager","message":"✅ PostgreSQL Connection Pool Initialized Successfully.","metadata":{},"environment":"production"}
{"timestamp":"2026-08-15T21:32:31.328Z","level":"INFO","category":"DatabaseManager","message":"✅ PostgreSQL Connection Pool Initialized Successfully.","metadata":{},"environment":"production"}
{"timestamp":"2026-08-15T21:33:24.309Z","level":"INFO","category":"DatabaseManager","message":"✅ PostgreSQL Connection Pool Initialized Successfully.","metadata":{},"environment":"production"}
{"timestamp":"2026-08-15T21:34:08.225Z","level":"INFO","category":"DatabaseManager","message":"✅ PostgreSQL Connection Pool Initialized Successfully.","metadata":{},"environment":"production"}
{"timestamp":"2026-08-16T21:45:49.735Z","level":"INFO","category":"DatabaseManager","message":"✅ PostgreSQL Connection Pool Initialized Successfully.","metadata":{},"environment":"production"}
{"timestamp":"2026-08-18T17:11:23.122Z","level":"INFO","category":"DatabaseManager","message":"✅ PostgreSQL Connection Pool Initialized Successfully.","metadata":{},"environment":"production"}
{"timestamp":"2026-08-18T17:16:51.543Z","level":"INFO","category":"DatabaseManager","message":"✅ PostgreSQL Connection Pool Initialized Successfully.","metadata":{},"environment":"production"}
{"timestamp":"2026-08-18T17:20:52.337Z","level":"INFO","category":"DatabaseManager","message":"✅ PostgreSQL Connection Pool Initialized Successfully.","metadata":{},"environment":"production"}
{"timestamp":"2026-08-18T17:24:15.739Z","level":"INFO","category":"DatabaseManager","message":"✅ PostgreSQL Connection Pool Initialized Successfully.","metadata":{},"environment":"production"}
{"timestamp":"2026-08-18T17:29:01.693Z","level":"WARN","category":"DatabaseManager","message":"PostgreSQL query failed, attempting memDb fallback: column \"createdat\" does not exist","metadata":{},"environment":"production"}
{"timestamp":"2026-08-18T17:29:31.742Z","level":"INFO","category":"DatabaseManager","message":"✅ PostgreSQL Connection Pool Initialized Successfully.","metadata":{},"environment":"production"}
{"timestamp":"2026-08-18T17:29:31.904Z","level":"WARN","category":"DatabaseManager","message":"PostgreSQL query failed, attempting memDb fallback: column \"createdat\" does not exist","metadata":{},"environment":"production"}
{"timestamp":"2026-08-18T17:29:52.175Z","level":"WARN","category":"DatabaseManager","message":"PostgreSQL query failed, attempting memDb fallback: column \"createdat\" does not exist","metadata":{},"environment":"production"}
{"timestamp":"2026-08-18T17:30:03.213Z","level":"INFO","category":"DatabaseManager","message":"✅ PostgreSQL Connection Pool Initialized Successfully.","metadata":{},"environment":"production"}
{"timestamp":"2026-08-18T17:30:17.175Z","level":"ERROR","category":"EXPRESS_EXCEPTION","message":"Connection terminated due to connection timeout","metadata":{"correlationId":"ERR-1787074217169-723","statusCode":500,"path":"/api/v4/contracts","method":"GET","ip":"::1","userId":"U-001","stack":"Error: Connection terminated due to connection timeout\n    at D:\\28-7\\28-7\\نظام ادارة المشاريع\\نظام ادارة المشاريع 8\\node_modules\\pg-pool\\index.js:45:11\n    at process.processTicksAndRejections (node:internal/process/task_queues:104:5)\n    at async queryPg (D:\\28-7\\28-7\\نظام ادارة المشاريع\\نظام ادارة المشاريع 8\\Contracts\\API\\contractManagementEngine.js:29:12)\n    at async D:\\28-7\\28-7\\نظام ادارة المشاريع\\نظام ادارة المشاريع 8\\Contracts\\API\\contractManagementEngine.js:404:22"},"environment":"production"}
{"timestamp":"2026-08-18T17:30:17.578Z","level":"WARN","category":"DatabaseManager","message":"PostgreSQL query failed, attempting memDb fallback: column \"createdat\" does not exist","metadata":{},"environment":"production"}
{"timestamp":"2026-08-18T17:30:21.290Z","level":"WARN","category":"DatabaseManager","message":"PostgreSQL query failed, attempting memDb fallback: column \"createdat\" does not exist","metadata":{},"environment":"production"}
{"timestamp":"2026-08-18T17:30:41.228Z","level":"WARN","category":"DatabaseManager","message":"PostgreSQL query failed, attempting memDb fallback: column \"createdat\" does not exist","metadata":{},"environment":"production"}
{"timestamp":"2026-08-18T17:31:21.493Z","level":"INFO","category":"DatabaseManager","message":"✅ PostgreSQL Connection Pool Initialized Successfully.","metadata":{},"environment":"production"}
{"timestamp":"2026-08-18T17:31:32.052Z","level":"WARN","category":"DatabaseManager","message":"PostgreSQL query failed, attempting memDb fallback: column \"createdAt\" does not exist","metadata":{},"environment":"production"}
{"timestamp":"2026-08-18T17:32:32.276Z","level":"WARN","category":"DatabaseManager","message":"PostgreSQL query failed, attempting memDb fallback: column \"createdAt\" does not exist","metadata":{},"environment":"production"}
{"timestamp":"2026-08-18T17:33:32.205Z","level":"WARN","category":"DatabaseManager","message":"PostgreSQL query failed, attempting memDb fallback: column \"createdAt\" does not exist","metadata":{},"environment":"production"}
{"timestamp":"2026-08-18T17:33:51.325Z","level":"WARN","category":"DatabaseManager","message":"PostgreSQL query failed, attempting memDb fallback: column \"createdAt\" does not exist","metadata":{},"environment":"production"}
{"timestamp":"2026-08-18T17:34:01.219Z","level":"WARN","category":"DatabaseManager","message":"PostgreSQL query failed, attempting memDb fallback: column \"createdAt\" does not exist","metadata":{},"environment":"production"}
{"timestamp":"2026-08-18T17:34:06.713Z","level":"WARN","category":"DatabaseManager","message":"PostgreSQL query failed, attempting memDb fallback: column \"createdAt\" does not exist","metadata":{},"environment":"production"}
{"timestamp":"2026-08-18T17:34:07.101Z","level":"WARN","category":"DatabaseManager","message":"PostgreSQL query failed, attempting memDb fallback: column \"createdAt\" does not exist","metadata":{},"environment":"production"}
{"timestamp":"2026-08-18T17:34:31.354Z","level":"WARN","category":"DatabaseManager","message":"PostgreSQL query failed, attempting memDb fallback: column \"createdAt\" does not exist","metadata":{},"environment":"production"}
{"timestamp":"2026-08-18T17:35:09.683Z","level":"WARN","category":"DatabaseManager","message":"PostgreSQL query failed, attempting memDb fallback: column \"createdAt\" does not exist","metadata":{},"environment":"production"}
{"timestamp":"2026-08-18T17:35:09.784Z","level":"WARN","category":"DatabaseManager","message":"PostgreSQL query failed, attempting memDb fallback: column \"createdAt\" does not exist","metadata":{},"environment":"production"}
{"timestamp":"2026-08-18T17:35:55.290Z","level":"INFO","category":"DatabaseManager","message":"✅ PostgreSQL Connection Pool Initialized Successfully.","metadata":{},"environment":"production"}
{"timestamp":"2026-08-18T17:37:49.353Z","level":"INFO","category":"DatabaseManager","message":"✅ PostgreSQL Connection Pool Initialized Successfully.","metadata":{},"environment":"production"}
{"timestamp":"2026-08-18T21:44:16.518Z","level":"INFO","category":"DatabaseManager","message":"✅ PostgreSQL Connection Pool Initialized Successfully.","metadata":{},"environment":"production"}
{"timestamp":"2026-08-19T10:55:45.107Z","level":"INFO","category":"DatabaseManager","message":"✅ PostgreSQL Connection Pool Initialized Successfully.","metadata":{},"environment":"production"}
{"timestamp":"2026-08-19T10:58:56.255Z","level":"INFO","category":"DatabaseManager","message":"✅ PostgreSQL Connection Pool Initialized Successfully.","metadata":{},"environment":"production"}
{"timestamp":"2026-08-19T11:08:07.297Z","level":"INFO","category":"DatabaseManager","message":"✅ PostgreSQL Connection Pool Initialized Successfully.","metadata":{},"environment":"production"}
{"timestamp":"2026-08-19T11:08:14.341Z","level":"ERROR","category":"EXPRESS_EXCEPTION","message":"Unterminated string in JSON at position 97 (line 1 column 98)","metadata":{"correlationId":"ERR-1787137694340-562","statusCode":400,"path":"/api/v4/assets/structural","method":"POST","userId":"ANONYMOUS","stack":"SyntaxError: Unterminated string in JSON at position 97 (line 1 column 98)\n    at JSON.parse (<anonymous>)\n    at parse (D:\\28-7\\28-7\\نظام ادارة المشاريع\\نظام ادارة المشاريع 8\\node_modules\\body-parser\\lib\\types\\json.js:91:21)\n    at D:\\28-7\\28-7\\نظام ادارة المشاريع\\نظام ادارة المشاريع 8\\node_modules\\body-parser\\lib\\read.js:162:18\n    at AsyncResource.runInAsyncScope (node:async_hooks:227:14)\n    at invokeCallback (D:\\28-7\\28-7\\نظام ادارة المشاريع\\نظام ادارة المشاريع 8\\node_modules\\raw-body\\index.js:238:16)\n    at done (D:\\28-7\\28-7\\نظام ادارة المشاريع\\نظام ادارة المشاريع 8\\node_modules\\raw-body\\index.js:227:7)\n    at IncomingMessage.onEnd (D:\\28-7\\28-7\\نظام ادارة المشاريع\\نظام ادارة المشاريع 8\\node_modules\\raw-body\\index.js:287:7)\n    at IncomingMessage.emit (node:events:509:28)\n    at endReadableNT (node:internal/streams/readable:1736:12)\n    at process.processTicksAndRejections (node:internal/process/task_queues:90:21)"},"environment":"production"}
{"timestamp":"2026-08-19T18:48:34.842Z","level":"WARN","category":"DatabaseManager","message":"PostgreSQL query failed, attempting memDb fallback: column \"stepsjson\" does not exist","metadata":{},"environment":"production"}
{"timestamp":"2026-08-19T18:51:32.762Z","level":"INFO","category":"DatabaseManager","message":"✅ PostgreSQL Connection Pool Initialized Successfully.","metadata":{},"environment":"production"}
{"timestamp":"2026-08-19T18:54:05.789Z","level":"INFO","category":"DatabaseManager","message":"✅ PostgreSQL Connection Pool Initialized Successfully.","metadata":{},"environment":"production"}
{"timestamp":"2026-08-19T18:55:00.907Z","level":"INFO","category":"DatabaseManager","message":"✅ PostgreSQL Connection Pool Initialized Successfully.","metadata":{},"environment":"production"}
{"timestamp":"2026-08-19T19:42:07.600Z","level":"INFO","category":"DatabaseManager","message":"✅ PostgreSQL Connection Pool Initialized Successfully.","metadata":{},"environment":"production"}
{"timestamp":"2026-08-19T19:42:08.904Z","level":"INFO","category":"DatabaseManager","message":"✅ PostgreSQL Connection Pool Initialized Successfully.","metadata":{},"environment":"production"}
{"timestamp":"2026-08-19T19:52:17.518Z","level":"INFO","category":"DatabaseManager","message":"✅ PostgreSQL Connection Pool Initialized Successfully.","metadata":{},"environment":"production"}
{"timestamp":"2026-08-19T19:58:53.333Z","level":"INFO","category":"DatabaseManager","message":"✅ PostgreSQL Connection Pool Initialized Successfully.","metadata":{},"environment":"production"}
{"timestamp":"2026-08-19T20:02:30.466Z","level":"INFO","category":"DatabaseManager","message":"✅ PostgreSQL Connection Pool Initialized Successfully.","metadata":{},"environment":"production"}
{"timestamp":"2026-08-19T20:07:13.998Z","level":"INFO","category":"DatabaseManager","message":"✅ PostgreSQL Connection Pool Initialized Successfully.","metadata":{},"environment":"production"}
{"timestamp":"2026-08-19T20:12:54.104Z","level":"INFO","category":"DatabaseManager","message":"✅ PostgreSQL Connection Pool Initialized Successfully.","metadata":{},"environment":"production"}
{"timestamp":"2026-08-19T20:14:24.924Z","level":"INFO","category":"DatabaseManager","message":"✅ PostgreSQL Connection Pool Initialized Successfully.","metadata":{},"environment":"production"}
{"timestamp":"2026-08-19T20:14:49.995Z","level":"WARN","category":"DatabaseManager","message":"PostgreSQL query failed, attempting memDb fallback: column \"stepsjson\" does not exist","metadata":{},"environment":"production"}
{"timestamp":"2026-08-19T20:16:47.912Z","level":"INFO","category":"DatabaseManager","message":"✅ PostgreSQL Connection Pool Initialized Successfully.","metadata":{},"environment":"production"}
{"timestamp":"2026-08-19T20:19:39.944Z","level":"INFO","category":"DatabaseManager","message":"✅ PostgreSQL Connection Pool Initialized Successfully.","metadata":{},"environment":"production"}
{"timestamp":"2026-08-20T11:11:31.519Z","level":"WARN","category":"DatabaseManager","message":"dbRun error: syntax error at or near \")\"","metadata":{},"environment":"production"}
{"timestamp":"2026-08-20T11:18:17.534Z","level":"WARN","category":"DatabaseManager","message":"dbRun error: syntax error at or near \"=?\"","metadata":{},"environment":"production"}
{"timestamp":"2026-08-20T11:35:22.116Z","level":"WARN","category":"DatabaseManager","message":"dbRun error: syntax error at or near \"=?\"","metadata":{},"environment":"production"}
{"timestamp":"2026-08-20T12:05:42.811Z","level":"INFO","category":"DatabaseManager","message":"✅ PostgreSQL Connection Pool Initialized Successfully.","metadata":{},"environment":"production"}
{"timestamp":"2026-08-20T12:05:53.624Z","level":"WARN","category":"DatabaseManager","message":"dbRun error: column \"opendate\" of relation \"tenders\" does not exist (SQL: UPDATE tenders SET name=?, contractor=?, openDate=?, closeDate=?, value=?, status=?, notes=?, lat=?, lng=?, tenderType=?, purchaseMethod=?, purchaseCommittee=?, updatedAt=Now() WHERE id=?)","metadata":{},"environment":"production"}
{"timestamp":"2026-08-20T20:12:07.381Z","level":"INFO","category":"DatabaseManager","message":"✅ PostgreSQL Connection Pool Initialized Successfully.","metadata":{},"environment":"production"}
{"timestamp":"2026-08-20T20:13:12.796Z","level":"INFO","category":"DatabaseManager","message":"✅ PostgreSQL Connection Pool Initialized Successfully.","metadata":{},"environment":"production"}
{"timestamp":"2026-08-20T20:13:53.038Z","level":"INFO","category":"DatabaseManager","message":"✅ PostgreSQL Connection Pool Initialized Successfully.","metadata":{},"environment":"production"}
{"timestamp":"2026-08-20T20:14:38.811Z","level":"INFO","category":"DatabaseManager","message":"✅ PostgreSQL Connection Pool Initialized Successfully.","metadata":{},"environment":"production"}
{"timestamp":"2026-08-20T20:21:04.631Z","level":"INFO","category":"DatabaseManager","message":"✅ PostgreSQL Connection Pool Initialized Successfully.","metadata":{},"environment":"production"}
{"timestamp":"2026-08-20T20:51:17.677Z","level":"INFO","category":"DatabaseManager","message":"✅ PostgreSQL Connection Pool Initialized Successfully.","metadata":{},"environment":"production"}
{"timestamp":"2026-08-20T20:57:54.966Z","level":"INFO","category":"DatabaseManager","message":"✅ PostgreSQL Connection Pool Initialized Successfully.","metadata":{},"environment":"production"}
{"timestamp":"2026-08-20T21:04:54.072Z","level":"INFO","category":"DatabaseManager","message":"✅ PostgreSQL Connection Pool Initialized Successfully.","metadata":{},"environment":"production"}
{"timestamp":"2026-08-20T21:20:08.516Z","level":"INFO","category":"DatabaseManager","message":"✅ PostgreSQL Connection Pool Initialized Successfully.","metadata":{},"environment":"production"}
{"timestamp":"2026-08-20T21:31:12.810Z","level":"INFO","category":"DatabaseManager","message":"✅ PostgreSQL Connection Pool Initialized Successfully.","metadata":{},"environment":"production"}
{"timestamp":"2026-08-20T21:34:51.258Z","level":"INFO","category":"DatabaseManager","message":"✅ PostgreSQL Connection Pool Initialized Successfully.","metadata":{},"environment":"production"}
{"timestamp":"2026-08-20T21:38:27.729Z","level":"INFO","category":"DatabaseManager","message":"✅ PostgreSQL Connection Pool Initialized Successfully.","metadata":{},"environment":"production"}
{"timestamp":"2026-08-21T08:39:58.627Z","level":"INFO","category":"DatabaseManager","message":"✅ PostgreSQL Connection Pool Initialized Successfully.","metadata":{},"environment":"production"}
{"timestamp":"2026-08-21T08:43:05.374Z","level":"INFO","category":"DatabaseManager","message":"✅ PostgreSQL Connection Pool Initialized Successfully.","metadata":{},"environment":"production"}
{"timestamp":"2026-08-21T08:47:26.008Z","level":"INFO","category":"DatabaseManager","message":"✅ PostgreSQL Connection Pool Initialized Successfully.","metadata":{},"environment":"production"}
{"timestamp":"2026-08-21T09:02:04.205Z","level":"INFO","category":"DatabaseManager","message":"✅ PostgreSQL Connection Pool Initialized Successfully.","metadata":{},"environment":"production"}
{"timestamp":"2026-08-21T09:09:26.517Z","level":"INFO","category":"DatabaseManager","message":"✅ PostgreSQL Connection Pool Initialized Successfully.","metadata":{},"environment":"production"}
{"timestamp":"2026-08-21T09:11:57.766Z","level":"INFO","category":"DatabaseManager","message":"✅ PostgreSQL Connection Pool Initialized Successfully.","metadata":{},"environment":"production"}
{"timestamp":"2026-08-21T09:20:32.120Z","level":"INFO","category":"DatabaseManager","message":"✅ PostgreSQL Connection Pool Initialized Successfully.","metadata":{},"environment":"production"}
{"timestamp":"2026-08-21T09:26:40.719Z","level":"INFO","category":"DatabaseManager","message":"✅ PostgreSQL Connection Pool Initialized Successfully.","metadata":{},"environment":"production"}
{"timestamp":"2026-08-21T09:29:16.722Z","level":"ERROR","category":"EXPRESS_EXCEPTION","message":"Bad escaped character in JSON at position 12 (line 1 column 13)","metadata":{"correlationId":"ERR-1787304556721-127","statusCode":400,"path":"/api/paving-returns","method":"POST","ip":"::1","userId":"ANONYMOUS","stack":"SyntaxError: Bad escaped character in JSON at position 12 (line 1 column 13)\n    at JSON.parse (<anonymous>)\n    at parse (D:\\28-7\\28-7\\نظام ادارة المشاريع\\نظام ادارة المشاريع 8\\node_modules\\body-parser\\lib\\types\\json.js:91:21)\n    at D:\\28-7\\28-7\\نظام ادارة المشاريع\\نظام ادارة المشاريع 8\\node_modules\\body-parser\\lib\\read.js:162:18\n    at AsyncResource.runInAsyncScope (node:async_hooks:227:14)\n    at invokeCallback (D:\\28-7\\28-7\\نظام ادارة المشاريع\\نظام ادارة المشاريع 8\\node_modules\\raw-body\\index.js:238:16)\n    at done (D:\\28-7\\28-7\\نظام ادارة المشاريع\\نظام ادارة المشاريع 8\\node_modules\\raw-body\\index.js:227:7)\n    at IncomingMessage.onEnd (D:\\28-7\\28-7\\نظام ادارة المشاريع\\نظام ادارة المشاريع 8\\node_modules\\raw-body\\index.js:287:7)\n    at IncomingMessage.emit (node:events:509:28)\n    at endReadableNT (node:internal/streams/readable:1736:12)\n    at process.processTicksAndRejections (node:internal/process/task_queues:90:21)"},"environment":"production"}
{"timestamp":"2026-08-21T09:30:44.246Z","level":"INFO","category":"DatabaseManager","message":"✅ PostgreSQL Connection Pool Initialized Successfully.","metadata":{},"environment":"production"}
{"timestamp":"2026-08-21T09:37:03.302Z","level":"INFO","category":"DatabaseManager","message":"✅ PostgreSQL Connection Pool Initialized Successfully.","metadata":{},"environment":"production"}
{"timestamp":"2026-08-21T10:22:57.836Z","level":"INFO","category":"DatabaseManager","message":"✅ PostgreSQL Connection Pool Initialized Successfully.","metadata":{},"environment":"production"}
{"timestamp":"2026-08-21T10:29:11.832Z","level":"INFO","category":"DatabaseManager","message":"✅ PostgreSQL Connection Pool Initialized Successfully.","metadata":{},"environment":"production"}
{"timestamp":"2026-08-21T10:32:52.861Z","level":"INFO","category":"DatabaseManager","message":"✅ PostgreSQL Connection Pool Initialized Successfully.","metadata":{},"environment":"production"}
{"timestamp":"2026-08-21T10:36:06.696Z","level":"INFO","category":"DatabaseManager","message":"✅ PostgreSQL Connection Pool Initialized Successfully.","metadata":{},"environment":"production"}
{"timestamp":"2026-08-21T10:37:59.772Z","level":"INFO","category":"DatabaseManager","message":"✅ PostgreSQL Connection Pool Initialized Successfully.","metadata":{},"environment":"production"}
{"timestamp":"2026-08-21T10:47:36.410Z","level":"INFO","category":"DatabaseManager","message":"✅ PostgreSQL Connection Pool Initialized Successfully.","metadata":{},"environment":"production"}
{"timestamp":"2026-08-21T10:50:12.278Z","level":"WARN","category":"DatabaseManager","message":"dbRun error: column \"entitytype\" of relation \"workflows\" does not exist (SQL: INSERT INTO workflows (id, name, entityType, stepsJson) VALUES ('WF-CLAIM-CIVIL-01', 'مسار اعتماد مطالبات الأشغال المدنية', 'claims', ?))","metadata":{},"environment":"production"}
{"timestamp":"2026-08-21T10:50:20.994Z","level":"WARN","category":"DatabaseManager","message":"dbRun error: column \"entitytype\" of relation \"workflows\" does not exist (SQL: INSERT INTO workflows (id, name, entityType, stepsJson) VALUES ('WF-CLAIM-CIVIL-01', 'مسار اعتماد مطالبات الأشغال المدنية', 'claims', ?))","metadata":{},"environment":"production"}
{"timestamp":"2026-08-21T10:53:52.313Z","level":"INFO","category":"DatabaseManager","message":"✅ PostgreSQL Connection Pool Initialized Successfully.","metadata":{},"environment":"production"}
{"timestamp":"2026-08-21T12:28:46.944Z","level":"INFO","category":"DatabaseManager","message":"✅ PostgreSQL Connection Pool Initialized Successfully.","metadata":{},"environment":"production"}
{"timestamp":"2026-08-21T12:39:40.022Z","level":"INFO","category":"DatabaseManager","message":"✅ PostgreSQL Connection Pool Initialized Successfully.","metadata":{},"environment":"production"}
{"timestamp":"2026-08-21T13:35:51.192Z","level":"INFO","category":"DatabaseManager","message":"✅ PostgreSQL Connection Pool Initialized Successfully.","metadata":{},"environment":"production"}
{"timestamp":"2026-08-21T13:40:35.509Z","level":"INFO","category":"DatabaseManager","message":"✅ PostgreSQL Connection Pool Initialized Successfully.","metadata":{},"environment":"production"}
{"timestamp":"2026-08-21T13:57:42.578Z","level":"INFO","category":"DatabaseManager","message":"✅ PostgreSQL Connection Pool Initialized Successfully.","metadata":{},"environment":"production"}
{"timestamp":"2026-08-21T14:05:05.381Z","level":"INFO","category":"DatabaseManager","message":"✅ PostgreSQL Connection Pool Initialized Successfully.","metadata":{},"environment":"production"}
{"timestamp":"2026-08-21T14:07:44.131Z","level":"INFO","category":"DatabaseManager","message":"✅ PostgreSQL Connection Pool Initialized Successfully.","metadata":{},"environment":"production"}
{"timestamp":"2026-08-21T20:51:03.982Z","level":"INFO","category":"DatabaseManager","message":"✅ PostgreSQL Connection Pool Initialized Successfully.","metadata":{},"environment":"production"}
{"timestamp":"2026-08-21T21:31:43.387Z","level":"ERROR","category":"EXPRESS_EXCEPTION","message":"request entity too large","metadata":{"correlationId":"ERR-1787347903384-951","statusCode":413,"path":"/api/v4/contracts/CNT-2026-001","method":"PUT","ip":"::1","userId":"ANONYMOUS","stack":"PayloadTooLargeError: request entity too large\n    at readStream (D:\\28-7\\28-7\\نظام ادارة المشاريع\\نظام ادارة المشاريع 8\\node_modules\\raw-body\\index.js:163:17)\n    at getRawBody (D:\\28-7\\28-7\\نظام ادارة المشاريع\\نظام ادارة المشاريع 8\\node_modules\\raw-body\\index.js:116:12)\n    at read (D:\\28-7\\28-7\\نظام ادارة المشاريع\\نظام ادارة المشاريع 8\\node_modules\\body-parser\\lib\\read.js:113:3)\n    at jsonParser (D:\\28-7\\28-7\\نظام ادارة المشاريع\\نظام ادارة المشاريع 8\\node_modules\\body-parser\\lib\\types\\json.js:60:5)\n    at Layer.handleRequest (D:\\28-7\\28-7\\نظام ادارة المشاريع\\نظام ادارة المشاريع 8\\node_modules\\router\\lib\\layer.js:152:17)\n    at trimPrefix (D:\\28-7\\28-7\\نظام ادارة المشاريع\\نظام ادارة المشاريع 8\\node_modules\\router\\index.js:342:13)\n    at D:\\28-7\\28-7\\نظام ادارة المشاريع\\نظام ادارة المشاريع 8\\node_modules\\router\\index.js:297:9\n    at processParams (D:\\28-7\\28-7\\نظام ادارة المشاريع\\نظام ادارة المشاريع 8\\node_modules\\router\\index.js:582:12)\n    at next (D:\\28-7\\28-7\\نظام ادارة المشاريع\\نظام ادارة المشاريع 8\\node_modules\\router\\index.js:291:5)\n    at cors (D:\\28-7\\28-7\\نظام ادارة المشاريع\\نظام ادارة المشاريع 8\\node_modules\\cors\\lib\\index.js:188:7)"},"environment":"production"}
{"timestamp":"2026-08-21T21:34:10.089Z","level":"ERROR","category":"EXPRESS_EXCEPTION","message":"request entity too large","metadata":{"correlationId":"ERR-1787348050089-668","statusCode":413,"path":"/api/v4/contracts/CNT-2026-001","method":"PUT","ip":"::1","userId":"ANONYMOUS","stack":"PayloadTooLargeError: request entity too large\n    at readStream (D:\\28-7\\28-7\\نظام ادارة المشاريع\\نظام ادارة المشاريع 8\\node_modules\\raw-body\\index.js:163:17)\n    at getRawBody (D:\\28-7\\28-7\\نظام ادارة المشاريع\\نظام ادارة المشاريع 8\\node_modules\\raw-body\\index.js:116:12)\n    at read (D:\\28-7\\28-7\\نظام ادارة المشاريع\\نظام ادارة المشاريع 8\\node_modules\\body-parser\\lib\\read.js:113:3)\n    at jsonParser (D:\\28-7\\28-7\\نظام ادارة المشاريع\\نظام ادارة المشاريع 8\\node_modules\\body-parser\\lib\\types\\json.js:60:5)\n    at Layer.handleRequest (D:\\28-7\\28-7\\نظام ادارة المشاريع\\نظام ادارة المشاريع 8\\node_modules\\router\\lib\\layer.js:152:17)\n    at trimPrefix (D:\\28-7\\28-7\\نظام ادارة المشاريع\\نظام ادارة المشاريع 8\\node_modules\\router\\index.js:342:13)\n    at D:\\28-7\\28-7\\نظام ادارة المشاريع\\نظام ادارة المشاريع 8\\node_modules\\router\\index.js:297:9\n    at processParams (D:\\28-7\\28-7\\نظام ادارة المشاريع\\نظام ادارة المشاريع 8\\node_modules\\router\\index.js:582:12)\n    at next (D:\\28-7\\28-7\\نظام ادارة المشاريع\\نظام ادارة المشاريع 8\\node_modules\\router\\index.js:291:5)\n    at cors (D:\\28-7\\28-7\\نظام ادارة المشاريع\\نظام ادارة المشاريع 8\\node_modules\\cors\\lib\\index.js:188:7)"},"environment":"production"}
{"timestamp":"2026-08-21T21:34:39.313Z","level":"ERROR","category":"EXPRESS_EXCEPTION","message":"request entity too large","metadata":{"correlationId":"ERR-1787348079312-302","statusCode":413,"path":"/api/v4/contracts/CNT-2026-001","method":"PUT","ip":"::1","userId":"ANONYMOUS","stack":"PayloadTooLargeError: request entity too large\n    at readStream (D:\\28-7\\28-7\\نظام ادارة المشاريع\\نظام ادارة المشاريع 8\\node_modules\\raw-body\\index.js:163:17)\n    at getRawBody (D:\\28-7\\28-7\\نظام ادارة المشاريع\\نظام ادارة المشاريع 8\\node_modules\\raw-body\\index.js:116:12)\n    at read (D:\\28-7\\28-7\\نظام ادارة المشاريع\\نظام ادارة المشاريع 8\\node_modules\\body-parser\\lib\\read.js:113:3)\n    at jsonParser (D:\\28-7\\28-7\\نظام ادارة المشاريع\\نظام ادارة المشاريع 8\\node_modules\\body-parser\\lib\\types\\json.js:60:5)\n    at Layer.handleRequest (D:\\28-7\\28-7\\نظام ادارة المشاريع\\نظام ادارة المشاريع 8\\node_modules\\router\\lib\\layer.js:152:17)\n    at trimPrefix (D:\\28-7\\28-7\\نظام ادارة المشاريع\\نظام ادارة المشاريع 8\\node_modules\\router\\index.js:342:13)\n    at D:\\28-7\\28-7\\نظام ادارة المشاريع\\نظام ادارة المشاريع 8\\node_modules\\router\\index.js:297:9\n    at processParams (D:\\28-7\\28-7\\نظام ادارة المشاريع\\نظام ادارة المشاريع 8\\node_modules\\router\\index.js:582:12)\n    at next (D:\\28-7\\28-7\\نظام ادارة المشاريع\\نظام ادارة المشاريع 8\\node_modules\\router\\index.js:291:5)\n    at cors (D:\\28-7\\28-7\\نظام ادارة المشاريع\\نظام ادارة المشاريع 8\\node_modules\\cors\\lib\\index.js:188:7)"},"environment":"production"}
{"timestamp":"2026-08-21T21:37:40.172Z","level":"ERROR","category":"EXPRESS_EXCEPTION","message":"request entity too large","metadata":{"correlationId":"ERR-1787348260171-660","statusCode":413,"path":"/api/v4/contracts/CNT-2026-001","method":"PUT","ip":"::1","userId":"ANONYMOUS","stack":"PayloadTooLargeError: request entity too large\n    at readStream (D:\\28-7\\28-7\\نظام ادارة المشاريع\\نظام ادارة المشاريع 8\\node_modules\\raw-body\\index.js:163:17)\n    at getRawBody (D:\\28-7\\28-7\\نظام ادارة المشاريع\\نظام ادارة المشاريع 8\\node_modules\\raw-body\\index.js:116:12)\n    at read (D:\\28-7\\28-7\\نظام ادارة المشاريع\\نظام ادارة المشاريع 8\\node_modules\\body-parser\\lib\\read.js:113:3)\n    at jsonParser (D:\\28-7\\28-7\\نظام ادارة المشاريع\\نظام ادارة المشاريع 8\\node_modules\\body-parser\\lib\\types\\json.js:60:5)\n    at Layer.handleRequest (D:\\28-7\\28-7\\نظام ادارة المشاريع\\نظام ادارة المشاريع 8\\node_modules\\router\\lib\\layer.js:152:17)\n    at trimPrefix (D:\\28-7\\28-7\\نظام ادارة المشاريع\\نظام ادارة المشاريع 8\\node_modules\\router\\index.js:342:13)\n    at D:\\28-7\\28-7\\نظام ادارة المشاريع\\نظام ادارة المشاريع 8\\node_modules\\router\\index.js:297:9\n    at processParams (D:\\28-7\\28-7\\نظام ادارة المشاريع\\نظام ادارة المشاريع 8\\node_modules\\router\\index.js:582:12)\n    at next (D:\\28-7\\28-7\\نظام ادارة المشاريع\\نظام ادارة المشاريع 8\\node_modules\\router\\index.js:291:5)\n    at cors (D:\\28-7\\28-7\\نظام ادارة المشاريع\\نظام ادارة المشاريع 8\\node_modules\\cors\\lib\\index.js:188:7)"},"environment":"production"}
{"timestamp":"2026-08-21T21:38:17.245Z","level":"ERROR","category":"EXPRESS_EXCEPTION","message":"request entity too large","metadata":{"correlationId":"ERR-1787348297245-669","statusCode":413,"path":"/api/v4/contracts/CNT-2026-001","method":"PUT","ip":"::1","userId":"ANONYMOUS","stack":"PayloadTooLargeError: request entity too large\n    at readStream (D:\\28-7\\28-7\\نظام ادارة المشاريع\\نظام ادارة المشاريع 8\\node_modules\\raw-body\\index.js:163:17)\n    at getRawBody (D:\\28-7\\28-7\\نظام ادارة المشاريع\\نظام ادارة المشاريع 8\\node_modules\\raw-body\\index.js:116:12)\n    at read (D:\\28-7\\28-7\\نظام ادارة المشاريع\\نظام ادارة المشاريع 8\\node_modules\\body-parser\\lib\\read.js:113:3)\n    at jsonParser (D:\\28-7\\28-7\\نظام ادارة المشاريع\\نظام ادارة المشاريع 8\\node_modules\\body-parser\\lib\\types\\json.js:60:5)\n    at Layer.handleRequest (D:\\28-7\\28-7\\نظام ادارة المشاريع\\نظام ادارة المشاريع 8\\node_modules\\router\\lib\\layer.js:152:17)\n    at trimPrefix (D:\\28-7\\28-7\\نظام ادارة المشاريع\\نظام ادارة المشاريع 8\\node_modules\\router\\index.js:342:13)\n    at D:\\28-7\\28-7\\نظام ادارة المشاريع\\نظام ادارة المشاريع 8\\node_modules\\router\\index.js:297:9\n    at processParams (D:\\28-7\\28-7\\نظام ادارة المشاريع\\نظام ادارة المشاريع 8\\node_modules\\router\\index.js:582:12)\n    at next (D:\\28-7\\28-7\\نظام ادارة المشاريع\\نظام ادارة المشاريع 8\\node_modules\\router\\index.js:291:5)\n    at cors (D:\\28-7\\28-7\\نظام ادارة المشاريع\\نظام ادارة المشاريع 8\\node_modules\\cors\\lib\\index.js:188:7)"},"environment":"production"}
{"timestamp":"2026-08-21T21:39:17.464Z","level":"INFO","category":"DatabaseManager","message":"✅ PostgreSQL Connection Pool Initialized Successfully.","metadata":{},"environment":"production"}
{"timestamp":"2026-08-21T21:54:02.851Z","level":"INFO","category":"DatabaseManager","message":"✅ PostgreSQL Connection Pool Initialized Successfully.","metadata":{},"environment":"production"}
{"timestamp":"2026-08-21T21:54:35.952Z","level":"INFO","category":"DatabaseManager","message":"✅ PostgreSQL Connection Pool Initialized Successfully.","metadata":{},"environment":"production"}
{"timestamp":"2026-08-22T10:04:35.290Z","level":"INFO","category":"DatabaseManager","message":"✅ PostgreSQL Connection Pool Initialized Successfully.","metadata":{},"environment":"production"}
{"timestamp":"2026-08-22T10:29:24.403Z","level":"INFO","category":"DatabaseManager","message":"✅ PostgreSQL Connection Pool Initialized Successfully.","metadata":{},"environment":"production"}
{"timestamp":"2026-08-22T10:29:34.987Z","level":"ERROR","category":"API_GET_CLAIMS_ERROR","message":"column t.title does not exist","metadata":{},"environment":"production"}
{"timestamp":"2026-08-22T10:29:41.916Z","level":"ERROR","category":"API_GET_CLAIMS_ERROR","message":"column t.title does not exist","metadata":{},"environment":"production"}
{"timestamp":"2026-08-22T10:29:48.316Z","level":"ERROR","category":"API_GET_CLAIMS_ERROR","message":"column t.title does not exist","metadata":{},"environment":"production"}
{"timestamp":"2026-08-22T10:39:03.761Z","level":"INFO","category":"DatabaseManager","message":"✅ PostgreSQL Connection Pool Initialized Successfully.","metadata":{},"environment":"production"}
{"timestamp":"2026-08-22T10:39:13.891Z","level":"ERROR","category":"PG_INSERT_CLAIM_ERROR","message":"insert or update on table \"claims\" violates foreign key constraint \"claims_tenderId_fkey\"","metadata":{"stack":"error: insert or update on table \"claims\" violates foreign key constraint \"claims_tenderId_fkey\"\n    at D:\\28-7\\28-7\\نظام ادارة المشاريع\\نظام ادارة المشاريع 8\\node_modules\\pg-pool\\index.js:45:11\n    at process.processTicksAndRejections (node:internal/process/task_queues:104:5)\n    at async D:\\28-7\\28-7\\نظام ادارة المشاريع\\نظام ادارة المشاريع 8\\server.js:1638:9"},"environment":"production"}
{"timestamp":"2026-08-22T11:03:54.750Z","level":"INFO","category":"DatabaseManager","message":"✅ PostgreSQL Connection Pool Initialized Successfully.","metadata":{},"environment":"production"}
{"timestamp":"2026-08-22T11:04:01.140Z","level":"INFO","category":"DatabaseManager","message":"✅ PostgreSQL Connection Pool Initialized Successfully.","metadata":{},"environment":"production"}
{"timestamp":"2026-08-22T11:08:35.702Z","level":"INFO","category":"DatabaseManager","message":"✅ PostgreSQL Connection Pool Initialized Successfully.","metadata":{},"environment":"production"}
{"timestamp":"2026-08-22T11:13:46.763Z","level":"INFO","category":"DatabaseManager","message":"✅ PostgreSQL Connection Pool Initialized Successfully.","metadata":{},"environment":"production"}
{"timestamp":"2026-08-22T11:33:14.430Z","level":"INFO","category":"DatabaseManager","message":"✅ PostgreSQL Connection Pool Initialized Successfully.","metadata":{},"environment":"production"}
{"timestamp":"2026-08-22T11:38:49.291Z","level":"INFO","category":"DatabaseManager","message":"✅ PostgreSQL Connection Pool Initialized Successfully.","metadata":{},"environment":"production"}
{"timestamp":"2026-08-22T11:43:27.365Z","level":"INFO","category":"DatabaseManager","message":"✅ PostgreSQL Connection Pool Initialized Successfully.","metadata":{},"environment":"production"}
{"timestamp":"2026-08-22T11:45:16.019Z","level":"INFO","category":"DatabaseManager","message":"✅ PostgreSQL Connection Pool Initialized Successfully.","metadata":{},"environment":"production"}
{"timestamp":"2026-08-22T11:47:49.300Z","level":"INFO","category":"DatabaseManager","message":"✅ PostgreSQL Connection Pool Initialized Successfully.","metadata":{},"environment":"production"}
{"timestamp":"2026-08-22T11:49:25.764Z","level":"INFO","category":"DatabaseManager","message":"✅ PostgreSQL Connection Pool Initialized Successfully.","metadata":{},"environment":"production"}
{"timestamp":"2026-08-22T11:53:32.740Z","level":"INFO","category":"DatabaseManager","message":"✅ PostgreSQL Connection Pool Initialized Successfully.","metadata":{},"environment":"production"}
{"timestamp":"2026-08-22T19:21:58.989Z","level":"INFO","category":"DatabaseManager","message":"✅ PostgreSQL Connection Pool Initialized Successfully.","metadata":{},"environment":"production"}
{"timestamp":"2026-08-22T19:31:10.532Z","level":"INFO","category":"DatabaseManager","message":"✅ PostgreSQL Connection Pool Initialized Successfully.","metadata":{},"environment":"production"}
{"timestamp":"2026-08-22T19:31:32.804Z","level":"INFO","category":"DatabaseManager","message":"✅ PostgreSQL Connection Pool Initialized Successfully.","metadata":{},"environment":"production"}
{"timestamp":"2026-08-22T19:36:19.507Z","level":"INFO","category":"DatabaseManager","message":"✅ PostgreSQL Connection Pool Initialized Successfully.","metadata":{},"environment":"production"}
{"timestamp":"2026-08-22T19:42:44.037Z","level":"INFO","category":"DatabaseManager","message":"✅ PostgreSQL Connection Pool Initialized Successfully.","metadata":{},"environment":"production"}
{"timestamp":"2026-08-22T19:46:36.240Z","level":"INFO","category":"DatabaseManager","message":"✅ PostgreSQL Connection Pool Initialized Successfully.","metadata":{},"environment":"production"}
{"timestamp":"2026-08-22T19:54:05.374Z","level":"INFO","category":"DatabaseManager","message":"✅ PostgreSQL Connection Pool Initialized Successfully.","metadata":{},"environment":"production"}
{"timestamp":"2026-08-22T21:12:33.740Z","level":"INFO","category":"DatabaseManager","message":"✅ PostgreSQL Connection Pool Initialized Successfully.","metadata":{},"environment":"production"}
{"timestamp":"2026-08-22T21:16:05.220Z","level":"INFO","category":"DatabaseManager","message":"✅ PostgreSQL Connection Pool Initialized Successfully.","metadata":{},"environment":"production"}
{"timestamp":"2026-08-22T21:19:54.107Z","level":"INFO","category":"DatabaseManager","message":"✅ PostgreSQL Connection Pool Initialized Successfully.","metadata":{},"environment":"production"}
{"timestamp":"2026-08-22T21:22:39.686Z","level":"INFO","category":"DatabaseManager","message":"✅ PostgreSQL Connection Pool Initialized Successfully.","metadata":{},"environment":"production"}
{"timestamp":"2026-08-22T21:25:47.673Z","level":"INFO","category":"DatabaseManager","message":"✅ PostgreSQL Connection Pool Initialized Successfully.","metadata":{},"environment":"production"}
{"timestamp":"2026-08-22T21:32:34.214Z","level":"INFO","category":"DatabaseManager","message":"✅ PostgreSQL Connection Pool Initialized Successfully.","metadata":{},"environment":"production"}
{"timestamp":"2026-08-22T21:35:00.983Z","level":"INFO","category":"DatabaseManager","message":"✅ PostgreSQL Connection Pool Initialized Successfully.","metadata":{},"environment":"production"}
{"timestamp":"2026-08-22T21:40:10.878Z","level":"INFO","category":"DatabaseManager","message":"✅ PostgreSQL Connection Pool Initialized Successfully.","metadata":{},"environment":"production"}
{"timestamp":"2026-08-22T21:44:08.179Z","level":"INFO","category":"DatabaseManager","message":"✅ PostgreSQL Connection Pool Initialized Successfully.","metadata":{},"environment":"production"}
{"timestamp":"2026-08-22T21:45:45.645Z","level":"INFO","category":"DatabaseManager","message":"✅ PostgreSQL Connection Pool Initialized Successfully.","metadata":{},"environment":"production"}
{"timestamp":"2026-08-22T21:47:08.039Z","level":"INFO","category":"DatabaseManager","message":"✅ PostgreSQL Connection Pool Initialized Successfully.","metadata":{},"environment":"production"}
{"timestamp":"2026-08-22T21:49:08.544Z","level":"INFO","category":"DatabaseManager","message":"✅ PostgreSQL Connection Pool Initialized Successfully.","metadata":{},"environment":"production"}
{"timestamp":"2026-08-22T21:50:29.486Z","level":"INFO","category":"DatabaseManager","message":"✅ PostgreSQL Connection Pool Initialized Successfully.","metadata":{},"environment":"production"}
{"timestamp":"2026-08-22T21:54:05.553Z","level":"INFO","category":"DatabaseManager","message":"✅ PostgreSQL Connection Pool Initialized Successfully.","metadata":{},"environment":"production"}
{"timestamp":"2026-08-22T21:57:45.391Z","level":"INFO","category":"DatabaseManager","message":"✅ PostgreSQL Connection Pool Initialized Successfully.","metadata":{},"environment":"production"}
{"timestamp":"2026-08-22T21:59:43.414Z","level":"INFO","category":"DatabaseManager","message":"✅ PostgreSQL Connection Pool Initialized Successfully.","metadata":{},"environment":"production"}
{"timestamp":"2026-08-22T22:02:09.434Z","level":"INFO","category":"DatabaseManager","message":"✅ PostgreSQL Connection Pool Initialized Successfully.","metadata":{},"environment":"production"}
{"timestamp":"2026-08-22T22:05:47.777Z","level":"INFO","category":"DatabaseManager","message":"✅ PostgreSQL Connection Pool Initialized Successfully.","metadata":{},"environment":"production"}
{"timestamp":"2026-08-23T05:43:28.696Z","level":"INFO","category":"DatabaseManager","message":"✅ PostgreSQL Connection Pool Initialized Successfully.","metadata":{},"environment":"production"}
{"timestamp":"2026-08-23T05:47:39.625Z","level":"INFO","category":"DatabaseManager","message":"✅ PostgreSQL Connection Pool Initialized Successfully.","metadata":{},"environment":"production"}
{"timestamp":"2026-08-23T11:02:24.825Z","level":"INFO","category":"DatabaseManager","message":"✅ PostgreSQL Connection Pool Initialized Successfully.","metadata":{},"environment":"production"}
{"timestamp":"2026-08-23T11:09:40.701Z","level":"WARN","category":"DatabaseManager","message":"dbRun error: relation \"system_lookups\" does not exist (SQL: INSERT INTO system_lookups (id, [group], code, valueAr, sortOrder, isActive) VALUES (?, ?, ?, ?, ?, ?))","metadata":{},"environment":"production"}
{"timestamp":"2026-08-23T11:09:42.340Z","level":"WARN","category":"DatabaseManager","message":"dbRun error: relation \"system_lookups\" does not exist (SQL: INSERT INTO system_lookups (id, [group], code, valueAr, sortOrder, isActive) VALUES (?, ?, ?, ?, ?, ?))","metadata":{},"environment":"production"}
{"timestamp":"2026-08-23T11:09:47.218Z","level":"WARN","category":"DatabaseManager","message":"dbRun error: relation \"system_lookups\" does not exist (SQL: INSERT INTO system_lookups (id, [group], code, valueAr, sortOrder, isActive) VALUES (?, ?, ?, ?, ?, ?))","metadata":{},"environment":"production"}
{"timestamp":"2026-08-23T11:11:27.064Z","level":"INFO","category":"DatabaseManager","message":"✅ PostgreSQL Connection Pool Initialized Successfully.","metadata":{},"environment":"production"}
{"timestamp":"2026-08-23T11:28:58.961Z","level":"INFO","category":"DatabaseManager","message":"✅ PostgreSQL Connection Pool Initialized Successfully.","metadata":{},"environment":"production"}
{"timestamp":"2026-08-23T11:50:04.539Z","level":"INFO","category":"DatabaseManager","message":"✅ PostgreSQL Connection Pool Initialized Successfully.","metadata":{},"environment":"production"}
{"timestamp":"2026-08-24T15:48:58.889Z","level":"INFO","category":"DatabaseManager","message":"✅ PostgreSQL Connection Pool Initialized Successfully.","metadata":{},"environment":"production"}
{"timestamp":"2026-08-24T15:53:53.421Z","level":"INFO","category":"DatabaseManager","message":"✅ PostgreSQL Connection Pool Initialized Successfully.","metadata":{},"environment":"production"}
{"timestamp":"2026-08-24T15:56:23.397Z","level":"INFO","category":"DatabaseManager","message":"✅ PostgreSQL Connection Pool Initialized Successfully.","metadata":{},"environment":"production"}
{"timestamp":"2026-08-24T15:59:12.611Z","level":"INFO","category":"DatabaseManager","message":"✅ PostgreSQL Connection Pool Initialized Successfully.","metadata":{},"environment":"production"}
{"timestamp":"2026-08-24T15:59:44.116Z","level":"INFO","category":"DatabaseManager","message":"✅ PostgreSQL Connection Pool Initialized Successfully.","metadata":{},"environment":"production"}
{"timestamp":"2026-08-24T16:01:18.426Z","level":"INFO","category":"DatabaseManager","message":"✅ PostgreSQL Connection Pool Initialized Successfully.","metadata":{},"environment":"production"}
{"timestamp":"2026-08-24T16:03:49.112Z","level":"INFO","category":"DatabaseManager","message":"✅ PostgreSQL Connection Pool Initialized Successfully.","metadata":{},"environment":"production"}
{"timestamp":"2026-08-24T16:06:56.590Z","level":"INFO","category":"DatabaseManager","message":"✅ PostgreSQL Connection Pool Initialized Successfully.","metadata":{},"environment":"production"}
{"timestamp":"2026-08-24T16:10:01.572Z","level":"INFO","category":"DatabaseManager","message":"✅ PostgreSQL Connection Pool Initialized Successfully.","metadata":{},"environment":"production"}
{"timestamp":"2026-08-24T16:10:18.791Z","level":"INFO","category":"DatabaseManager","message":"✅ PostgreSQL Connection Pool Initialized Successfully.","metadata":{},"environment":"production"}
{"timestamp":"2026-08-24T16:14:46.502Z","level":"INFO","category":"DatabaseManager","message":"✅ PostgreSQL Connection Pool Initialized Successfully.","metadata":{},"environment":"production"}
{"timestamp":"2026-08-24T16:15:01.095Z","level":"INFO","category":"DatabaseManager","message":"✅ PostgreSQL Connection Pool Initialized Successfully.","metadata":{},"environment":"production"}
{"timestamp":"2026-08-24T16:15:21.635Z","level":"INFO","category":"DatabaseManager","message":"✅ PostgreSQL Connection Pool Initialized Successfully.","metadata":{},"environment":"production"}
{"timestamp":"2026-08-24T16:15:31.062Z","level":"INFO","category":"DatabaseManager","message":"✅ PostgreSQL Connection Pool Initialized Successfully.","metadata":{},"environment":"production"}
{"timestamp":"2026-08-24T16:19:01.901Z","level":"INFO","category":"DatabaseManager","message":"✅ PostgreSQL Connection Pool Initialized Successfully.","metadata":{},"environment":"production"}
{"timestamp":"2026-08-24T16:19:13.351Z","level":"WARN","category":"DatabaseManager","message":"PostgreSQL query failed: column \"estimatedCost\" does not exist (SQL: \n            SELECT count(*) as total,\n                   count(*) filter (where status ILIKE '%قيد%' or status ILIKE '%جاري%' or status ILIKE '%مستمر%') as active,\n                   COALESCE(SUM(COALESCE(NULLIF(regexp_replace(\"estimatedCost\"::text, '[^0-9.]', '', 'g'), '')::numeric, 0)), 0) as budget\n            FROM tenders\n          )","metadata":{},"environment":"production"}
{"timestamp":"2026-08-24T16:19:13.816Z","level":"INFO","category":"DatabaseManager","message":"✅ PostgreSQL Connection Pool Initialized Successfully.","metadata":{},"environment":"production"}
{"timestamp":"2026-08-24T16:19:14.163Z","level":"WARN","category":"DatabaseManager","message":"PostgreSQL query failed: column \"estimatedCost\" does not exist (SQL: \n            SELECT count(*) as total,\n                   count(*) filter (where status ILIKE '%قيد%' or status ILIKE '%جاري%' or status ILIKE '%مستمر%') as active,\n                   COALESCE(SUM(COALESCE(NULLIF(regexp_replace(\"estimatedCost\"::text, '[^0-9.]', '', 'g'), '')::numeric, 0)), 0) as budget\n            FROM tenders\n          )","metadata":{},"environment":"production"}
{"timestamp":"2026-08-24T16:19:15.796Z","level":"WARN","category":"DatabaseManager","message":"PostgreSQL query failed: column \"estimatedCost\" does not exist (SQL: \n            SELECT count(*) as total,\n                   count(*) filter (where status ILIKE '%قيد%' or status ILIKE '%جاري%' or status ILIKE '%مستمر%') as active,\n                   COALESCE(SUM(COALESCE(NULLIF(regexp_replace(\"estimatedCost\"::text, '[^0-9.]', '', 'g'), '')::numeric, 0)), 0) as budget\n            FROM tenders\n          )","metadata":{},"environment":"production"}
{"timestamp":"2026-08-24T16:19:40.874Z","level":"WARN","category":"DatabaseManager","message":"PostgreSQL query failed: column \"estimatedCost\" does not exist (SQL: \n            SELECT count(*) as total,\n                   count(*) filter (where status ILIKE '%قيد%' or status ILIKE '%جاري%' or status ILIKE '%مستمر%') as active,\n                   COALESCE(SUM(COALESCE(NULLIF(regexp_replace(\"estimatedCost\"::text, '[^0-9.]', '', 'g'), '')::numeric, 0)), 0) as budget\n            FROM tenders\n          )","metadata":{},"environment":"production"}
{"timestamp":"2026-08-24T16:20:06.470Z","level":"WARN","category":"DatabaseManager","message":"PostgreSQL query failed: column \"estimatedCost\" does not exist (SQL: \n            SELECT count(*) as total,\n                   count(*) filter (where status ILIKE '%قيد%' or status ILIKE '%جاري%' or status ILIKE '%مستمر%') as active,\n                   COALESCE(SUM(COALESCE(NULLIF(regexp_replace(\"estimatedCost\"::text, '[^0-9.]', '', 'g'), '')::numeric, 0)), 0) as budget\n            FROM tenders\n          )","metadata":{},"environment":"production"}
{"timestamp":"2026-08-24T16:20:31.472Z","level":"WARN","category":"DatabaseManager","message":"PostgreSQL query failed: column \"estimatedCost\" does not exist (SQL: \n            SELECT count(*) as total,\n                   count(*) filter (where status ILIKE '%قيد%' or status ILIKE '%جاري%' or status ILIKE '%مستمر%') as active,\n                   COALESCE(SUM(COALESCE(NULLIF(regexp_replace(\"estimatedCost\"::text, '[^0-9.]', '', 'g'), '')::numeric, 0)), 0) as budget\n            FROM tenders\n          )","metadata":{},"environment":"production"}
{"timestamp":"2026-08-24T16:20:55.764Z","level":"WARN","category":"DatabaseManager","message":"PostgreSQL query failed: column \"estimatedCost\" does not exist (SQL: \n            SELECT count(*) as total,\n                   count(*) filter (where status ILIKE '%قيد%' or status ILIKE '%جاري%' or status ILIKE '%مستمر%') as active,\n                   COALESCE(SUM(COALESCE(NULLIF(regexp_replace(\"estimatedCost\"::text, '[^0-9.]', '', 'g'), '')::numeric, 0)), 0) as budget\n            FROM tenders\n          )","metadata":{},"environment":"production"}
{"timestamp":"2026-08-24T16:20:58.154Z","level":"WARN","category":"DatabaseManager","message":"PostgreSQL query failed: column \"estimatedCost\" does not exist (SQL: \n            SELECT count(*) as total,\n                   count(*) filter (where status ILIKE '%قيد%' or status ILIKE '%جاري%' or status ILIKE '%مستمر%') as active,\n                   COALESCE(SUM(COALESCE(NULLIF(regexp_replace(\"estimatedCost\"::text, '[^0-9.]', '', 'g'), '')::numeric, 0)), 0) as budget\n            FROM tenders\n          )","metadata":{},"environment":"production"}
{"timestamp":"2026-08-24T16:21:22.990Z","level":"WARN","category":"DatabaseManager","message":"PostgreSQL query failed: column \"estimatedCost\" does not exist (SQL: \n            SELECT count(*) as total,\n                   count(*) filter (where status ILIKE '%قيد%' or status ILIKE '%جاري%' or status ILIKE '%مستمر%') as active,\n                   COALESCE(SUM(COALESCE(NULLIF(regexp_replace(\"estimatedCost\"::text, '[^0-9.]', '', 'g'), '')::numeric, 0)), 0) as budget\n            FROM tenders\n          )","metadata":{},"environment":"production"}
{"timestamp":"2026-08-24T16:21:47.991Z","level":"WARN","category":"DatabaseManager","message":"PostgreSQL query failed: column \"estimatedCost\" does not exist (SQL: \n            SELECT count(*) as total,\n                   count(*) filter (where status ILIKE '%قيد%' or status ILIKE '%جاري%' or status ILIKE '%مستمر%') as active,\n                   COALESCE(SUM(COALESCE(NULLIF(regexp_replace(\"estimatedCost\"::text, '[^0-9.]', '', 'g'), '')::numeric, 0)), 0) as budget\n            FROM tenders\n          )","metadata":{},"environment":"production"}
{"timestamp":"2026-08-24T16:22:13.467Z","level":"WARN","category":"DatabaseManager","message":"PostgreSQL query failed: column \"estimatedCost\" does not exist (SQL: \n            SELECT count(*) as total,\n                   count(*) filter (where status ILIKE '%قيد%' or status ILIKE '%جاري%' or status ILIKE '%مستمر%') as active,\n                   COALESCE(SUM(COALESCE(NULLIF(regexp_replace(\"estimatedCost\"::text, '[^0-9.]', '', 'g'), '')::numeric, 0)), 0) as budget\n            FROM tenders\n          )","metadata":{},"environment":"production"}
{"timestamp":"2026-08-24T16:22:45.145Z","level":"INFO","category":"DatabaseManager","message":"✅ PostgreSQL Connection Pool Initialized Successfully.","metadata":{},"environment":"production"}
{"timestamp":"2026-08-24T16:22:57.878Z","level":"WARN","category":"DatabaseManager","message":"dbRun error: column \"updatedAt\" of relation \"org_units\" does not exist (SQL: UPDATE org_units SET name = COALESCE($1, name), \"parentId\" = $2, type = COALESCE($3, type), description = COALESCE($4, description), \"updatedAt\" = NOW() WHERE id = $5)","metadata":{},"environment":"production"}
{"timestamp":"2026-08-24T16:22:57.899Z","level":"INFO","category":"DatabaseManager","message":"✅ PostgreSQL Connection Pool Initialized Successfully.","metadata":{},"environment":"production"}
{"timestamp":"2026-08-24T16:22:57.905Z","level":"WARN","category":"DatabaseManager","message":"dbRun error: null value in column \"role_id\" of relation \"role_permissions\" violates not-null constraint (SQL: INSERT INTO role_permissions (\"roleId\", \"permissionId\") VALUES ($1, $2))","metadata":{},"environment":"production"}
{"timestamp":"2026-08-24T16:23:11.144Z","level":"WARN","category":"DatabaseManager","message":"dbRun error: column \"updatedAt\" of relation \"org_units\" does not exist (SQL: UPDATE org_units SET name = COALESCE($1, name), \"parentId\" = $2, type = COALESCE($3, type), description = COALESCE($4, description), \"updatedAt\" = NOW() WHERE id = $5)","metadata":{},"environment":"production"}
{"timestamp":"2026-08-24T16:23:39.006Z","level":"INFO","category":"DatabaseManager","message":"✅ PostgreSQL Connection Pool Initialized Successfully.","metadata":{},"environment":"production"}
{"timestamp":"2026-08-24T16:23:46.669Z","level":"INFO","category":"DatabaseManager","message":"✅ PostgreSQL Connection Pool Initialized Successfully.","metadata":{},"environment":"production"}
{"timestamp":"2026-08-24T16:31:54.950Z","level":"INFO","category":"DatabaseManager","message":"✅ PostgreSQL Connection Pool Initialized Successfully.","metadata":{},"environment":"production"}
{"timestamp":"2026-08-24T16:32:02.862Z","level":"WARN","category":"DatabaseManager","message":"dbRun error: column \"contractor\" of relation \"claims\" does not exist (SQL: \n        INSERT INTO claims (\n          id, \"tenderId\", contractor, \"claimNumber\", \"claimType\", amount, value,\n          \"previousPayments\", \"completionPercentage\", \"retentionPercentage\",\n          \"advanceDeduction\", \"taxDeduction\", \"otherDeductions\", \"netPayable\",\n          status, \"submissionDate\", notes, \"attachmentPath\", \"createdAt\", \"updatedAt\"\n        ) VALUES (\n          $1, $2, $3, $4, $5, $6, $7, $8, $9, $10,\n          $11, $12, $13, $14, $15, $16, $17, $18, NOW(), NOW()\n        )\n      )","metadata":{},"environment":"production"}
{"timestamp":"2026-08-24T16:32:02.904Z","level":"INFO","category":"DatabaseManager","message":"✅ PostgreSQL Connection Pool Initialized Successfully.","metadata":{},"environment":"production"}
{"timestamp":"2026-08-24T16:32:37.152Z","level":"INFO","category":"DatabaseManager","message":"✅ PostgreSQL Connection Pool Initialized Successfully.","metadata":{},"environment":"production"}
{"timestamp":"2026-08-24T16:32:47.321Z","level":"INFO","category":"DatabaseManager","message":"✅ PostgreSQL Connection Pool Initialized Successfully.","metadata":{},"environment":"production"}
{"timestamp":"2026-08-24T16:54:54.436Z","level":"INFO","category":"DatabaseManager","message":"✅ PostgreSQL Connection Pool Initialized Successfully.","metadata":{},"environment":"production"}
{"timestamp":"2026-08-24T16:55:02.490Z","level":"INFO","category":"DatabaseManager","message":"✅ PostgreSQL Connection Pool Initialized Successfully.","metadata":{},"environment":"production"}
{"timestamp":"2026-08-24T16:57:15.118Z","level":"INFO","category":"DatabaseManager","message":"✅ PostgreSQL Connection Pool Initialized Successfully.","metadata":{},"environment":"production"}
{"timestamp":"2026-08-24T16:57:23.409Z","level":"INFO","category":"DatabaseManager","message":"✅ PostgreSQL Connection Pool Initialized Successfully.","metadata":{},"environment":"production"}
{"timestamp":"2026-08-24T16:57:23.536Z","level":"WARN","category":"DatabaseManager","message":"dbRun error: column \"relatedTenderId\" of relation \"tasks\" does not exist (SQL: \n        INSERT INTO tasks (\n          id, title, description, \"assignedTo\", priority, \"dueDate\",\n          \"relatedTenderId\", status, notes, \"createdBy\", \"createdAt\", \"updatedAt\"\n        ) VALUES (\n          $1, $2, $3, $4, $5, $6, $7, $8, $9, $10, NOW(), NOW()\n        )\n      )","metadata":{},"environment":"production"}
{"timestamp":"2026-08-24T16:57:23.541Z","level":"WARN","category":"DatabaseManager","message":"dbRun error: column \"completionNotes\" of relation \"tasks\" does not exist (SQL: \n          UPDATE tasks SET\n            \"completionNotes\" = $1,\n            status = 'تم الكشف الميداني',\n            \"updatedAt\" = NOW()\n          WHERE id = $2\n        )","metadata":{},"environment":"production"}
{"timestamp":"2026-08-24T16:57:23.552Z","level":"WARN","category":"DatabaseManager","message":"PostgreSQL query failed: column \"completionNotes\" does not exist (SQL: SELECT id, title, \"assignedTo\", status, \"completionNotes\", \"updatedAt\" FROM tasks WHERE status ILIKE '%كشف%' OR \"completionNotes\" IS NOT NULL ORDER BY \"updatedAt\" DESC LIMIT 50)","metadata":{},"environment":"production"}
{"timestamp":"2026-08-24T16:57:44.335Z","level":"INFO","category":"DatabaseManager","message":"✅ PostgreSQL Connection Pool Initialized Successfully.","metadata":{},"environment":"production"}
{"timestamp":"2026-08-24T16:57:50.772Z","level":"INFO","category":"DatabaseManager","message":"✅ PostgreSQL Connection Pool Initialized Successfully.","metadata":{},"environment":"production"}
{"timestamp":"2026-08-24T16:58:58.402Z","level":"INFO","category":"DatabaseManager","message":"✅ PostgreSQL Connection Pool Initialized Successfully.","metadata":{},"environment":"production"}
{"timestamp":"2026-08-24T16:59:04.862Z","level":"INFO","category":"DatabaseManager","message":"✅ PostgreSQL Connection Pool Initialized Successfully.","metadata":{},"environment":"production"}
{"timestamp":"2026-08-24T17:00:33.272Z","level":"INFO","category":"DatabaseManager","message":"✅ PostgreSQL Connection Pool Initialized Successfully.","metadata":{},"environment":"production"}
{"timestamp":"2026-08-24T17:00:38.928Z","level":"INFO","category":"DatabaseManager","message":"✅ PostgreSQL Connection Pool Initialized Successfully.","metadata":{},"environment":"production"}
{"timestamp":"2026-08-24T17:00:58.606Z","level":"INFO","category":"DatabaseManager","message":"✅ PostgreSQL Connection Pool Initialized Successfully.","metadata":{},"environment":"production"}
{"timestamp":"2026-08-24T17:01:04.731Z","level":"INFO","category":"DatabaseManager","message":"✅ PostgreSQL Connection Pool Initialized Successfully.","metadata":{},"environment":"production"}
{"timestamp":"2026-08-24T17:33:42.672Z","level":"INFO","category":"DatabaseManager","message":"✅ PostgreSQL Connection Pool Initialized Successfully.","metadata":{},"environment":"production"}
{"timestamp":"2026-08-24T17:33:49.224Z","level":"INFO","category":"DatabaseManager","message":"✅ PostgreSQL Connection Pool Initialized Successfully.","metadata":{},"environment":"production"}
{"timestamp":"2026-08-24T17:36:37.930Z","level":"INFO","category":"DatabaseManager","message":"✅ PostgreSQL Connection Pool Initialized Successfully.","metadata":{},"environment":"production"}
{"timestamp":"2026-08-24T17:36:47.324Z","level":"INFO","category":"DatabaseManager","message":"✅ PostgreSQL Connection Pool Initialized Successfully.","metadata":{},"environment":"production"}
{"timestamp":"2026-08-24T17:38:23.076Z","level":"INFO","category":"DatabaseManager","message":"✅ PostgreSQL Connection Pool Initialized Successfully.","metadata":{},"environment":"production"}
{"timestamp":"2026-08-24T17:39:46.768Z","level":"INFO","category":"DatabaseManager","message":"✅ PostgreSQL Connection Pool Initialized Successfully.","metadata":{},"environment":"production"}
{"timestamp":"2026-08-24T18:21:11.911Z","level":"INFO","category":"DatabaseManager","message":"✅ PostgreSQL Connection Pool Initialized Successfully.","metadata":{},"environment":"production"}
{"timestamp":"2026-08-24T18:21:24.880Z","level":"INFO","category":"DatabaseManager","message":"✅ PostgreSQL Connection Pool Initialized Successfully.","metadata":{},"environment":"production"}
{"timestamp":"2026-08-24T18:21:24.928Z","level":"WARN","category":"DatabaseManager","message":"dbRun error: insert or update on table \"claims\" violates foreign key constraint \"claims_tenderId_fkey\" (SQL: \n        INSERT INTO claims (\n          id, \"tenderId\", claimant, contractor, \"claimNumber\", \"claimType\", type, amount, value,\n          \"previousPayments\", \"completionPercentage\", \"retentionPercentage\",\n          \"advanceDeduction\", \"taxDeduction\", \"otherDeductions\", \"netPayable\", deduction,\n          status, \"submissionDate\", notes, \"attachmentPath\", \"createdAt\", \"updatedAt\"\n        ) VALUES (\n          $1, $2, $3, $4, $5, $6, $7, $8, $9, $10,\n          $11, $12, $13, $14, $15, $16, $17, $18, $19, $20,\n          $21, NOW(), NOW()\n        )\n      )","metadata":{},"environment":"production"}
{"timestamp":"2026-08-24T18:21:44.471Z","level":"INFO","category":"DatabaseManager","message":"✅ PostgreSQL Connection Pool Initialized Successfully.","metadata":{},"environment":"production"}
{"timestamp":"2026-08-24T18:23:08.558Z","level":"INFO","category":"DatabaseManager","message":"✅ PostgreSQL Connection Pool Initialized Successfully.","metadata":{},"environment":"production"}
{"timestamp":"2026-08-24T18:23:21.307Z","level":"INFO","category":"DatabaseManager","message":"✅ PostgreSQL Connection Pool Initialized Successfully.","metadata":{},"environment":"production"}
{"timestamp":"2026-08-24T18:23:29.108Z","level":"INFO","category":"DatabaseManager","message":"✅ PostgreSQL Connection Pool Initialized Successfully.","metadata":{},"environment":"production"}
{"timestamp":"2026-08-24T18:29:24.714Z","level":"WARN","category":"DatabaseManager","message":"dbRun error: value too long for type character varying(255) (SQL: \n        INSERT INTO system_identity (\n          id, app_title, municipality_name, directorate_name, primary_color, secondary_color,\n          accent_color, background_color, border_radius_px, dark_mode_enabled,\n          header_logo_b64, logo_path, watermark_text, watermark_logo_b64,\n          contact_phone, contact_email, fiscal_year, currency, custom_css, updated_at\n        ) VALUES (\n          1, $1, $2, $3, $4, $5, $6, $7, $8, $9, $10, $11, $12, $13, $14, $15, $16, $17, $18, NOW()\n        )\n        ON CONFLICT (id) DO UPDATE SET\n          app_title = EXCLUDED.app_title,\n          municipality_name = EXCLUDED.municipality_name,\n          directorate_name = EXCLUDED.directorate_name,\n          primary_color = EXCLUDED.primary_color,\n          secondary_color = EXCLUDED.secondary_color,\n          accent_color = EXCLUDED.accent_color,\n          background_color = EXCLUDED.background_color,\n          border_radius_px = EXCLUDED.border_radius_px,\n          dark_mode_enabled = EXCLUDED.dark_mode_enabled,\n          header_logo_b64 = EXCLUDED.header_logo_b64,\n          logo_path = EXCLUDED.logo_path,\n          watermark_text = EXCLUDED.watermark_text,\n          watermark_logo_b64 = EXCLUDED.watermark_logo_b64,\n          contact_phone = EXCLUDED.contact_phone,\n          contact_email = EXCLUDED.contact_email,\n          fiscal_year = EXCLUDED.fiscal_year,\n          currency = EXCLUDED.currency,\n          custom_css = EXCLUDED.custom_css,\n          updated_at = NOW();\n      )","metadata":{},"environment":"production"}
{"timestamp":"2026-08-24T18:29:46.958Z","level":"WARN","category":"DatabaseManager","message":"dbRun error: value too long for type character varying(255) (SQL: \n        INSERT INTO system_identity (\n          id, app_title, municipality_name, directorate_name, primary_color, secondary_color,\n          accent_color, background_color, border_radius_px, dark_mode_enabled,\n          header_logo_b64, logo_path, watermark_text, watermark_logo_b64,\n          contact_phone, contact_email, fiscal_year, currency, custom_css, updated_at\n        ) VALUES (\n          1, $1, $2, $3, $4, $5, $6, $7, $8, $9, $10, $11, $12, $13, $14, $15, $16, $17, $18, NOW()\n        )\n        ON CONFLICT (id) DO UPDATE SET\n          app_title = EXCLUDED.app_title,\n          municipality_name = EXCLUDED.municipality_name,\n          directorate_name = EXCLUDED.directorate_name,\n          primary_color = EXCLUDED.primary_color,\n          secondary_color = EXCLUDED.secondary_color,\n          accent_color = EXCLUDED.accent_color,\n          background_color = EXCLUDED.background_color,\n          border_radius_px = EXCLUDED.border_radius_px,\n          dark_mode_enabled = EXCLUDED.dark_mode_enabled,\n          header_logo_b64 = EXCLUDED.header_logo_b64,\n          logo_path = EXCLUDED.logo_path,\n          watermark_text = EXCLUDED.watermark_text,\n          watermark_logo_b64 = EXCLUDED.watermark_logo_b64,\n          contact_phone = EXCLUDED.contact_phone,\n          contact_email = EXCLUDED.contact_email,\n          fiscal_year = EXCLUDED.fiscal_year,\n          currency = EXCLUDED.currency,\n          custom_css = EXCLUDED.custom_css,\n          updated_at = NOW();\n      )","metadata":{},"environment":"production"}
{"timestamp":"2026-08-24T18:31:35.142Z","level":"INFO","category":"DatabaseManager","message":"✅ PostgreSQL Connection Pool Initialized Successfully.","metadata":{},"environment":"production"}
{"timestamp":"2026-08-24T18:31:50.049Z","level":"INFO","category":"DatabaseManager","message":"✅ PostgreSQL Connection Pool Initialized Successfully.","metadata":{},"environment":"production"}
{"timestamp":"2026-08-24T18:37:59.909Z","level":"INFO","category":"DatabaseManager","message":"✅ PostgreSQL Connection Pool Initialized Successfully.","metadata":{},"environment":"production"}
{"timestamp":"2026-08-24T18:45:50.145Z","level":"INFO","category":"DatabaseManager","message":"✅ PostgreSQL Connection Pool Initialized Successfully.","metadata":{},"environment":"production"}
{"timestamp":"2026-08-24T18:45:59.299Z","level":"INFO","category":"DatabaseManager","message":"✅ PostgreSQL Connection Pool Initialized Successfully.","metadata":{},"environment":"production"}
{"timestamp":"2026-08-24T18:53:48.177Z","level":"INFO","category":"DatabaseManager","message":"✅ PostgreSQL Connection Pool Initialized Successfully.","metadata":{},"environment":"production"}
{"timestamp":"2026-08-24T18:54:00.092Z","level":"INFO","category":"DatabaseManager","message":"✅ PostgreSQL Connection Pool Initialized Successfully.","metadata":{},"environment":"production"}
{"timestamp":"2026-08-24T18:56:55.617Z","level":"INFO","category":"DatabaseManager","message":"✅ PostgreSQL Connection Pool Initialized Successfully.","metadata":{},"environment":"production"}
{"timestamp":"2026-08-24T19:15:46.629Z","level":"INFO","category":"DatabaseManager","message":"✅ PostgreSQL Connection Pool Initialized Successfully.","metadata":{},"environment":"production"}
{"timestamp":"2026-08-24T19:22:43.949Z","level":"INFO","category":"DatabaseManager","message":"✅ PostgreSQL Connection Pool Initialized Successfully.","metadata":{},"environment":"production"}
{"timestamp":"2026-08-24T19:22:54.381Z","level":"INFO","category":"DatabaseManager","message":"✅ PostgreSQL Connection Pool Initialized Successfully.","metadata":{},"environment":"production"}
{"timestamp":"2026-08-24T19:22:54.499Z","level":"WARN","category":"DatabaseManager","message":"PostgreSQL query failed: column \"applicantName\" does not exist (SQL: SELECT id, \"applicantName\" as title, \"contractor\" as entity, \"insuranceAmount\" as amount, status, \"createdAt\" FROM excavation_permits ORDER BY \"createdAt\" DESC LIMIT 10)","metadata":{},"environment":"production"}
{"timestamp":"2026-08-24T19:22:54.499Z","level":"WARN","category":"DatabaseManager","message":"PostgreSQL query failed: column \"contractor\" does not exist (SQL: SELECT id, title, contractor as entity, \"contractValue\" as amount, status, \"createdAt\" FROM contracts ORDER BY \"createdAt\" DESC LIMIT 10)","metadata":{},"environment":"production"}
{"timestamp":"2026-08-24T19:22:54.500Z","level":"WARN","category":"DatabaseManager","message":"PostgreSQL query failed: column \"guaranteeNumber\" does not exist (SQL: SELECT id, \"guaranteeNumber\" as title, \"bankName\" as entity, amount, status, \"createdAt\" FROM bank_guarantees ORDER BY \"createdAt\" DESC LIMIT 10)","metadata":{},"environment":"production"}
{"timestamp":"2026-08-24T19:22:54.501Z","level":"WARN","category":"DatabaseManager","message":"PostgreSQL query failed: column \"citizenName\" does not exist (SQL: SELECT id, \"citizenName\" as title, \"pieceNumber\" as entity, \"amountDue\" as amount, status, \"createdAt\" FROM paving_returns ORDER BY \"createdAt\" DESC LIMIT 10)","metadata":{},"environment":"production"}
{"timestamp":"2026-08-24T19:22:54.517Z","level":"WARN","category":"DatabaseManager","message":"PostgreSQL query failed: column \"orderNumber\" does not exist (SQL: SELECT * FROM contract_variation_orders WHERE id = $1 OR \"orderNumber\" = $1)","metadata":{},"environment":"production"}
{"timestamp":"2026-08-24T19:22:54.518Z","level":"WARN","category":"DatabaseManager","message":"PostgreSQL query failed: column \"guaranteeNumber\" does not exist (SQL: SELECT * FROM bank_guarantees WHERE id = $1 OR \"guaranteeNumber\" = $1)","metadata":{},"environment":"production"}
{"timestamp":"2026-08-24T19:22:54.520Z","level":"WARN","category":"DatabaseManager","message":"PostgreSQL query failed: column \"permitNumber\" does not exist (SQL: SELECT * FROM excavation_permits WHERE id = $1 OR \"permitNumber\" = $1)","metadata":{},"environment":"production"}
{"timestamp":"2026-08-24T19:22:54.532Z","level":"WARN","category":"DatabaseManager","message":"PostgreSQL query failed: column \"orderNumber\" does not exist (SQL: SELECT * FROM contract_variation_orders WHERE id = $1 OR \"orderNumber\" = $1)","metadata":{},"environment":"production"}
{"timestamp":"2026-08-24T19:22:54.533Z","level":"WARN","category":"DatabaseManager","message":"PostgreSQL query failed: column \"guaranteeNumber\" does not exist (SQL: SELECT * FROM bank_guarantees WHERE id = $1 OR \"guaranteeNumber\" = $1)","metadata":{},"environment":"production"}
{"timestamp":"2026-08-24T19:22:54.611Z","level":"WARN","category":"DatabaseManager","message":"PostgreSQL query failed: column \"permitNumber\" does not exist (SQL: SELECT * FROM excavation_permits WHERE id = $1 OR \"permitNumber\" = $1)","metadata":{},"environment":"production"}
{"timestamp":"2026-08-24T19:23:41.694Z","level":"INFO","category":"DatabaseManager","message":"✅ PostgreSQL Connection Pool Initialized Successfully.","metadata":{},"environment":"production"}
{"timestamp":"2026-08-24T19:23:47.984Z","level":"INFO","category":"DatabaseManager","message":"✅ PostgreSQL Connection Pool Initialized Successfully.","metadata":{},"environment":"production"}
{"timestamp":"2026-08-24T19:23:48.655Z","level":"WARN","category":"DatabaseManager","message":"PostgreSQL query failed: relation \"variation_orders\" does not exist (SQL: SELECT * FROM variation_orders WHERE id::text = $1)","metadata":{},"environment":"production"}
{"timestamp":"2026-08-24T19:23:48.669Z","level":"WARN","category":"DatabaseManager","message":"PostgreSQL query failed: relation \"committee_reports\" does not exist (SQL: SELECT * FROM committee_reports WHERE id::text = $1)","metadata":{},"environment":"production"}
{"timestamp":"2026-08-24T19:23:48.988Z","level":"WARN","category":"DatabaseManager","message":"PostgreSQL query failed: relation \"variation_orders\" does not exist (SQL: SELECT * FROM variation_orders WHERE id::text = $1)","metadata":{},"environment":"production"}
{"timestamp":"2026-08-24T19:23:49.005Z","level":"WARN","category":"DatabaseManager","message":"PostgreSQL query failed: relation \"committee_reports\" does not exist (SQL: SELECT * FROM committee_reports WHERE id::text = $1)","metadata":{},"environment":"production"}
{"timestamp":"2026-08-24T19:23:49.032Z","level":"WARN","category":"DatabaseManager","message":"PostgreSQL query failed: relation \"variation_orders\" does not exist (SQL: SELECT * FROM variation_orders WHERE id::text = $1)","metadata":{},"environment":"production"}
{"timestamp":"2026-08-24T19:23:49.041Z","level":"WARN","category":"DatabaseManager","message":"PostgreSQL query failed: relation \"committee_reports\" does not exist (SQL: SELECT * FROM committee_reports WHERE id::text = $1)","metadata":{},"environment":"production"}
{"timestamp":"2026-08-24T19:24:14.790Z","level":"WARN","category":"DatabaseManager","message":"PostgreSQL query failed: relation \"variation_orders\" does not exist (SQL: SELECT * FROM variation_orders WHERE id::text = $1)","metadata":{},"environment":"production"}
{"timestamp":"2026-08-24T19:24:14.830Z","level":"WARN","category":"DatabaseManager","message":"PostgreSQL query failed: relation \"committee_reports\" does not exist (SQL: SELECT * FROM committee_reports WHERE id::text = $1)","metadata":{},"environment":"production"}
{"timestamp":"2026-08-24T19:24:23.028Z","level":"WARN","category":"DatabaseManager","message":"PostgreSQL query failed: relation \"variation_orders\" does not exist (SQL: SELECT * FROM variation_orders WHERE id::text = $1)","metadata":{},"environment":"production"}
{"timestamp":"2026-08-24T19:24:23.047Z","level":"WARN","category":"DatabaseManager","message":"PostgreSQL query failed: relation \"committee_reports\" does not exist (SQL: SELECT * FROM committee_reports WHERE id::text = $1)","metadata":{},"environment":"production"}
{"timestamp":"2026-08-24T19:24:26.588Z","level":"WARN","category":"DatabaseManager","message":"PostgreSQL query failed: relation \"variation_orders\" does not exist (SQL: SELECT * FROM variation_orders WHERE id::text = $1)","metadata":{},"environment":"production"}
{"timestamp":"2026-08-24T19:24:26.616Z","level":"WARN","category":"DatabaseManager","message":"PostgreSQL query failed: relation \"committee_reports\" does not exist (SQL: SELECT * FROM committee_reports WHERE id::text = $1)","metadata":{},"environment":"production"}
{"timestamp":"2026-08-24T19:24:27.476Z","level":"WARN","category":"DatabaseManager","message":"PostgreSQL query failed: relation \"variation_orders\" does not exist (SQL: SELECT * FROM variation_orders WHERE id::text = $1)","metadata":{},"environment":"production"}
{"timestamp":"2026-08-24T19:24:27.498Z","level":"WARN","category":"DatabaseManager","message":"PostgreSQL query failed: relation \"committee_reports\" does not exist (SQL: SELECT * FROM committee_reports WHERE id::text = $1)","metadata":{},"environment":"production"}
{"timestamp":"2026-08-24T19:24:33.857Z","level":"WARN","category":"DatabaseManager","message":"PostgreSQL query failed: relation \"variation_orders\" does not exist (SQL: SELECT * FROM variation_orders WHERE id::text = $1)","metadata":{},"environment":"production"}
{"timestamp":"2026-08-24T19:24:33.885Z","level":"WARN","category":"DatabaseManager","message":"PostgreSQL query failed: relation \"committee_reports\" does not exist (SQL: SELECT * FROM committee_reports WHERE id::text = $1)","metadata":{},"environment":"production"}
{"timestamp":"2026-08-24T19:25:50.194Z","level":"INFO","category":"DatabaseManager","message":"✅ PostgreSQL Connection Pool Initialized Successfully.","metadata":{},"environment":"production"}
{"timestamp":"2026-08-24T19:25:50.498Z","level":"WARN","category":"DatabaseManager","message":"PostgreSQL query failed: relation \"variation_orders\" does not exist (SQL: SELECT * FROM variation_orders WHERE id::text = $1)","metadata":{},"environment":"production"}
{"timestamp":"2026-08-24T19:25:50.499Z","level":"WARN","category":"DatabaseManager","message":"PostgreSQL query failed: relation \"variation_orders\" does not exist (SQL: SELECT * FROM variation_orders WHERE id::text = $1)","metadata":{},"environment":"production"}
{"timestamp":"2026-08-24T19:25:50.582Z","level":"WARN","category":"DatabaseManager","message":"PostgreSQL query failed: relation \"variation_orders\" does not exist (SQL: SELECT * FROM variation_orders WHERE id::text = $1)","metadata":{},"environment":"production"}
{"timestamp":"2026-08-24T19:25:50.588Z","level":"WARN","category":"DatabaseManager","message":"PostgreSQL query failed: relation \"variation_orders\" does not exist (SQL: SELECT * FROM variation_orders WHERE id::text = $1)","metadata":{},"environment":"production"}
{"timestamp":"2026-08-24T19:25:50.590Z","level":"WARN","category":"DatabaseManager","message":"PostgreSQL query failed: relation \"variation_orders\" does not exist (SQL: SELECT * FROM variation_orders WHERE id::text = $1)","metadata":{},"environment":"production"}
{"timestamp":"2026-08-24T19:25:50.647Z","level":"WARN","category":"DatabaseManager","message":"PostgreSQL query failed: relation \"variation_orders\" does not exist (SQL: SELECT * FROM variation_orders WHERE id::text = $1)","metadata":{},"environment":"production"}
{"timestamp":"2026-08-24T19:25:50.648Z","level":"WARN","category":"DatabaseManager","message":"PostgreSQL query failed: relation \"variation_orders\" does not exist (SQL: SELECT * FROM variation_orders WHERE id::text = $1)","metadata":{},"environment":"production"}
{"timestamp":"2026-08-24T19:25:50.650Z","level":"WARN","category":"DatabaseManager","message":"PostgreSQL query failed: relation \"variation_orders\" does not exist (SQL: SELECT * FROM variation_orders WHERE id::text = $1)","metadata":{},"environment":"production"}
{"timestamp":"2026-08-24T19:25:50.656Z","level":"WARN","category":"DatabaseManager","message":"PostgreSQL query failed: relation \"variation_orders\" does not exist (SQL: SELECT * FROM variation_orders WHERE id::text = $1)","metadata":{},"environment":"production"}
{"timestamp":"2026-08-24T19:25:50.695Z","level":"WARN","category":"DatabaseManager","message":"PostgreSQL query failed: relation \"variation_orders\" does not exist (SQL: SELECT * FROM variation_orders WHERE id::text = $1)","metadata":{},"environment":"production"}
{"timestamp":"2026-08-24T19:25:50.731Z","level":"WARN","category":"DatabaseManager","message":"PostgreSQL query failed: relation \"variation_orders\" does not exist (SQL: SELECT * FROM variation_orders WHERE id::text = $1)","metadata":{},"environment":"production"}
{"timestamp":"2026-08-24T19:25:50.771Z","level":"WARN","category":"DatabaseManager","message":"PostgreSQL query failed: relation \"variation_orders\" does not exist (SQL: SELECT * FROM variation_orders WHERE id::text = $1)","metadata":{},"environment":"production"}
{"timestamp":"2026-08-24T19:25:50.807Z","level":"WARN","category":"DatabaseManager","message":"PostgreSQL query failed: relation \"variation_orders\" does not exist (SQL: SELECT * FROM variation_orders WHERE id::text = $1)","metadata":{},"environment":"production"}
{"timestamp":"2026-08-24T19:25:50.843Z","level":"WARN","category":"DatabaseManager","message":"PostgreSQL query failed: relation \"variation_orders\" does not exist (SQL: SELECT * FROM variation_orders WHERE id::text = $1)","metadata":{},"environment":"production"}
{"timestamp":"2026-08-24T19:25:50.879Z","level":"WARN","category":"DatabaseManager","message":"PostgreSQL query failed: relation \"variation_orders\" does not exist (SQL: SELECT * FROM variation_orders WHERE id::text = $1)","metadata":{},"environment":"production"}
{"timestamp":"2026-08-24T19:25:50.914Z","level":"WARN","category":"DatabaseManager","message":"PostgreSQL query failed: relation \"variation_orders\" does not exist (SQL: SELECT * FROM variation_orders WHERE id::text = $1)","metadata":{},"environment":"production"}
{"timestamp":"2026-08-24T19:25:50.948Z","level":"WARN","category":"DatabaseManager","message":"PostgreSQL query failed: relation \"variation_orders\" does not exist (SQL: SELECT * FROM variation_orders WHERE id::text = $1)","metadata":{},"environment":"production"}
{"timestamp":"2026-08-24T19:25:50.987Z","level":"WARN","category":"DatabaseManager","message":"PostgreSQL query failed: relation \"variation_orders\" does not exist (SQL: SELECT * FROM variation_orders WHERE id::text = $1)","metadata":{},"environment":"production"}
{"timestamp":"2026-08-24T19:25:51.023Z","level":"WARN","category":"DatabaseManager","message":"PostgreSQL query failed: relation \"variation_orders\" does not exist (SQL: SELECT * FROM variation_orders WHERE id::text = $1)","metadata":{},"environment":"production"}
{"timestamp":"2026-08-24T19:25:51.057Z","level":"WARN","category":"DatabaseManager","message":"PostgreSQL query failed: relation \"variation_orders\" does not exist (SQL: SELECT * FROM variation_orders WHERE id::text = $1)","metadata":{},"environment":"production"}
{"timestamp":"2026-08-24T19:25:51.141Z","level":"WARN","category":"DatabaseManager","message":"PostgreSQL query failed: relation \"committee_reports\" does not exist (SQL: SELECT * FROM committee_reports WHERE id::text = $1)","metadata":{},"environment":"production"}
{"timestamp":"2026-08-24T19:25:51.175Z","level":"WARN","category":"DatabaseManager","message":"PostgreSQL query failed: relation \"committee_reports\" does not exist (SQL: SELECT * FROM committee_reports WHERE id::text = $1)","metadata":{},"environment":"production"}
{"timestamp":"2026-08-24T19:25:51.209Z","level":"WARN","category":"DatabaseManager","message":"PostgreSQL query failed: relation \"committee_reports\" does not exist (SQL: SELECT * FROM committee_reports WHERE id::text = $1)","metadata":{},"environment":"production"}
{"timestamp":"2026-08-24T19:25:51.241Z","level":"WARN","category":"DatabaseManager","message":"PostgreSQL query failed: relation \"committee_reports\" does not exist (SQL: SELECT * FROM committee_reports WHERE id::text = $1)","metadata":{},"environment":"production"}
{"timestamp":"2026-08-24T19:25:51.272Z","level":"WARN","category":"DatabaseManager","message":"PostgreSQL query failed: relation \"committee_reports\" does not exist (SQL: SELECT * FROM committee_reports WHERE id::text = $1)","metadata":{},"environment":"production"}
{"timestamp":"2026-08-24T19:25:51.307Z","level":"WARN","category":"DatabaseManager","message":"PostgreSQL query failed: relation \"committee_reports\" does not exist (SQL: SELECT * FROM committee_reports WHERE id::text = $1)","metadata":{},"environment":"production"}
{"timestamp":"2026-08-24T19:25:51.339Z","level":"WARN","category":"DatabaseManager","message":"PostgreSQL query failed: relation \"committee_reports\" does not exist (SQL: SELECT * FROM committee_reports WHERE id::text = $1)","metadata":{},"environment":"production"}
{"timestamp":"2026-08-24T19:25:51.371Z","level":"WARN","category":"DatabaseManager","message":"PostgreSQL query failed: relation \"committee_reports\" does not exist (SQL: SELECT * FROM committee_reports WHERE id::text = $1)","metadata":{},"environment":"production"}
{"timestamp":"2026-08-24T19:25:51.411Z","level":"WARN","category":"DatabaseManager","message":"PostgreSQL query failed: relation \"committee_reports\" does not exist (SQL: SELECT * FROM committee_reports WHERE id::text = $1)","metadata":{},"environment":"production"}
{"timestamp":"2026-08-24T19:25:51.448Z","level":"WARN","category":"DatabaseManager","message":"PostgreSQL query failed: relation \"committee_reports\" does not exist (SQL: SELECT * FROM committee_reports WHERE id::text = $1)","metadata":{},"environment":"production"}
{"timestamp":"2026-08-24T19:25:51.490Z","level":"WARN","category":"DatabaseManager","message":"PostgreSQL query failed: relation \"committee_reports\" does not exist (SQL: SELECT * FROM committee_reports WHERE id::text = $1)","metadata":{},"environment":"production"}
{"timestamp":"2026-08-24T19:25:51.524Z","level":"WARN","category":"DatabaseManager","message":"PostgreSQL query failed: relation \"committee_reports\" does not exist (SQL: SELECT * FROM committee_reports WHERE id::text = $1)","metadata":{},"environment":"production"}
{"timestamp":"2026-08-24T19:25:51.560Z","level":"WARN","category":"DatabaseManager","message":"PostgreSQL query failed: relation \"committee_reports\" does not exist (SQL: SELECT * FROM committee_reports WHERE id::text = $1)","metadata":{},"environment":"production"}
{"timestamp":"2026-08-24T19:25:51.607Z","level":"WARN","category":"DatabaseManager","message":"PostgreSQL query failed: relation \"committee_reports\" does not exist (SQL: SELECT * FROM committee_reports WHERE id::text = $1)","metadata":{},"environment":"production"}
{"timestamp":"2026-08-24T19:25:51.656Z","level":"WARN","category":"DatabaseManager","message":"PostgreSQL query failed: relation \"committee_reports\" does not exist (SQL: SELECT * FROM committee_reports WHERE id::text = $1)","metadata":{},"environment":"production"}
{"timestamp":"2026-08-24T19:25:51.808Z","level":"WARN","category":"DatabaseManager","message":"PostgreSQL query failed: relation \"committee_reports\" does not exist (SQL: SELECT * FROM committee_reports WHERE id::text = $1)","metadata":{},"environment":"production"}
{"timestamp":"2026-08-24T19:25:51.847Z","level":"WARN","category":"DatabaseManager","message":"PostgreSQL query failed: relation \"committee_reports\" does not exist (SQL: SELECT * FROM committee_reports WHERE id::text = $1)","metadata":{},"environment":"production"}
{"timestamp":"2026-08-24T19:25:51.887Z","level":"WARN","category":"DatabaseManager","message":"PostgreSQL query failed: relation \"committee_reports\" does not exist (SQL: SELECT * FROM committee_reports WHERE id::text = $1)","metadata":{},"environment":"production"}
{"timestamp":"2026-08-24T19:25:51.927Z","level":"WARN","category":"DatabaseManager","message":"PostgreSQL query failed: relation \"committee_reports\" does not exist (SQL: SELECT * FROM committee_reports WHERE id::text = $1)","metadata":{},"environment":"production"}
{"timestamp":"2026-08-24T19:25:51.964Z","level":"WARN","category":"DatabaseManager","message":"PostgreSQL query failed: relation \"committee_reports\" does not exist (SQL: SELECT * FROM committee_reports WHERE id::text = $1)","metadata":{},"environment":"production"}
{"timestamp":"2026-08-24T19:25:57.184Z","level":"WARN","category":"DatabaseManager","message":"PostgreSQL query failed: relation \"variation_orders\" does not exist (SQL: SELECT * FROM variation_orders WHERE id::text = $1)","metadata":{},"environment":"production"}
{"timestamp":"2026-08-24T19:25:57.186Z","level":"WARN","category":"DatabaseManager","message":"PostgreSQL query failed: relation \"variation_orders\" does not exist (SQL: SELECT * FROM variation_orders WHERE id::text = $1)","metadata":{},"environment":"production"}
{"timestamp":"2026-08-24T19:25:57.187Z","level":"WARN","category":"DatabaseManager","message":"PostgreSQL query failed: relation \"variation_orders\" does not exist (SQL: SELECT * FROM variation_orders WHERE id::text = $1)","metadata":{},"environment":"production"}
{"timestamp":"2026-08-24T19:25:57.188Z","level":"WARN","category":"DatabaseManager","message":"PostgreSQL query failed: relation \"variation_orders\" does not exist (SQL: SELECT * FROM variation_orders WHERE id::text = $1)","metadata":{},"environment":"production"}
{"timestamp":"2026-08-24T19:25:57.192Z","level":"WARN","category":"DatabaseManager","message":"PostgreSQL query failed: relation \"variation_orders\" does not exist (SQL: SELECT * FROM variation_orders WHERE id::text = $1)","metadata":{},"environment":"production"}
{"timestamp":"2026-08-24T19:25:57.196Z","level":"WARN","category":"DatabaseManager","message":"PostgreSQL query failed: relation \"variation_orders\" does not exist (SQL: SELECT * FROM variation_orders WHERE id::text = $1)","metadata":{},"environment":"production"}
{"timestamp":"2026-08-24T19:25:57.203Z","level":"WARN","category":"DatabaseManager","message":"PostgreSQL query failed: relation \"variation_orders\" does not exist (SQL: SELECT * FROM variation_orders WHERE id::text = $1)","metadata":{},"environment":"production"}
{"timestamp":"2026-08-24T19:25:57.205Z","level":"WARN","category":"DatabaseManager","message":"PostgreSQL query failed: relation \"variation_orders\" does not exist (SQL: SELECT * FROM variation_orders WHERE id::text = $1)","metadata":{},"environment":"production"}
{"timestamp":"2026-08-24T19:25:57.206Z","level":"WARN","category":"DatabaseManager","message":"PostgreSQL query failed: relation \"variation_orders\" does not exist (SQL: SELECT * FROM variation_orders WHERE id::text = $1)","metadata":{},"environment":"production"}
{"timestamp":"2026-08-24T19:25:57.208Z","level":"WARN","category":"DatabaseManager","message":"PostgreSQL query failed: relation \"variation_orders\" does not exist (SQL: SELECT * FROM variation_orders WHERE id::text = $1)","metadata":{},"environment":"production"}
{"timestamp":"2026-08-24T19:25:57.210Z","level":"WARN","category":"DatabaseManager","message":"PostgreSQL query failed: relation \"variation_orders\" does not exist (SQL: SELECT * FROM variation_orders WHERE id::text = $1)","metadata":{},"environment":"production"}
{"timestamp":"2026-08-24T19:25:57.211Z","level":"WARN","category":"DatabaseManager","message":"PostgreSQL query failed: relation \"variation_orders\" does not exist (SQL: SELECT * FROM variation_orders WHERE id::text = $1)","metadata":{},"environment":"production"}
{"timestamp":"2026-08-24T19:25:57.213Z","level":"WARN","category":"DatabaseManager","message":"PostgreSQL query failed: relation \"variation_orders\" does not exist (SQL: SELECT * FROM variation_orders WHERE id::text = $1)","metadata":{},"environment":"production"}
{"timestamp":"2026-08-24T19:25:57.255Z","level":"WARN","category":"DatabaseManager","message":"PostgreSQL query failed: relation \"variation_orders\" does not exist (SQL: SELECT * FROM variation_orders WHERE id::text = $1)","metadata":{},"environment":"production"}
{"timestamp":"2026-08-24T19:25:57.289Z","level":"WARN","category":"DatabaseManager","message":"PostgreSQL query failed: relation \"variation_orders\" does not exist (SQL: SELECT * FROM variation_orders WHERE id::text = $1)","metadata":{},"environment":"production"}
{"timestamp":"2026-08-24T19:25:57.324Z","level":"WARN","category":"DatabaseManager","message":"PostgreSQL query failed: relation \"variation_orders\" does not exist (SQL: SELECT * FROM variation_orders WHERE id::text = $1)","metadata":{},"environment":"production"}
{"timestamp":"2026-08-24T19:25:57.361Z","level":"WARN","category":"DatabaseManager","message":"PostgreSQL query failed: relation \"variation_orders\" does not exist (SQL: SELECT * FROM variation_orders WHERE id::text = $1)","metadata":{},"environment":"production"}
{"timestamp":"2026-08-24T19:25:57.395Z","level":"WARN","category":"DatabaseManager","message":"PostgreSQL query failed: relation \"variation_orders\" does not exist (SQL: SELECT * FROM variation_orders WHERE id::text = $1)","metadata":{},"environment":"production"}
{"timestamp":"2026-08-24T19:25:57.436Z","level":"WARN","category":"DatabaseManager","message":"PostgreSQL query failed: relation \"variation_orders\" does not exist (SQL: SELECT * FROM variation_orders WHERE id::text = $1)","metadata":{},"environment":"production"}
{"timestamp":"2026-08-24T19:25:57.472Z","level":"WARN","category":"DatabaseManager","message":"PostgreSQL query failed: relation \"variation_orders\" does not exist (SQL: SELECT * FROM variation_orders WHERE id::text = $1)","metadata":{},"environment":"production"}
{"timestamp":"2026-08-24T19:25:57.608Z","level":"WARN","category":"DatabaseManager","message":"PostgreSQL query failed: relation \"committee_reports\" does not exist (SQL: SELECT * FROM committee_reports WHERE id::text = $1)","metadata":{},"environment":"production"}
{"timestamp":"2026-08-24T19:25:57.647Z","level":"WARN","category":"DatabaseManager","message":"PostgreSQL query failed: relation \"committee_reports\" does not exist (SQL: SELECT * FROM committee_reports WHERE id::text = $1)","metadata":{},"environment":"production"}
{"timestamp":"2026-08-24T19:25:57.689Z","level":"WARN","category":"DatabaseManager","message":"PostgreSQL query failed: relation \"committee_reports\" does not exist (SQL: SELECT * FROM committee_reports WHERE id::text = $1)","metadata":{},"environment":"production"}
{"timestamp":"2026-08-24T19:25:57.730Z","level":"WARN","category":"DatabaseManager","message":"PostgreSQL query failed: relation \"committee_reports\" does not exist (SQL: SELECT * FROM committee_reports WHERE id::text = $1)","metadata":{},"environment":"production"}
{"timestamp":"2026-08-24T19:25:57.904Z","level":"WARN","category":"DatabaseManager","message":"PostgreSQL query failed: relation \"committee_reports\" does not exist (SQL: SELECT * FROM committee_reports WHERE id::text = $1)","metadata":{},"environment":"production"}
{"timestamp":"2026-08-24T19:25:57.957Z","level":"WARN","category":"DatabaseManager","message":"PostgreSQL query failed: relation \"committee_reports\" does not exist (SQL: SELECT * FROM committee_reports WHERE id::text = $1)","metadata":{},"environment":"production"}
{"timestamp":"2026-08-24T19:25:57.995Z","level":"WARN","category":"DatabaseManager","message":"PostgreSQL query failed: relation \"committee_reports\" does not exist (SQL: SELECT * FROM committee_reports WHERE id::text = $1)","metadata":{},"environment":"production"}
{"timestamp":"2026-08-24T19:25:58.030Z","level":"WARN","category":"DatabaseManager","message":"PostgreSQL query failed: relation \"committee_reports\" does not exist (SQL: SELECT * FROM committee_reports WHERE id::text = $1)","metadata":{},"environment":"production"}
{"timestamp":"2026-08-24T19:25:58.068Z","level":"WARN","category":"DatabaseManager","message":"PostgreSQL query failed: relation \"committee_reports\" does not exist (SQL: SELECT * FROM committee_reports WHERE id::text = $1)","metadata":{},"environment":"production"}
{"timestamp":"2026-08-24T19:25:58.104Z","level":"WARN","category":"DatabaseManager","message":"PostgreSQL query failed: relation \"committee_reports\" does not exist (SQL: SELECT * FROM committee_reports WHERE id::text = $1)","metadata":{},"environment":"production"}
{"timestamp":"2026-08-24T19:25:58.140Z","level":"WARN","category":"DatabaseManager","message":"PostgreSQL query failed: relation \"committee_reports\" does not exist (SQL: SELECT * FROM committee_reports WHERE id::text = $1)","metadata":{},"environment":"production"}
{"timestamp":"2026-08-24T19:25:58.177Z","level":"WARN","category":"DatabaseManager","message":"PostgreSQL query failed: relation \"committee_reports\" does not exist (SQL: SELECT * FROM committee_reports WHERE id::text = $1)","metadata":{},"environment":"production"}
{"timestamp":"2026-08-24T19:25:58.211Z","level":"WARN","category":"DatabaseManager","message":"PostgreSQL query failed: relation \"committee_reports\" does not exist (SQL: SELECT * FROM committee_reports WHERE id::text = $1)","metadata":{},"environment":"production"}
{"timestamp":"2026-08-24T19:25:58.247Z","level":"WARN","category":"DatabaseManager","message":"PostgreSQL query failed: relation \"committee_reports\" does not exist (SQL: SELECT * FROM committee_reports WHERE id::text = $1)","metadata":{},"environment":"production"}
{"timestamp":"2026-08-24T19:25:58.292Z","level":"WARN","category":"DatabaseManager","message":"PostgreSQL query failed: relation \"committee_reports\" does not exist (SQL: SELECT * FROM committee_reports WHERE id::text = $1)","metadata":{},"environment":"production"}
{"timestamp":"2026-08-24T19:25:58.326Z","level":"WARN","category":"DatabaseManager","message":"PostgreSQL query failed: relation \"committee_reports\" does not exist (SQL: SELECT * FROM committee_reports WHERE id::text = $1)","metadata":{},"environment":"production"}
{"timestamp":"2026-08-24T19:25:58.361Z","level":"WARN","category":"DatabaseManager","message":"PostgreSQL query failed: relation \"committee_reports\" does not exist (SQL: SELECT * FROM committee_reports WHERE id::text = $1)","metadata":{},"environment":"production"}
{"timestamp":"2026-08-24T19:25:58.396Z","level":"WARN","category":"DatabaseManager","message":"PostgreSQL query failed: relation \"committee_reports\" does not exist (SQL: SELECT * FROM committee_reports WHERE id::text = $1)","metadata":{},"environment":"production"}
{"timestamp":"2026-08-24T19:25:58.430Z","level":"WARN","category":"DatabaseManager","message":"PostgreSQL query failed: relation \"committee_reports\" does not exist (SQL: SELECT * FROM committee_reports WHERE id::text = $1)","metadata":{},"environment":"production"}
{"timestamp":"2026-08-24T19:25:58.470Z","level":"WARN","category":"DatabaseManager","message":"PostgreSQL query failed: relation \"committee_reports\" does not exist (SQL: SELECT * FROM committee_reports WHERE id::text = $1)","metadata":{},"environment":"production"}
{"timestamp":"2026-08-24T19:26:10.637Z","level":"INFO","category":"DatabaseManager","message":"✅ PostgreSQL Connection Pool Initialized Successfully.","metadata":{},"environment":"production"}
{"timestamp":"2026-08-24T19:26:11.893Z","level":"WARN","category":"DatabaseManager","message":"PostgreSQL query failed: relation \"variation_orders\" does not exist (SQL: SELECT * FROM variation_orders WHERE id::text = $1)","metadata":{},"environment":"production"}
{"timestamp":"2026-08-24T19:26:11.896Z","level":"WARN","category":"DatabaseManager","message":"PostgreSQL query failed: relation \"variation_orders\" does not exist (SQL: SELECT * FROM variation_orders WHERE id::text = $1)","metadata":{},"environment":"production"}
{"timestamp":"2026-08-24T19:26:11.898Z","level":"WARN","category":"DatabaseManager","message":"PostgreSQL query failed: relation \"variation_orders\" does not exist (SQL: SELECT * FROM variation_orders WHERE id::text = $1)","metadata":{},"environment":"production"}
{"timestamp":"2026-08-24T19:26:11.902Z","level":"WARN","category":"DatabaseManager","message":"PostgreSQL query failed: relation \"variation_orders\" does not exist (SQL: SELECT * FROM variation_orders WHERE id::text = $1)","metadata":{},"environment":"production"}
{"timestamp":"2026-08-24T19:26:11.903Z","level":"WARN","category":"DatabaseManager","message":"PostgreSQL query failed: relation \"variation_orders\" does not exist (SQL: SELECT * FROM variation_orders WHERE id::text = $1)","metadata":{},"environment":"production"}
{"timestamp":"2026-08-24T19:26:11.904Z","level":"WARN","category":"DatabaseManager","message":"PostgreSQL query failed: relation \"variation_orders\" does not exist (SQL: SELECT * FROM variation_orders WHERE id::text = $1)","metadata":{},"environment":"production"}
{"timestamp":"2026-08-24T19:26:11.906Z","level":"WARN","category":"DatabaseManager","message":"PostgreSQL query failed: relation \"variation_orders\" does not exist (SQL: SELECT * FROM variation_orders WHERE id::text = $1)","metadata":{},"environment":"production"}
{"timestamp":"2026-08-24T19:26:11.907Z","level":"WARN","category":"DatabaseManager","message":"PostgreSQL query failed: relation \"variation_orders\" does not exist (SQL: SELECT * FROM variation_orders WHERE id::text = $1)","metadata":{},"environment":"production"}
{"timestamp":"2026-08-24T19:26:11.908Z","level":"WARN","category":"DatabaseManager","message":"PostgreSQL query failed: relation \"variation_orders\" does not exist (SQL: SELECT * FROM variation_orders WHERE id::text = $1)","metadata":{},"environment":"production"}
{"timestamp":"2026-08-24T19:26:11.909Z","level":"WARN","category":"DatabaseManager","message":"PostgreSQL query failed: relation \"variation_orders\" does not exist (SQL: SELECT * FROM variation_orders WHERE id::text = $1)","metadata":{},"environment":"production"}
{"timestamp":"2026-08-24T19:26:11.912Z","level":"WARN","category":"DatabaseManager","message":"PostgreSQL query failed: relation \"variation_orders\" does not exist (SQL: SELECT * FROM variation_orders WHERE id::text = $1)","metadata":{},"environment":"production"}
{"timestamp":"2026-08-24T19:26:11.917Z","level":"WARN","category":"DatabaseManager","message":"PostgreSQL query failed: relation \"variation_orders\" does not exist (SQL: SELECT * FROM variation_orders WHERE id::text = $1)","metadata":{},"environment":"production"}
{"timestamp":"2026-08-24T19:26:11.924Z","level":"WARN","category":"DatabaseManager","message":"PostgreSQL query failed: relation \"variation_orders\" does not exist (SQL: SELECT * FROM variation_orders WHERE id::text = $1)","metadata":{},"environment":"production"}
{"timestamp":"2026-08-24T19:26:11.972Z","level":"WARN","category":"DatabaseManager","message":"PostgreSQL query failed: relation \"variation_orders\" does not exist (SQL: SELECT * FROM variation_orders WHERE id::text = $1)","metadata":{},"environment":"production"}
{"timestamp":"2026-08-24T19:26:12.013Z","level":"WARN","category":"DatabaseManager","message":"PostgreSQL query failed: relation \"variation_orders\" does not exist (SQL: SELECT * FROM variation_orders WHERE id::text = $1)","metadata":{},"environment":"production"}
{"timestamp":"2026-08-24T19:26:12.058Z","level":"WARN","category":"DatabaseManager","message":"PostgreSQL query failed: relation \"variation_orders\" does not exist (SQL: SELECT * FROM variation_orders WHERE id::text = $1)","metadata":{},"environment":"production"}
{"timestamp":"2026-08-24T19:26:12.211Z","level":"WARN","category":"DatabaseManager","message":"PostgreSQL query failed: relation \"variation_orders\" does not exist (SQL: SELECT * FROM variation_orders WHERE id::text = $1)","metadata":{},"environment":"production"}
{"timestamp":"2026-08-24T19:26:12.259Z","level":"WARN","category":"DatabaseManager","message":"PostgreSQL query failed: relation \"variation_orders\" does not exist (SQL: SELECT * FROM variation_orders WHERE id::text = $1)","metadata":{},"environment":"production"}
{"timestamp":"2026-08-24T19:26:12.304Z","level":"WARN","category":"DatabaseManager","message":"PostgreSQL query failed: relation \"variation_orders\" does not exist (SQL: SELECT * FROM variation_orders WHERE id::text = $1)","metadata":{},"environment":"production"}
{"timestamp":"2026-08-24T19:26:12.347Z","level":"WARN","category":"DatabaseManager","message":"PostgreSQL query failed: relation \"variation_orders\" does not exist (SQL: SELECT * FROM variation_orders WHERE id::text = $1)","metadata":{},"environment":"production"}
{"timestamp":"2026-08-24T19:26:12.469Z","level":"WARN","category":"DatabaseManager","message":"PostgreSQL query failed: relation \"committee_reports\" does not exist (SQL: SELECT * FROM committee_reports WHERE id::text = $1)","metadata":{},"environment":"production"}
{"timestamp":"2026-08-24T19:26:12.508Z","level":"WARN","category":"DatabaseManager","message":"PostgreSQL query failed: relation \"committee_reports\" does not exist (SQL: SELECT * FROM committee_reports WHERE id::text = $1)","metadata":{},"environment":"production"}
{"timestamp":"2026-08-24T19:26:12.551Z","level":"WARN","category":"DatabaseManager","message":"PostgreSQL query failed: relation \"committee_reports\" does not exist (SQL: SELECT * FROM committee_reports WHERE id::text = $1)","metadata":{},"environment":"production"}
{"timestamp":"2026-08-24T19:26:12.588Z","level":"WARN","category":"DatabaseManager","message":"PostgreSQL query failed: relation \"committee_reports\" does not exist (SQL: SELECT * FROM committee_reports WHERE id::text = $1)","metadata":{},"environment":"production"}
{"timestamp":"2026-08-24T19:26:12.628Z","level":"WARN","category":"DatabaseManager","message":"PostgreSQL query failed: relation \"committee_reports\" does not exist (SQL: SELECT * FROM committee_reports WHERE id::text = $1)","metadata":{},"environment":"production"}
{"timestamp":"2026-08-24T19:26:12.788Z","level":"WARN","category":"DatabaseManager","message":"PostgreSQL query failed: relation \"committee_reports\" does not exist (SQL: SELECT * FROM committee_reports WHERE id::text = $1)","metadata":{},"environment":"production"}
{"timestamp":"2026-08-24T19:26:12.970Z","level":"WARN","category":"DatabaseManager","message":"PostgreSQL query failed: relation \"committee_reports\" does not exist (SQL: SELECT * FROM committee_reports WHERE id::text = $1)","metadata":{},"environment":"production"}
{"timestamp":"2026-08-24T19:26:13.012Z","level":"WARN","category":"DatabaseManager","message":"PostgreSQL query failed: relation \"committee_reports\" does not exist (SQL: SELECT * FROM committee_reports WHERE id::text = $1)","metadata":{},"environment":"production"}
{"timestamp":"2026-08-24T19:26:13.053Z","level":"WARN","category":"DatabaseManager","message":"PostgreSQL query failed: relation \"committee_reports\" does not exist (SQL: SELECT * FROM committee_reports WHERE id::text = $1)","metadata":{},"environment":"production"}
{"timestamp":"2026-08-24T19:26:13.090Z","level":"WARN","category":"DatabaseManager","message":"PostgreSQL query failed: relation \"committee_reports\" does not exist (SQL: SELECT * FROM committee_reports WHERE id::text = $1)","metadata":{},"environment":"production"}
{"timestamp":"2026-08-24T19:26:13.128Z","level":"WARN","category":"DatabaseManager","message":"PostgreSQL query failed: relation \"committee_reports\" does not exist (SQL: SELECT * FROM committee_reports WHERE id::text = $1)","metadata":{},"environment":"production"}
{"timestamp":"2026-08-24T19:26:13.172Z","level":"WARN","category":"DatabaseManager","message":"PostgreSQL query failed: relation \"committee_reports\" does not exist (SQL: SELECT * FROM committee_reports WHERE id::text = $1)","metadata":{},"environment":"production"}
{"timestamp":"2026-08-24T19:26:13.211Z","level":"WARN","category":"DatabaseManager","message":"PostgreSQL query failed: relation \"committee_reports\" does not exist (SQL: SELECT * FROM committee_reports WHERE id::text = $1)","metadata":{},"environment":"production"}
{"timestamp":"2026-08-24T19:26:13.254Z","level":"WARN","category":"DatabaseManager","message":"PostgreSQL query failed: relation \"committee_reports\" does not exist (SQL: SELECT * FROM committee_reports WHERE id::text = $1)","metadata":{},"environment":"production"}
{"timestamp":"2026-08-24T19:26:13.289Z","level":"WARN","category":"DatabaseManager","message":"PostgreSQL query failed: relation \"committee_reports\" does not exist (SQL: SELECT * FROM committee_reports WHERE id::text = $1)","metadata":{},"environment":"production"}
{"timestamp":"2026-08-24T19:26:13.328Z","level":"WARN","category":"DatabaseManager","message":"PostgreSQL query failed: relation \"committee_reports\" does not exist (SQL: SELECT * FROM committee_reports WHERE id::text = $1)","metadata":{},"environment":"production"}
{"timestamp":"2026-08-24T19:26:13.371Z","level":"WARN","category":"DatabaseManager","message":"PostgreSQL query failed: relation \"committee_reports\" does not exist (SQL: SELECT * FROM committee_reports WHERE id::text = $1)","metadata":{},"environment":"production"}
{"timestamp":"2026-08-24T19:26:13.407Z","level":"WARN","category":"DatabaseManager","message":"PostgreSQL query failed: relation \"committee_reports\" does not exist (SQL: SELECT * FROM committee_reports WHERE id::text = $1)","metadata":{},"environment":"production"}
{"timestamp":"2026-08-24T19:26:13.451Z","level":"WARN","category":"DatabaseManager","message":"PostgreSQL query failed: relation \"committee_reports\" does not exist (SQL: SELECT * FROM committee_reports WHERE id::text = $1)","metadata":{},"environment":"production"}
{"timestamp":"2026-08-24T19:26:13.488Z","level":"WARN","category":"DatabaseManager","message":"PostgreSQL query failed: relation \"committee_reports\" does not exist (SQL: SELECT * FROM committee_reports WHERE id::text = $1)","metadata":{},"environment":"production"}
{"timestamp":"2026-08-24T19:26:14.419Z","level":"WARN","category":"DatabaseManager","message":"PostgreSQL query failed: relation \"variation_orders\" does not exist (SQL: SELECT * FROM variation_orders WHERE id::text = $1)","metadata":{},"environment":"production"}
{"timestamp":"2026-08-24T19:26:14.470Z","level":"WARN","category":"DatabaseManager","message":"PostgreSQL query failed: relation \"variation_orders\" does not exist (SQL: SELECT * FROM variation_orders WHERE id::text = $1)","metadata":{},"environment":"production"}
{"timestamp":"2026-08-24T19:26:14.517Z","level":"WARN","category":"DatabaseManager","message":"PostgreSQL query failed: relation \"variation_orders\" does not exist (SQL: SELECT * FROM variation_orders WHERE id::text = $1)","metadata":{},"environment":"production"}
{"timestamp":"2026-08-24T19:26:14.553Z","level":"WARN","category":"DatabaseManager","message":"PostgreSQL query failed: relation \"variation_orders\" does not exist (SQL: SELECT * FROM variation_orders WHERE id::text = $1)","metadata":{},"environment":"production"}
{"timestamp":"2026-08-24T19:26:14.596Z","level":"WARN","category":"DatabaseManager","message":"PostgreSQL query failed: relation \"variation_orders\" does not exist (SQL: SELECT * FROM variation_orders WHERE id::text = $1)","metadata":{},"environment":"production"}
{"timestamp":"2026-08-24T19:26:14.634Z","level":"WARN","category":"DatabaseManager","message":"PostgreSQL query failed: relation \"variation_orders\" does not exist (SQL: SELECT * FROM variation_orders WHERE id::text = $1)","metadata":{},"environment":"production"}
{"timestamp":"2026-08-24T19:26:14.671Z","level":"WARN","category":"DatabaseManager","message":"PostgreSQL query failed: relation \"variation_orders\" does not exist (SQL: SELECT * FROM variation_orders WHERE id::text = $1)","metadata":{},"environment":"production"}
{"timestamp":"2026-08-24T19:26:14.708Z","level":"WARN","category":"DatabaseManager","message":"PostgreSQL query failed: relation \"variation_orders\" does not exist (SQL: SELECT * FROM variation_orders WHERE id::text = $1)","metadata":{},"environment":"production"}
{"timestamp":"2026-08-24T19:26:14.748Z","level":"WARN","category":"DatabaseManager","message":"PostgreSQL query failed: relation \"variation_orders\" does not exist (SQL: SELECT * FROM variation_orders WHERE id::text = $1)","metadata":{},"environment":"production"}
{"timestamp":"2026-08-24T19:26:14.786Z","level":"WARN","category":"DatabaseManager","message":"PostgreSQL query failed: relation \"variation_orders\" does not exist (SQL: SELECT * FROM variation_orders WHERE id::text = $1)","metadata":{},"environment":"production"}
{"timestamp":"2026-08-24T19:26:14.822Z","level":"WARN","category":"DatabaseManager","message":"PostgreSQL query failed: relation \"variation_orders\" does not exist (SQL: SELECT * FROM variation_orders WHERE id::text = $1)","metadata":{},"environment":"production"}
{"timestamp":"2026-08-24T19:26:14.860Z","level":"WARN","category":"DatabaseManager","message":"PostgreSQL query failed: relation \"variation_orders\" does not exist (SQL: SELECT * FROM variation_orders WHERE id::text = $1)","metadata":{},"environment":"production"}
{"timestamp":"2026-08-24T19:26:14.902Z","level":"WARN","category":"DatabaseManager","message":"PostgreSQL query failed: relation \"variation_orders\" does not exist (SQL: SELECT * FROM variation_orders WHERE id::text = $1)","metadata":{},"environment":"production"}
{"timestamp":"2026-08-24T19:26:15.066Z","level":"WARN","category":"DatabaseManager","message":"PostgreSQL query failed: relation \"variation_orders\" does not exist (SQL: SELECT * FROM variation_orders WHERE id::text = $1)","metadata":{},"environment":"production"}
{"timestamp":"2026-08-24T19:26:15.106Z","level":"WARN","category":"DatabaseManager","message":"PostgreSQL query failed: relation \"variation_orders\" does not exist (SQL: SELECT * FROM variation_orders WHERE id::text = $1)","metadata":{},"environment":"production"}
{"timestamp":"2026-08-24T19:26:15.147Z","level":"WARN","category":"DatabaseManager","message":"PostgreSQL query failed: relation \"variation_orders\" does not exist (SQL: SELECT * FROM variation_orders WHERE id::text = $1)","metadata":{},"environment":"production"}
{"timestamp":"2026-08-24T19:26:15.186Z","level":"WARN","category":"DatabaseManager","message":"PostgreSQL query failed: relation \"variation_orders\" does not exist (SQL: SELECT * FROM variation_orders WHERE id::text = $1)","metadata":{},"environment":"production"}
{"timestamp":"2026-08-24T19:26:15.353Z","level":"WARN","category":"DatabaseManager","message":"PostgreSQL query failed: relation \"variation_orders\" does not exist (SQL: SELECT * FROM variation_orders WHERE id::text = $1)","metadata":{},"environment":"production"}
{"timestamp":"2026-08-24T19:26:15.401Z","level":"WARN","category":"DatabaseManager","message":"PostgreSQL query failed: relation \"variation_orders\" does not exist (SQL: SELECT * FROM variation_orders WHERE id::text = $1)","metadata":{},"environment":"production"}
{"timestamp":"2026-08-24T19:26:15.438Z","level":"WARN","category":"DatabaseManager","message":"PostgreSQL query failed: relation \"variation_orders\" does not exist (SQL: SELECT * FROM variation_orders WHERE id::text = $1)","metadata":{},"environment":"production"}
{"timestamp":"2026-08-24T19:26:15.569Z","level":"WARN","category":"DatabaseManager","message":"PostgreSQL query failed: relation \"committee_reports\" does not exist (SQL: SELECT * FROM committee_reports WHERE id::text = $1)","metadata":{},"environment":"production"}
{"timestamp":"2026-08-24T19:26:15.619Z","level":"WARN","category":"DatabaseManager","message":"PostgreSQL query failed: relation \"committee_reports\" does not exist (SQL: SELECT * FROM committee_reports WHERE id::text = $1)","metadata":{},"environment":"production"}
{"timestamp":"2026-08-24T19:26:15.663Z","level":"WARN","category":"DatabaseManager","message":"PostgreSQL query failed: relation \"committee_reports\" does not exist (SQL: SELECT * FROM committee_reports WHERE id::text = $1)","metadata":{},"environment":"production"}
{"timestamp":"2026-08-24T19:26:15.711Z","level":"WARN","category":"DatabaseManager","message":"PostgreSQL query failed: relation \"committee_reports\" does not exist (SQL: SELECT * FROM committee_reports WHERE id::text = $1)","metadata":{},"environment":"production"}
{"timestamp":"2026-08-24T19:26:15.761Z","level":"WARN","category":"DatabaseManager","message":"PostgreSQL query failed: relation \"committee_reports\" does not exist (SQL: SELECT * FROM committee_reports WHERE id::text = $1)","metadata":{},"environment":"production"}
{"timestamp":"2026-08-24T19:26:15.807Z","level":"WARN","category":"DatabaseManager","message":"PostgreSQL query failed: relation \"committee_reports\" does not exist (SQL: SELECT * FROM committee_reports WHERE id::text = $1)","metadata":{},"environment":"production"}
{"timestamp":"2026-08-24T19:26:15.854Z","level":"WARN","category":"DatabaseManager","message":"PostgreSQL query failed: relation \"committee_reports\" does not exist (SQL: SELECT * FROM committee_reports WHERE id::text = $1)","metadata":{},"environment":"production"}
{"timestamp":"2026-08-24T19:26:15.899Z","level":"WARN","category":"DatabaseManager","message":"PostgreSQL query failed: relation \"committee_reports\" does not exist (SQL: SELECT * FROM committee_reports WHERE id::text = $1)","metadata":{},"environment":"production"}
{"timestamp":"2026-08-24T19:26:15.941Z","level":"WARN","category":"DatabaseManager","message":"PostgreSQL query failed: relation \"committee_reports\" does not exist (SQL: SELECT * FROM committee_reports WHERE id::text = $1)","metadata":{},"environment":"production"}
{"timestamp":"2026-08-24T19:26:15.988Z","level":"WARN","category":"DatabaseManager","message":"PostgreSQL query failed: relation \"committee_reports\" does not exist (SQL: SELECT * FROM committee_reports WHERE id::text = $1)","metadata":{},"environment":"production"}
{"timestamp":"2026-08-24T19:26:16.036Z","level":"WARN","category":"DatabaseManager","message":"PostgreSQL query failed: relation \"committee_reports\" does not exist (SQL: SELECT * FROM committee_reports WHERE id::text = $1)","metadata":{},"environment":"production"}
{"timestamp":"2026-08-24T19:26:16.076Z","level":"WARN","category":"DatabaseManager","message":"PostgreSQL query failed: relation \"committee_reports\" does not exist (SQL: SELECT * FROM committee_reports WHERE id::text = $1)","metadata":{},"environment":"production"}
{"timestamp":"2026-08-24T19:26:16.118Z","level":"WARN","category":"DatabaseManager","message":"PostgreSQL query failed: relation \"committee_reports\" does not exist (SQL: SELECT * FROM committee_reports WHERE id::text = $1)","metadata":{},"environment":"production"}
{"timestamp":"2026-08-24T19:26:16.156Z","level":"WARN","category":"DatabaseManager","message":"PostgreSQL query failed: relation \"committee_reports\" does not exist (SQL: SELECT * FROM committee_reports WHERE id::text = $1)","metadata":{},"environment":"production"}
{"timestamp":"2026-08-24T19:26:16.200Z","level":"WARN","category":"DatabaseManager","message":"PostgreSQL query failed: relation \"committee_reports\" does not exist (SQL: SELECT * FROM committee_reports WHERE id::text = $1)","metadata":{},"environment":"production"}
{"timestamp":"2026-08-24T19:26:16.241Z","level":"WARN","category":"DatabaseManager","message":"PostgreSQL query failed: relation \"committee_reports\" does not exist (SQL: SELECT * FROM committee_reports WHERE id::text = $1)","metadata":{},"environment":"production"}
{"timestamp":"2026-08-24T19:26:16.284Z","level":"WARN","category":"DatabaseManager","message":"PostgreSQL query failed: relation \"committee_reports\" does not exist (SQL: SELECT * FROM committee_reports WHERE id::text = $1)","metadata":{},"environment":"production"}
{"timestamp":"2026-08-24T19:26:16.322Z","level":"WARN","category":"DatabaseManager","message":"PostgreSQL query failed: relation \"committee_reports\" does not exist (SQL: SELECT * FROM committee_reports WHERE id::text = $1)","metadata":{},"environment":"production"}
{"timestamp":"2026-08-24T19:26:16.365Z","level":"WARN","category":"DatabaseManager","message":"PostgreSQL query failed: relation \"committee_reports\" does not exist (SQL: SELECT * FROM committee_reports WHERE id::text = $1)","metadata":{},"environment":"production"}
{"timestamp":"2026-08-24T19:26:16.402Z","level":"WARN","category":"DatabaseManager","message":"PostgreSQL query failed: relation \"committee_reports\" does not exist (SQL: SELECT * FROM committee_reports WHERE id::text = $1)","metadata":{},"environment":"production"}
{"timestamp":"2026-08-24T19:26:48.147Z","level":"INFO","category":"DatabaseManager","message":"✅ PostgreSQL Connection Pool Initialized Successfully.","metadata":{},"environment":"production"}
{"timestamp":"2026-08-24T19:26:54.349Z","level":"INFO","category":"DatabaseManager","message":"✅ PostgreSQL Connection Pool Initialized Successfully.","metadata":{},"environment":"production"}
{"timestamp":"2026-08-24T19:26:55.221Z","level":"WARN","category":"DatabaseManager","message":"PostgreSQL query failed: relation \"variation_orders\" does not exist (SQL: SELECT * FROM variation_orders WHERE id::text = ANY($1::text[]))","metadata":{},"environment":"production"}
{"timestamp":"2026-08-24T19:26:55.237Z","level":"WARN","category":"DatabaseManager","message":"PostgreSQL query failed: relation \"committee_reports\" does not exist (SQL: SELECT * FROM committee_reports WHERE id::text = ANY($1::text[]))","metadata":{},"environment":"production"}
{"timestamp":"2026-08-24T19:27:01.324Z","level":"WARN","category":"DatabaseManager","message":"PostgreSQL query failed: relation \"variation_orders\" does not exist (SQL: SELECT * FROM variation_orders WHERE id::text = ANY($1::text[]))","metadata":{},"environment":"production"}
{"timestamp":"2026-08-24T19:27:01.346Z","level":"WARN","category":"DatabaseManager","message":"PostgreSQL query failed: relation \"committee_reports\" does not exist (SQL: SELECT * FROM committee_reports WHERE id::text = ANY($1::text[]))","metadata":{},"environment":"production"}
{"timestamp":"2026-08-24T19:27:03.483Z","level":"WARN","category":"DatabaseManager","message":"PostgreSQL query failed: relation \"variation_orders\" does not exist (SQL: SELECT * FROM variation_orders WHERE id::text = ANY($1::text[]))","metadata":{},"environment":"production"}
{"timestamp":"2026-08-24T19:27:03.507Z","level":"WARN","category":"DatabaseManager","message":"PostgreSQL query failed: relation \"committee_reports\" does not exist (SQL: SELECT * FROM committee_reports WHERE id::text = ANY($1::text[]))","metadata":{},"environment":"production"}
{"timestamp":"2026-08-24T19:27:33.061Z","level":"WARN","category":"DatabaseManager","message":"PostgreSQL query failed: relation \"variation_orders\" does not exist (SQL: SELECT * FROM variation_orders WHERE id::text = ANY($1::text[]))","metadata":{},"environment":"production"}
{"timestamp":"2026-08-24T19:27:33.097Z","level":"WARN","category":"DatabaseManager","message":"PostgreSQL query failed: relation \"committee_reports\" does not exist (SQL: SELECT * FROM committee_reports WHERE id::text = ANY($1::text[]))","metadata":{},"environment":"production"}
{"timestamp":"2026-08-24T19:27:42.387Z","level":"INFO","category":"DatabaseManager","message":"✅ PostgreSQL Connection Pool Initialized Successfully.","metadata":{},"environment":"production"}
{"timestamp":"2026-08-24T19:27:48.890Z","level":"WARN","category":"DatabaseManager","message":"PostgreSQL query failed: relation \"variation_orders\" does not exist (SQL: SELECT * FROM variation_orders WHERE id::text = ANY($1::text[]))","metadata":{},"environment":"production"}
{"timestamp":"2026-08-24T19:27:48.912Z","level":"WARN","category":"DatabaseManager","message":"PostgreSQL query failed: relation \"committee_reports\" does not exist (SQL: SELECT * FROM committee_reports WHERE id::text = ANY($1::text[]))","metadata":{},"environment":"production"}
{"timestamp":"2026-08-24T19:27:54.390Z","level":"INFO","category":"DatabaseManager","message":"✅ PostgreSQL Connection Pool Initialized Successfully.","metadata":{},"environment":"production"}
{"timestamp":"2026-08-24T19:27:54.663Z","level":"WARN","category":"DatabaseManager","message":"PostgreSQL query failed: relation \"variation_orders\" does not exist (SQL: SELECT * FROM variation_orders WHERE id::text = ANY($1::text[]))","metadata":{},"environment":"production"}
{"timestamp":"2026-08-24T19:27:54.677Z","level":"WARN","category":"DatabaseManager","message":"PostgreSQL query failed: relation \"committee_reports\" does not exist (SQL: SELECT * FROM committee_reports WHERE id::text = ANY($1::text[]))","metadata":{},"environment":"production"}
{"timestamp":"2026-08-24T19:28:33.010Z","level":"INFO","category":"DatabaseManager","message":"✅ PostgreSQL Connection Pool Initialized Successfully.","metadata":{},"environment":"production"}
{"timestamp":"2026-08-24T19:28:33.723Z","level":"WARN","category":"DatabaseManager","message":"PostgreSQL query failed: relation \"variation_orders\" does not exist (SQL: SELECT * FROM variation_orders WHERE id::text = ANY($1::text[]))","metadata":{},"environment":"production"}
{"timestamp":"2026-08-24T19:28:33.736Z","level":"WARN","category":"DatabaseManager","message":"PostgreSQL query failed: relation \"committee_reports\" does not exist (SQL: SELECT * FROM committee_reports WHERE id::text = ANY($1::text[]))","metadata":{},"environment":"production"}
{"timestamp":"2026-08-24T19:28:54.634Z","level":"INFO","category":"DatabaseManager","message":"✅ PostgreSQL Connection Pool Initialized Successfully.","metadata":{},"environment":"production"}
{"timestamp":"2026-08-24T19:28:55.182Z","level":"WARN","category":"DatabaseManager","message":"PostgreSQL query failed: relation \"variation_orders\" does not exist (SQL: SELECT * FROM variation_orders WHERE id::text = ANY($1::text[]))","metadata":{},"environment":"production"}
{"timestamp":"2026-08-24T19:28:55.309Z","level":"WARN","category":"DatabaseManager","message":"PostgreSQL query failed: relation \"committee_reports\" does not exist (SQL: SELECT * FROM committee_reports WHERE id::text = ANY($1::text[]))","metadata":{},"environment":"production"}
{"timestamp":"2026-08-24T19:29:47.109Z","level":"WARN","category":"DatabaseManager","message":"dbRun error: insert or update on table \"claims\" violates foreign key constraint \"claims_tenderId_fkey\" (SQL: \n        INSERT INTO claims (\n          id, \"tenderId\", claimant, contractor, \"claimNumber\", \"claimType\", type, amount, value,\n          \"previousPayments\", \"completionPercentage\", \"retentionPercentage\",\n          \"advanceDeduction\", \"taxDeduction\", \"otherDeductions\", \"netPayable\", deduction,\n          status, \"submissionDate\", notes, \"attachmentPath\", \"createdAt\", \"updatedAt\"\n        ) VALUES (\n          $1, $2, $3, $4, $5, $6, $7, $8, $9, $10,\n          $11, $12, $13, $14, $15, $16, $17, $18, $19, $20,\n          $21, NOW(), NOW()\n        )\n      )","metadata":{},"environment":"production"}
{"timestamp":"2026-08-24T19:30:00.391Z","level":"WARN","category":"DatabaseManager","message":"dbRun error: insert or update on table \"claims\" violates foreign key constraint \"claims_tenderId_fkey\" (SQL: \n        INSERT INTO claims (\n          id, \"tenderId\", claimant, contractor, \"claimNumber\", \"claimType\", type, amount, value,\n          \"previousPayments\", \"completionPercentage\", \"retentionPercentage\",\n          \"advanceDeduction\", \"taxDeduction\", \"otherDeductions\", \"netPayable\", deduction,\n          status, \"submissionDate\", notes, \"attachmentPath\", \"createdAt\", \"updatedAt\"\n        ) VALUES (\n          $1, $2, $3, $4, $5, $6, $7, $8, $9, $10,\n          $11, $12, $13, $14, $15, $16, $17, $18, $19, $20,\n          $21, NOW(), NOW()\n        )\n      )","metadata":{},"environment":"production"}
{"timestamp":"2026-08-24T19:31:53.852Z","level":"INFO","category":"DatabaseManager","message":"✅ PostgreSQL Connection Pool Initialized Successfully.","metadata":{},"environment":"production"}
{"timestamp":"2026-08-24T19:32:13.198Z","level":"INFO","category":"DatabaseManager","message":"✅ PostgreSQL Connection Pool Initialized Successfully.","metadata":{},"environment":"production"}
{"timestamp":"2026-08-24T19:32:14.083Z","level":"WARN","category":"DatabaseManager","message":"PostgreSQL query failed: relation \"variation_orders\" does not exist (SQL: SELECT * FROM variation_orders WHERE id::text = ANY($1::text[]))","metadata":{},"environment":"production"}
{"timestamp":"2026-08-24T19:32:14.100Z","level":"WARN","category":"DatabaseManager","message":"PostgreSQL query failed: relation \"committee_reports\" does not exist (SQL: SELECT * FROM committee_reports WHERE id::text = ANY($1::text[]))","metadata":{},"environment":"production"}
{"timestamp":"2026-08-24T19:32:14.144Z","level":"WARN","category":"DatabaseManager","message":"PostgreSQL query failed: relation \"variation_orders\" does not exist (SQL: SELECT * FROM variation_orders WHERE id::text = ANY($1::text[]))","metadata":{},"environment":"production"}
{"timestamp":"2026-08-24T19:32:14.158Z","level":"WARN","category":"DatabaseManager","message":"PostgreSQL query failed: relation \"committee_reports\" does not exist (SQL: SELECT * FROM committee_reports WHERE id::text = ANY($1::text[]))","metadata":{},"environment":"production"}
{"timestamp":"2026-08-24T19:38:43.900Z","level":"INFO","category":"DatabaseManager","message":"✅ PostgreSQL Connection Pool Initialized Successfully.","metadata":{},"environment":"production"}
{"timestamp":"2026-08-24T19:38:49.492Z","level":"INFO","category":"DatabaseManager","message":"✅ PostgreSQL Connection Pool Initialized Successfully.","metadata":{},"environment":"production"}
{"timestamp":"2026-08-24T19:38:49.798Z","level":"WARN","category":"DatabaseManager","message":"PostgreSQL query failed: relation \"variation_orders\" does not exist (SQL: SELECT * FROM variation_orders WHERE id::text = ANY($1::text[]))","metadata":{},"environment":"production"}
{"timestamp":"2026-08-24T19:38:49.829Z","level":"WARN","category":"DatabaseManager","message":"PostgreSQL query failed: relation \"committee_reports\" does not exist (SQL: SELECT * FROM committee_reports WHERE id::text = ANY($1::text[]))","metadata":{},"environment":"production"}
{"timestamp":"2026-08-24T19:38:49.869Z","level":"WARN","category":"DatabaseManager","message":"PostgreSQL query failed: relation \"variation_orders\" does not exist (SQL: SELECT * FROM variation_orders WHERE id::text = ANY($1::text[]))","metadata":{},"environment":"production"}
{"timestamp":"2026-08-24T19:38:49.884Z","level":"WARN","category":"DatabaseManager","message":"PostgreSQL query failed: relation \"committee_reports\" does not exist (SQL: SELECT * FROM committee_reports WHERE id::text = ANY($1::text[]))","metadata":{},"environment":"production"}
{"timestamp":"2026-08-24T19:42:42.310Z","level":"INFO","category":"DatabaseManager","message":"✅ PostgreSQL Connection Pool Initialized Successfully.","metadata":{},"environment":"production"}
{"timestamp":"2026-08-24T19:42:42.928Z","level":"WARN","category":"DatabaseManager","message":"PostgreSQL query failed: relation \"variation_orders\" does not exist (SQL: SELECT * FROM variation_orders WHERE id::text = ANY($1::text[]))","metadata":{},"environment":"production"}
{"timestamp":"2026-08-24T19:42:43.182Z","level":"WARN","category":"DatabaseManager","message":"PostgreSQL query failed: relation \"committee_reports\" does not exist (SQL: SELECT * FROM committee_reports WHERE id::text = ANY($1::text[]))","metadata":{},"environment":"production"}
{"timestamp":"2026-08-24T19:42:43.488Z","level":"WARN","category":"DatabaseManager","message":"PostgreSQL query failed: relation \"variation_orders\" does not exist (SQL: SELECT * FROM variation_orders WHERE id::text = ANY($1::text[]))","metadata":{},"environment":"production"}
{"timestamp":"2026-08-24T19:42:43.524Z","level":"WARN","category":"DatabaseManager","message":"PostgreSQL query failed: relation \"committee_reports\" does not exist (SQL: SELECT * FROM committee_reports WHERE id::text = ANY($1::text[]))","metadata":{},"environment":"production"}
{"timestamp":"2026-08-24T19:47:43.478Z","level":"INFO","category":"DatabaseManager","message":"✅ PostgreSQL Connection Pool Initialized Successfully.","metadata":{},"environment":"production"}
{"timestamp":"2026-08-24T19:47:58.401Z","level":"INFO","category":"DatabaseManager","message":"✅ PostgreSQL Connection Pool Initialized Successfully.","metadata":{},"environment":"production"}
{"timestamp":"2026-08-24T19:47:58.524Z","level":"WARN","category":"DatabaseManager","message":"PostgreSQL query failed: relation \"variation_orders\" does not exist (SQL: SELECT * FROM variation_orders WHERE id::text = ANY($1::text[]))","metadata":{},"environment":"production"}
{"timestamp":"2026-08-24T19:47:58.548Z","level":"WARN","category":"DatabaseManager","message":"PostgreSQL query failed: relation \"committee_reports\" does not exist (SQL: SELECT * FROM committee_reports WHERE id::text = ANY($1::text[]))","metadata":{},"environment":"production"}
{"timestamp":"2026-08-24T19:47:58.599Z","level":"WARN","category":"DatabaseManager","message":"PostgreSQL query failed: relation \"variation_orders\" does not exist (SQL: SELECT * FROM variation_orders WHERE id::text = ANY($1::text[]))","metadata":{},"environment":"production"}
{"timestamp":"2026-08-24T19:47:58.608Z","level":"WARN","category":"DatabaseManager","message":"PostgreSQL query failed: relation \"committee_reports\" does not exist (SQL: SELECT * FROM committee_reports WHERE id::text = ANY($1::text[]))","metadata":{},"environment":"production"}
{"timestamp":"2026-08-24T19:55:30.293Z","level":"INFO","category":"DatabaseManager","message":"✅ PostgreSQL Connection Pool Initialized Successfully.","metadata":{},"environment":"production"}
{"timestamp":"2026-08-24T19:55:31.104Z","level":"WARN","category":"DatabaseManager","message":"PostgreSQL query failed: relation \"variation_orders\" does not exist (SQL: SELECT * FROM variation_orders WHERE id::text = ANY($1::text[]))","metadata":{},"environment":"production"}
{"timestamp":"2026-08-24T19:55:31.120Z","level":"WARN","category":"DatabaseManager","message":"PostgreSQL query failed: relation \"committee_reports\" does not exist (SQL: SELECT * FROM committee_reports WHERE id::text = ANY($1::text[]))","metadata":{},"environment":"production"}
{"timestamp":"2026-08-24T20:07:08.591Z","level":"INFO","category":"DatabaseManager","message":"✅ PostgreSQL Connection Pool Initialized Successfully.","metadata":{},"environment":"production"}
{"timestamp":"2026-08-24T20:20:45.066Z","level":"WARN","category":"DatabaseManager","message":"PostgreSQL query failed: relation \"variation_orders\" does not exist (SQL: SELECT * FROM variation_orders WHERE id::text = ANY($1::text[]))","metadata":{},"environment":"production"}
{"timestamp":"2026-08-24T20:20:45.083Z","level":"WARN","category":"DatabaseManager","message":"PostgreSQL query failed: relation \"committee_reports\" does not exist (SQL: SELECT * FROM committee_reports WHERE id::text = ANY($1::text[]))","metadata":{},"environment":"production"}
{"timestamp":"2026-08-24T20:20:52.257Z","level":"WARN","category":"DatabaseManager","message":"PostgreSQL query failed: relation \"variation_orders\" does not exist (SQL: SELECT * FROM variation_orders WHERE id::text = ANY($1::text[]))","metadata":{},"environment":"production"}
{"timestamp":"2026-08-24T20:20:52.280Z","level":"WARN","category":"DatabaseManager","message":"PostgreSQL query failed: relation \"committee_reports\" does not exist (SQL: SELECT * FROM committee_reports WHERE id::text = ANY($1::text[]))","metadata":{},"environment":"production"}
{"timestamp":"2026-08-24T20:20:53.016Z","level":"WARN","category":"DatabaseManager","message":"PostgreSQL query failed: relation \"variation_orders\" does not exist (SQL: SELECT * FROM variation_orders WHERE id::text = ANY($1::text[]))","metadata":{},"environment":"production"}
{"timestamp":"2026-08-24T20:20:53.040Z","level":"WARN","category":"DatabaseManager","message":"PostgreSQL query failed: relation \"committee_reports\" does not exist (SQL: SELECT * FROM committee_reports WHERE id::text = ANY($1::text[]))","metadata":{},"environment":"production"}
{"timestamp":"2026-08-24T20:20:53.221Z","level":"WARN","category":"DatabaseManager","message":"PostgreSQL query failed: relation \"variation_orders\" does not exist (SQL: SELECT * FROM variation_orders WHERE id::text = ANY($1::text[]))","metadata":{},"environment":"production"}
{"timestamp":"2026-08-24T20:20:53.229Z","level":"WARN","category":"DatabaseManager","message":"PostgreSQL query failed: relation \"committee_reports\" does not exist (SQL: SELECT * FROM committee_reports WHERE id::text = ANY($1::text[]))","metadata":{},"environment":"production"}
{"timestamp":"2026-08-24T20:20:53.440Z","level":"WARN","category":"DatabaseManager","message":"PostgreSQL query failed: relation \"variation_orders\" does not exist (SQL: SELECT * FROM variation_orders WHERE id::text = ANY($1::text[]))","metadata":{},"environment":"production"}
{"timestamp":"2026-08-24T20:20:53.632Z","level":"WARN","category":"DatabaseManager","message":"PostgreSQL query failed: relation \"committee_reports\" does not exist (SQL: SELECT * FROM committee_reports WHERE id::text = ANY($1::text[]))","metadata":{},"environment":"production"}
{"timestamp":"2026-08-24T20:20:53.737Z","level":"WARN","category":"DatabaseManager","message":"PostgreSQL query failed: relation \"variation_orders\" does not exist (SQL: SELECT * FROM variation_orders WHERE id::text = ANY($1::text[]))","metadata":{},"environment":"production"}
{"timestamp":"2026-08-24T20:20:53.807Z","level":"WARN","category":"DatabaseManager","message":"PostgreSQL query failed: relation \"committee_reports\" does not exist (SQL: SELECT * FROM committee_reports WHERE id::text = ANY($1::text[]))","metadata":{},"environment":"production"}
{"timestamp":"2026-08-24T20:20:53.879Z","level":"WARN","category":"DatabaseManager","message":"PostgreSQL query failed: relation \"variation_orders\" does not exist (SQL: SELECT * FROM variation_orders WHERE id::text = ANY($1::text[]))","metadata":{},"environment":"production"}
{"timestamp":"2026-08-24T20:20:53.940Z","level":"WARN","category":"DatabaseManager","message":"PostgreSQL query failed: relation \"committee_reports\" does not exist (SQL: SELECT * FROM committee_reports WHERE id::text = ANY($1::text[]))","metadata":{},"environment":"production"}
{"timestamp":"2026-08-24T20:21:02.781Z","level":"WARN","category":"DatabaseManager","message":"PostgreSQL query failed: relation \"variation_orders\" does not exist (SQL: SELECT * FROM variation_orders WHERE id::text = ANY($1::text[]))","metadata":{},"environment":"production"}
{"timestamp":"2026-08-24T20:21:02.847Z","level":"WARN","category":"DatabaseManager","message":"PostgreSQL query failed: relation \"committee_reports\" does not exist (SQL: SELECT * FROM committee_reports WHERE id::text = ANY($1::text[]))","metadata":{},"environment":"production"}
{"timestamp":"2026-08-24T20:21:32.180Z","level":"WARN","category":"DatabaseManager","message":"PostgreSQL query failed: relation \"variation_orders\" does not exist (SQL: SELECT * FROM variation_orders WHERE id::text = ANY($1::text[]))","metadata":{},"environment":"production"}
{"timestamp":"2026-08-24T20:21:32.196Z","level":"WARN","category":"DatabaseManager","message":"PostgreSQL query failed: relation \"committee_reports\" does not exist (SQL: SELECT * FROM committee_reports WHERE id::text = ANY($1::text[]))","metadata":{},"environment":"production"}
{"timestamp":"2026-08-24T20:23:06.550Z","level":"WARN","category":"DatabaseManager","message":"PostgreSQL query failed: relation \"variation_orders\" does not exist (SQL: SELECT * FROM variation_orders WHERE id::text = ANY($1::text[]))","metadata":{},"environment":"production"}
{"timestamp":"2026-08-24T20:23:06.563Z","level":"WARN","category":"DatabaseManager","message":"PostgreSQL query failed: relation \"committee_reports\" does not exist (SQL: SELECT * FROM committee_reports WHERE id::text = ANY($1::text[]))","metadata":{},"environment":"production"}
{"timestamp":"2026-08-24T20:30:13.443Z","level":"INFO","category":"DatabaseManager","message":"✅ PostgreSQL Connection Pool Initialized Successfully.","metadata":{},"environment":"production"}
{"timestamp":"2026-08-24T20:30:36.899Z","level":"WARN","category":"DatabaseManager","message":"PostgreSQL query failed: column \"createdAt\" does not exist (SQL: SELECT * FROM tender_daily_reports ORDER BY \"createdAt\" DESC LIMIT 50)","metadata":{},"environment":"production"}
{"timestamp":"2026-08-24T20:30:36.901Z","level":"WARN","category":"DatabaseManager","message":"PostgreSQL query failed: relation \"tender_studies\" does not exist (SQL: SELECT * FROM tender_studies ORDER BY \"createdAt\" DESC LIMIT 50)","metadata":{},"environment":"production"}
{"timestamp":"2026-08-24T20:30:36.906Z","level":"WARN","category":"DatabaseManager","message":"PostgreSQL query failed: column \"createdAt\" does not exist (SQL: SELECT * FROM contract_variation_orders ORDER BY \"createdAt\" DESC LIMIT 50)","metadata":{},"environment":"production"}
{"timestamp":"2026-08-24T20:30:36.910Z","level":"WARN","category":"DatabaseManager","message":"PostgreSQL query failed: column \"createdAt\" does not exist (SQL: SELECT * FROM excavation_permits ORDER BY \"createdAt\" DESC LIMIT 50)","metadata":{},"environment":"production"}
{"timestamp":"2026-08-24T20:30:36.916Z","level":"WARN","category":"DatabaseManager","message":"PostgreSQL query failed: column \"createdAt\" does not exist (SQL: SELECT * FROM bank_guarantees ORDER BY \"createdAt\" DESC LIMIT 50)","metadata":{},"environment":"production"}
{"timestamp":"2026-08-24T20:30:36.931Z","level":"WARN","category":"DatabaseManager","message":"PostgreSQL query failed: column \"createdAt\" does not exist (SQL: SELECT * FROM structural_assets ORDER BY \"createdAt\" DESC LIMIT 50)","metadata":{},"environment":"production"}
{"timestamp":"2026-08-24T20:30:36.933Z","level":"WARN","category":"DatabaseManager","message":"PostgreSQL query failed: column \"createdAt\" does not exist (SQL: SELECT * FROM infrastructure_networks ORDER BY \"createdAt\" DESC LIMIT 50)","metadata":{},"environment":"production"}
{"timestamp":"2026-08-24T20:30:36.937Z","level":"WARN","category":"DatabaseManager","message":"PostgreSQL query failed: column \"createdAt\" does not exist (SQL: SELECT * FROM energy_assets ORDER BY \"createdAt\" DESC LIMIT 50)","metadata":{},"environment":"production"}
{"timestamp":"2026-08-24T20:30:36.971Z","level":"WARN","category":"DatabaseManager","message":"PostgreSQL query failed: relation \"committee_reports\" does not exist (SQL: SELECT * FROM committee_reports ORDER BY \"createdAt\" DESC LIMIT 50)","metadata":{},"environment":"production"}
{"timestamp":"2026-08-24T20:30:48.986Z","level":"WARN","category":"DatabaseManager","message":"PostgreSQL query failed: column \"createdAt\" does not exist (SQL: SELECT * FROM tender_daily_reports ORDER BY \"createdAt\" DESC LIMIT 50)","metadata":{},"environment":"production"}
{"timestamp":"2026-08-24T20:30:48.987Z","level":"WARN","category":"DatabaseManager","message":"PostgreSQL query failed: relation \"tender_studies\" does not exist (SQL: SELECT * FROM tender_studies ORDER BY \"createdAt\" DESC LIMIT 50)","metadata":{},"environment":"production"}
{"timestamp":"2026-08-24T20:30:48.993Z","level":"WARN","category":"DatabaseManager","message":"PostgreSQL query failed: column \"createdAt\" does not exist (SQL: SELECT * FROM contract_variation_orders ORDER BY \"createdAt\" DESC LIMIT 50)","metadata":{},"environment":"production"}
{"timestamp":"2026-08-24T20:30:48.998Z","level":"WARN","category":"DatabaseManager","message":"PostgreSQL query failed: column \"createdAt\" does not exist (SQL: SELECT * FROM excavation_permits ORDER BY \"createdAt\" DESC LIMIT 50)","metadata":{},"environment":"production"}
{"timestamp":"2026-08-24T20:30:49.003Z","level":"WARN","category":"DatabaseManager","message":"PostgreSQL query failed: column \"createdAt\" does not exist (SQL: SELECT * FROM bank_guarantees ORDER BY \"createdAt\" DESC LIMIT 50)","metadata":{},"environment":"production"}
{"timestamp":"2026-08-24T20:30:49.007Z","level":"WARN","category":"DatabaseManager","message":"PostgreSQL query failed: column \"createdAt\" does not exist (SQL: SELECT * FROM structural_assets ORDER BY \"createdAt\" DESC LIMIT 50)","metadata":{},"environment":"production"}
{"timestamp":"2026-08-24T20:30:49.008Z","level":"WARN","category":"DatabaseManager","message":"PostgreSQL query failed: column \"createdAt\" does not exist (SQL: SELECT * FROM infrastructure_networks ORDER BY \"createdAt\" DESC LIMIT 50)","metadata":{},"environment":"production"}
{"timestamp":"2026-08-24T20:30:49.009Z","level":"WARN","category":"DatabaseManager","message":"PostgreSQL query failed: column \"createdAt\" does not exist (SQL: SELECT * FROM energy_assets ORDER BY \"createdAt\" DESC LIMIT 50)","metadata":{},"environment":"production"}
{"timestamp":"2026-08-24T20:30:49.042Z","level":"WARN","category":"DatabaseManager","message":"PostgreSQL query failed: relation \"committee_reports\" does not exist (SQL: SELECT * FROM committee_reports ORDER BY \"createdAt\" DESC LIMIT 50)","metadata":{},"environment":"production"}
{"timestamp":"2026-08-24T20:30:56.825Z","level":"WARN","category":"DatabaseManager","message":"PostgreSQL query failed: column \"createdAt\" does not exist (SQL: SELECT * FROM tender_daily_reports ORDER BY \"createdAt\" DESC LIMIT 50)","metadata":{},"environment":"production"}
{"timestamp":"2026-08-24T20:30:56.866Z","level":"WARN","category":"DatabaseManager","message":"PostgreSQL query failed: relation \"tender_studies\" does not exist (SQL: SELECT * FROM tender_studies ORDER BY \"createdAt\" DESC LIMIT 50)","metadata":{},"environment":"production"}
{"timestamp":"2026-08-24T20:30:56.906Z","level":"WARN","category":"DatabaseManager","message":"PostgreSQL query failed: column \"createdAt\" does not exist (SQL: SELECT * FROM contract_variation_orders ORDER BY \"createdAt\" DESC LIMIT 50)","metadata":{},"environment":"production"}
{"timestamp":"2026-08-24T20:30:56.936Z","level":"WARN","category":"DatabaseManager","message":"PostgreSQL query failed: column \"createdAt\" does not exist (SQL: SELECT * FROM excavation_permits ORDER BY \"createdAt\" DESC LIMIT 50)","metadata":{},"environment":"production"}
{"timestamp":"2026-08-24T20:30:56.968Z","level":"WARN","category":"DatabaseManager","message":"PostgreSQL query failed: column \"createdAt\" does not exist (SQL: SELECT * FROM bank_guarantees ORDER BY \"createdAt\" DESC LIMIT 50)","metadata":{},"environment":"production"}
{"timestamp":"2026-08-24T20:30:57.009Z","level":"WARN","category":"DatabaseManager","message":"PostgreSQL query failed: column \"createdAt\" does not exist (SQL: SELECT * FROM structural_assets ORDER BY \"createdAt\" DESC LIMIT 50)","metadata":{},"environment":"production"}
{"timestamp":"2026-08-24T20:30:57.038Z","level":"WARN","category":"DatabaseManager","message":"PostgreSQL query failed: column \"createdAt\" does not exist (SQL: SELECT * FROM infrastructure_networks ORDER BY \"createdAt\" DESC LIMIT 50)","metadata":{},"environment":"production"}
{"timestamp":"2026-08-24T20:30:57.072Z","level":"WARN","category":"DatabaseManager","message":"PostgreSQL query failed: column \"createdAt\" does not exist (SQL: SELECT * FROM energy_assets ORDER BY \"createdAt\" DESC LIMIT 50)","metadata":{},"environment":"production"}
{"timestamp":"2026-08-24T20:30:57.099Z","level":"WARN","category":"DatabaseManager","message":"PostgreSQL query failed: relation \"committee_reports\" does not exist (SQL: SELECT * FROM committee_reports ORDER BY \"createdAt\" DESC LIMIT 50)","metadata":{},"environment":"production"}
{"timestamp":"2026-08-24T20:31:12.913Z","level":"WARN","category":"DatabaseManager","message":"PostgreSQL query failed: relation \"tender_studies\" does not exist (SQL: SELECT * FROM tender_studies WHERE id::text = ANY($1::text[]))","metadata":{},"environment":"production"}
{"timestamp":"2026-08-24T20:31:12.920Z","level":"WARN","category":"DatabaseManager","message":"PostgreSQL query failed: relation \"variation_orders\" does not exist (SQL: SELECT * FROM variation_orders WHERE id::text = ANY($1::text[]))","metadata":{},"environment":"production"}
{"timestamp":"2026-08-24T20:31:12.945Z","level":"WARN","category":"DatabaseManager","message":"PostgreSQL query failed: relation \"committee_reports\" does not exist (SQL: SELECT * FROM committee_reports WHERE id::text = ANY($1::text[]))","metadata":{},"environment":"production"}
{"timestamp":"2026-08-25T19:39:18.126Z","level":"INFO","category":"DatabaseManager","message":"✅ PostgreSQL Connection Pool Initialized Successfully.","metadata":{},"environment":"production"}
{"timestamp":"2026-08-25T19:39:19.473Z","level":"WARN","category":"DatabaseManager","message":"PostgreSQL query failed: column \"createdAt\" does not exist (SQL: SELECT * FROM tender_daily_reports ORDER BY \"createdAt\" DESC LIMIT 50)","metadata":{},"environment":"production"}
{"timestamp":"2026-08-25T19:39:19.474Z","level":"WARN","category":"DatabaseManager","message":"PostgreSQL query failed: relation \"tender_studies\" does not exist (SQL: SELECT * FROM tender_studies ORDER BY \"createdAt\" DESC LIMIT 50)","metadata":{},"environment":"production"}
{"timestamp":"2026-08-25T19:39:19.480Z","level":"WARN","category":"DatabaseManager","message":"PostgreSQL query failed: column \"createdAt\" does not exist (SQL: SELECT * FROM contract_variation_orders ORDER BY \"createdAt\" DESC LIMIT 50)","metadata":{},"environment":"production"}
{"timestamp":"2026-08-25T19:39:19.484Z","level":"WARN","category":"DatabaseManager","message":"PostgreSQL query failed: column \"createdAt\" does not exist (SQL: SELECT * FROM excavation_permits ORDER BY \"createdAt\" DESC LIMIT 50)","metadata":{},"environment":"production"}
{"timestamp":"2026-08-25T19:39:19.493Z","level":"WARN","category":"DatabaseManager","message":"PostgreSQL query failed: column \"createdAt\" does not exist (SQL: SELECT * FROM bank_guarantees ORDER BY \"createdAt\" DESC LIMIT 50)","metadata":{},"environment":"production"}
{"timestamp":"2026-08-25T19:39:19.506Z","level":"WARN","category":"DatabaseManager","message":"PostgreSQL query failed: column \"createdAt\" does not exist (SQL: SELECT * FROM structural_assets ORDER BY \"createdAt\" DESC LIMIT 50)","metadata":{},"environment":"production"}
{"timestamp":"2026-08-25T19:39:19.508Z","level":"WARN","category":"DatabaseManager","message":"PostgreSQL query failed: column \"createdAt\" does not exist (SQL: SELECT * FROM infrastructure_networks ORDER BY \"createdAt\" DESC LIMIT 50)","metadata":{},"environment":"production"}
{"timestamp":"2026-08-25T19:39:19.509Z","level":"WARN","category":"DatabaseManager","message":"PostgreSQL query failed: column \"createdAt\" does not exist (SQL: SELECT * FROM energy_assets ORDER BY \"createdAt\" DESC LIMIT 50)","metadata":{},"environment":"production"}
{"timestamp":"2026-08-25T19:39:19.543Z","level":"WARN","category":"DatabaseManager","message":"PostgreSQL query failed: relation \"committee_reports\" does not exist (SQL: SELECT * FROM committee_reports ORDER BY \"createdAt\" DESC LIMIT 50)","metadata":{},"environment":"production"}
{"timestamp":"2026-08-25T19:39:19.585Z","level":"WARN","category":"DatabaseManager","message":"PostgreSQL query failed: relation \"tender_studies\" does not exist (SQL: SELECT * FROM tender_studies WHERE id::text = ANY($1::text[]))","metadata":{},"environment":"production"}
{"timestamp":"2026-08-25T19:39:19.737Z","level":"WARN","category":"DatabaseManager","message":"PostgreSQL query failed: relation \"variation_orders\" does not exist (SQL: SELECT * FROM variation_orders WHERE id::text = ANY($1::text[]))","metadata":{},"environment":"production"}
{"timestamp":"2026-08-25T19:39:19.782Z","level":"WARN","category":"DatabaseManager","message":"PostgreSQL query failed: relation \"committee_reports\" does not exist (SQL: SELECT * FROM committee_reports WHERE id::text = ANY($1::text[]))","metadata":{},"environment":"production"}
{"timestamp":"2026-08-25T19:39:19.829Z","level":"WARN","category":"DatabaseManager","message":"PostgreSQL query failed: relation \"tender_studies\" does not exist (SQL: SELECT * FROM tender_studies WHERE id::text = ANY($1::text[]))","metadata":{},"environment":"production"}
{"timestamp":"2026-08-25T19:39:19.864Z","level":"WARN","category":"DatabaseManager","message":"PostgreSQL query failed: relation \"variation_orders\" does not exist (SQL: SELECT * FROM variation_orders WHERE id::text = ANY($1::text[]))","metadata":{},"environment":"production"}
{"timestamp":"2026-08-25T19:39:19.902Z","level":"WARN","category":"DatabaseManager","message":"PostgreSQL query failed: relation \"committee_reports\" does not exist (SQL: SELECT * FROM committee_reports WHERE id::text = ANY($1::text[]))","metadata":{},"environment":"production"}
{"timestamp":"2026-08-25T19:39:33.121Z","level":"INFO","category":"DatabaseManager","message":"✅ PostgreSQL Connection Pool Initialized Successfully.","metadata":{},"environment":"production"}
{"timestamp":"2026-08-25T19:39:33.695Z","level":"WARN","category":"DatabaseManager","message":"PostgreSQL query failed: column \"createdAt\" does not exist (SQL: SELECT * FROM tender_daily_reports ORDER BY \"createdAt\" DESC LIMIT 50)","metadata":{},"environment":"production"}
{"timestamp":"2026-08-25T19:39:33.696Z","level":"WARN","category":"DatabaseManager","message":"PostgreSQL query failed: relation \"tender_studies\" does not exist (SQL: SELECT * FROM tender_studies ORDER BY \"createdAt\" DESC LIMIT 50)","metadata":{},"environment":"production"}
{"timestamp":"2026-08-25T19:39:33.700Z","level":"WARN","category":"DatabaseManager","message":"PostgreSQL query failed: column \"createdAt\" does not exist (SQL: SELECT * FROM contract_variation_orders ORDER BY \"createdAt\" DESC LIMIT 50)","metadata":{},"environment":"production"}
{"timestamp":"2026-08-25T19:39:33.704Z","level":"WARN","category":"DatabaseManager","message":"PostgreSQL query failed: column \"createdAt\" does not exist (SQL: SELECT * FROM excavation_permits ORDER BY \"createdAt\" DESC LIMIT 50)","metadata":{},"environment":"production"}
{"timestamp":"2026-08-25T19:39:33.713Z","level":"WARN","category":"DatabaseManager","message":"PostgreSQL query failed: column \"createdAt\" does not exist (SQL: SELECT * FROM bank_guarantees ORDER BY \"createdAt\" DESC LIMIT 50)","metadata":{},"environment":"production"}
{"timestamp":"2026-08-25T19:39:33.726Z","level":"WARN","category":"DatabaseManager","message":"PostgreSQL query failed: column \"createdAt\" does not exist (SQL: SELECT * FROM structural_assets ORDER BY \"createdAt\" DESC LIMIT 50)","metadata":{},"environment":"production"}
{"timestamp":"2026-08-25T19:39:33.728Z","level":"WARN","category":"DatabaseManager","message":"PostgreSQL query failed: column \"createdAt\" does not exist (SQL: SELECT * FROM infrastructure_networks ORDER BY \"createdAt\" DESC LIMIT 50)","metadata":{},"environment":"production"}
{"timestamp":"2026-08-25T19:39:33.729Z","level":"WARN","category":"DatabaseManager","message":"PostgreSQL query failed: column \"createdAt\" does not exist (SQL: SELECT * FROM energy_assets ORDER BY \"createdAt\" DESC LIMIT 50)","metadata":{},"environment":"production"}
{"timestamp":"2026-08-25T19:39:33.754Z","level":"WARN","category":"DatabaseManager","message":"PostgreSQL query failed: relation \"committee_reports\" does not exist (SQL: SELECT * FROM committee_reports ORDER BY \"createdAt\" DESC LIMIT 50)","metadata":{},"environment":"production"}
{"timestamp":"2026-08-25T19:39:33.802Z","level":"WARN","category":"DatabaseManager","message":"PostgreSQL query failed: relation \"tender_studies\" does not exist (SQL: SELECT * FROM tender_studies WHERE id::text = ANY($1::text[]))","metadata":{},"environment":"production"}
{"timestamp":"2026-08-25T19:39:33.835Z","level":"WARN","category":"DatabaseManager","message":"PostgreSQL query failed: relation \"variation_orders\" does not exist (SQL: SELECT * FROM variation_orders WHERE id::text = ANY($1::text[]))","metadata":{},"environment":"production"}
{"timestamp":"2026-08-25T19:39:33.997Z","level":"WARN","category":"DatabaseManager","message":"PostgreSQL query failed: relation \"committee_reports\" does not exist (SQL: SELECT * FROM committee_reports WHERE id::text = ANY($1::text[]))","metadata":{},"environment":"production"}
{"timestamp":"2026-08-25T19:43:42.536Z","level":"INFO","category":"DatabaseManager","message":"✅ PostgreSQL Connection Pool Initialized Successfully.","metadata":{},"environment":"production"}
{"timestamp":"2026-08-25T19:43:47.093Z","level":"INFO","category":"DatabaseManager","message":"✅ PostgreSQL Connection Pool Initialized Successfully.","metadata":{},"environment":"production"}
{"timestamp":"2026-08-25T19:49:41.222Z","level":"WARN","category":"DatabaseManager","message":"PostgreSQL query failed: column \"createdAt\" does not exist (SQL: SELECT * FROM tender_daily_reports ORDER BY \"createdAt\" DESC LIMIT 50)","metadata":{},"environment":"production"}
{"timestamp":"2026-08-25T19:49:41.224Z","level":"WARN","category":"DatabaseManager","message":"PostgreSQL query failed: relation \"tender_studies\" does not exist (SQL: SELECT * FROM tender_studies ORDER BY \"createdAt\" DESC LIMIT 50)","metadata":{},"environment":"production"}
{"timestamp":"2026-08-25T19:49:41.228Z","level":"WARN","category":"DatabaseManager","message":"PostgreSQL query failed: column \"createdAt\" does not exist (SQL: SELECT * FROM contract_variation_orders ORDER BY \"createdAt\" DESC LIMIT 50)","metadata":{},"environment":"production"}
{"timestamp":"2026-08-25T19:49:41.235Z","level":"WARN","category":"DatabaseManager","message":"PostgreSQL query failed: column \"createdAt\" does not exist (SQL: SELECT * FROM excavation_permits ORDER BY \"createdAt\" DESC LIMIT 50)","metadata":{},"environment":"production"}
{"timestamp":"2026-08-25T19:49:41.239Z","level":"WARN","category":"DatabaseManager","message":"PostgreSQL query failed: column \"createdAt\" does not exist (SQL: SELECT * FROM bank_guarantees ORDER BY \"createdAt\" DESC LIMIT 50)","metadata":{},"environment":"production"}
{"timestamp":"2026-08-25T19:49:41.244Z","level":"WARN","category":"DatabaseManager","message":"PostgreSQL query failed: column \"createdAt\" does not exist (SQL: SELECT * FROM structural_assets ORDER BY \"createdAt\" DESC LIMIT 50)","metadata":{},"environment":"production"}
{"timestamp":"2026-08-25T19:49:41.254Z","level":"WARN","category":"DatabaseManager","message":"PostgreSQL query failed: column \"createdAt\" does not exist (SQL: SELECT * FROM infrastructure_networks ORDER BY \"createdAt\" DESC LIMIT 50)","metadata":{},"environment":"production"}
{"timestamp":"2026-08-25T19:49:41.256Z","level":"WARN","category":"DatabaseManager","message":"PostgreSQL query failed: column \"createdAt\" does not exist (SQL: SELECT * FROM energy_assets ORDER BY \"createdAt\" DESC LIMIT 50)","metadata":{},"environment":"production"}
{"timestamp":"2026-08-25T19:49:41.258Z","level":"WARN","category":"DatabaseManager","message":"PostgreSQL query failed: relation \"committee_reports\" does not exist (SQL: SELECT * FROM committee_reports ORDER BY \"createdAt\" DESC LIMIT 50)","metadata":{},"environment":"production"}
{"timestamp":"2026-08-27T18:53:32.637Z","level":"INFO","category":"DatabaseManager","message":"✅ PostgreSQL Connection Pool Initialized Successfully.","metadata":{},"environment":"production"}
{"timestamp":"2026-08-27T18:54:32.323Z","level":"INFO","category":"DatabaseManager","message":"✅ PostgreSQL Connection Pool Initialized Successfully.","metadata":{},"environment":"production"}
{"timestamp":"2026-08-27T18:54:32.474Z","level":"WARN","category":"DatabaseManager","message":"PostgreSQL query failed: column \"createdAt\" does not exist (SQL: SELECT * FROM tender_daily_reports ORDER BY \"createdAt\" DESC LIMIT 50)","metadata":{},"environment":"production"}
{"timestamp":"2026-08-27T18:54:32.478Z","level":"WARN","category":"DatabaseManager","message":"PostgreSQL query failed: relation \"tender_studies\" does not exist (SQL: SELECT * FROM tender_studies ORDER BY \"createdAt\" DESC LIMIT 50)","metadata":{},"environment":"production"}
{"timestamp":"2026-08-27T18:54:32.487Z","level":"WARN","category":"DatabaseManager","message":"PostgreSQL query failed: column \"createdAt\" does not exist (SQL: SELECT * FROM contract_variation_orders ORDER BY \"createdAt\" DESC LIMIT 50)","metadata":{},"environment":"production"}
{"timestamp":"2026-08-27T18:54:32.496Z","level":"WARN","category":"DatabaseManager","message":"PostgreSQL query failed: column \"createdAt\" does not exist (SQL: SELECT * FROM excavation_permits ORDER BY \"createdAt\" DESC LIMIT 50)","metadata":{},"environment":"production"}
{"timestamp":"2026-08-27T18:54:32.501Z","level":"WARN","category":"DatabaseManager","message":"PostgreSQL query failed: column \"createdAt\" does not exist (SQL: SELECT * FROM bank_guarantees ORDER BY \"createdAt\" DESC LIMIT 50)","metadata":{},"environment":"production"}
{"timestamp":"2026-08-27T18:54:32.510Z","level":"WARN","category":"DatabaseManager","message":"PostgreSQL query failed: column \"createdAt\" does not exist (SQL: SELECT * FROM structural_assets ORDER BY \"createdAt\" DESC LIMIT 50)","metadata":{},"environment":"production"}
{"timestamp":"2026-08-27T18:54:32.511Z","level":"WARN","category":"DatabaseManager","message":"PostgreSQL query failed: column \"createdAt\" does not exist (SQL: SELECT * FROM infrastructure_networks ORDER BY \"createdAt\" DESC LIMIT 50)","metadata":{},"environment":"production"}
{"timestamp":"2026-08-27T18:54:32.512Z","level":"WARN","category":"DatabaseManager","message":"PostgreSQL query failed: column \"createdAt\" does not exist (SQL: SELECT * FROM energy_assets ORDER BY \"createdAt\" DESC LIMIT 50)","metadata":{},"environment":"production"}
{"timestamp":"2026-08-27T18:54:32.514Z","level":"WARN","category":"DatabaseManager","message":"PostgreSQL query failed: relation \"committee_reports\" does not exist (SQL: SELECT * FROM committee_reports ORDER BY \"createdAt\" DESC LIMIT 50)","metadata":{},"environment":"production"}
{"timestamp":"2026-08-27T18:54:32.574Z","level":"WARN","category":"DatabaseManager","message":"PostgreSQL query failed: relation \"tender_studies\" does not exist (SQL: SELECT * FROM tender_studies WHERE id::text = ANY($1::text[]))","metadata":{},"environment":"production"}
{"timestamp":"2026-08-27T18:54:32.577Z","level":"WARN","category":"DatabaseManager","message":"PostgreSQL query failed: relation \"variation_orders\" does not exist (SQL: SELECT * FROM variation_orders WHERE id::text = ANY($1::text[]))","metadata":{},"environment":"production"}
{"timestamp":"2026-08-27T18:54:32.629Z","level":"WARN","category":"DatabaseManager","message":"PostgreSQL query failed: relation \"committee_reports\" does not exist (SQL: SELECT * FROM committee_reports WHERE id::text = ANY($1::text[]))","metadata":{},"environment":"production"}
{"timestamp":"2026-08-27T18:55:54.858Z","level":"INFO","category":"DatabaseManager","message":"✅ PostgreSQL Connection Pool Initialized Successfully.","metadata":{},"environment":"production"}
{"timestamp":"2026-08-27T18:59:15.904Z","level":"WARN","category":"DatabaseManager","message":"PostgreSQL query failed: relation \"tender_studies\" does not exist (SQL: SELECT * FROM tender_studies WHERE id::text = ANY($1::text[]))","metadata":{},"environment":"production"}
{"timestamp":"2026-08-27T18:59:15.915Z","level":"WARN","category":"DatabaseManager","message":"PostgreSQL query failed: relation \"variation_orders\" does not exist (SQL: SELECT * FROM variation_orders WHERE id::text = ANY($1::text[]))","metadata":{},"environment":"production"}
{"timestamp":"2026-08-27T18:59:15.951Z","level":"WARN","category":"DatabaseManager","message":"PostgreSQL query failed: relation \"committee_reports\" does not exist (SQL: SELECT * FROM committee_reports WHERE id::text = ANY($1::text[]))","metadata":{},"environment":"production"}
{"timestamp":"2026-08-27T19:00:30.132Z","level":"INFO","category":"DatabaseManager","message":"✅ PostgreSQL Connection Pool Initialized Successfully.","metadata":{},"environment":"production"}
{"timestamp":"2026-08-27T19:00:35.805Z","level":"WARN","category":"DatabaseManager","message":"PostgreSQL query failed: relation \"tender_studies\" does not exist (SQL: SELECT * FROM tender_studies WHERE id::text = ANY($1::text[]))","metadata":{},"environment":"production"}
{"timestamp":"2026-08-27T19:00:35.824Z","level":"WARN","category":"DatabaseManager","message":"PostgreSQL query failed: relation \"variation_orders\" does not exist (SQL: SELECT * FROM variation_orders WHERE id::text = ANY($1::text[]))","metadata":{},"environment":"production"}
{"timestamp":"2026-08-27T19:00:35.838Z","level":"WARN","category":"DatabaseManager","message":"PostgreSQL query failed: relation \"committee_reports\" does not exist (SQL: SELECT * FROM committee_reports WHERE id::text = ANY($1::text[]))","metadata":{},"environment":"production"}
{"timestamp":"2026-08-27T19:01:06.292Z","level":"WARN","category":"DatabaseManager","message":"PostgreSQL query failed: relation \"tender_studies\" does not exist (SQL: SELECT * FROM tender_studies WHERE id::text = ANY($1::text[]))","metadata":{},"environment":"production"}
{"timestamp":"2026-08-27T19:01:06.306Z","level":"WARN","category":"DatabaseManager","message":"PostgreSQL query failed: relation \"variation_orders\" does not exist (SQL: SELECT * FROM variation_orders WHERE id::text = ANY($1::text[]))","metadata":{},"environment":"production"}
{"timestamp":"2026-08-27T19:01:06.346Z","level":"WARN","category":"DatabaseManager","message":"PostgreSQL query failed: relation \"committee_reports\" does not exist (SQL: SELECT * FROM committee_reports WHERE id::text = ANY($1::text[]))","metadata":{},"environment":"production"}
{"timestamp":"2026-08-27T19:07:55.712Z","level":"INFO","category":"DatabaseManager","message":"✅ PostgreSQL Connection Pool Initialized Successfully.","metadata":{},"environment":"production"}
{"timestamp":"2026-08-27T19:08:13.523Z","level":"INFO","category":"DatabaseManager","message":"✅ PostgreSQL Connection Pool Initialized Successfully.","metadata":{},"environment":"production"}
{"timestamp":"2026-08-27T19:08:32.217Z","level":"INFO","category":"DatabaseManager","message":"✅ PostgreSQL Connection Pool Initialized Successfully.","metadata":{},"environment":"production"}
{"timestamp":"2026-08-27T19:08:48.213Z","level":"INFO","category":"DatabaseManager","message":"✅ PostgreSQL Connection Pool Initialized Successfully.","metadata":{},"environment":"production"}
{"timestamp":"2026-08-27T19:08:49.089Z","level":"WARN","category":"DatabaseManager","message":"PostgreSQL query failed: column \"createdAt\" does not exist (SQL: SELECT * FROM tender_daily_reports ORDER BY \"createdAt\" DESC LIMIT 50)","metadata":{},"environment":"production"}
{"timestamp":"2026-08-27T19:08:49.101Z","level":"WARN","category":"DatabaseManager","message":"PostgreSQL query failed: relation \"tender_studies\" does not exist (SQL: SELECT * FROM tender_studies ORDER BY \"createdAt\" DESC LIMIT 50)","metadata":{},"environment":"production"}
{"timestamp":"2026-08-27T19:08:49.124Z","level":"WARN","category":"DatabaseManager","message":"PostgreSQL query failed: column \"createdAt\" does not exist (SQL: SELECT * FROM contract_variation_orders ORDER BY \"createdAt\" DESC LIMIT 50)","metadata":{},"environment":"production"}
{"timestamp":"2026-08-27T19:08:49.160Z","level":"WARN","category":"DatabaseManager","message":"PostgreSQL query failed: column \"createdAt\" does not exist (SQL: SELECT * FROM excavation_permits ORDER BY \"createdAt\" DESC LIMIT 50)","metadata":{},"environment":"production"}
{"timestamp":"2026-08-27T19:08:49.180Z","level":"WARN","category":"DatabaseManager","message":"PostgreSQL query failed: column \"createdAt\" does not exist (SQL: SELECT * FROM bank_guarantees ORDER BY \"createdAt\" DESC LIMIT 50)","metadata":{},"environment":"production"}
{"timestamp":"2026-08-27T19:08:49.214Z","level":"WARN","category":"DatabaseManager","message":"PostgreSQL query failed: column \"createdAt\" does not exist (SQL: SELECT * FROM structural_assets ORDER BY \"createdAt\" DESC LIMIT 50)","metadata":{},"environment":"production"}
{"timestamp":"2026-08-27T19:08:49.220Z","level":"WARN","category":"DatabaseManager","message":"PostgreSQL query failed: column \"createdAt\" does not exist (SQL: SELECT * FROM infrastructure_networks ORDER BY \"createdAt\" DESC LIMIT 50)","metadata":{},"environment":"production"}
{"timestamp":"2026-08-27T19:08:49.222Z","level":"WARN","category":"DatabaseManager","message":"PostgreSQL query failed: column \"createdAt\" does not exist (SQL: SELECT * FROM energy_assets ORDER BY \"createdAt\" DESC LIMIT 50)","metadata":{},"environment":"production"}
{"timestamp":"2026-08-27T19:08:49.223Z","level":"WARN","category":"DatabaseManager","message":"PostgreSQL query failed: relation \"committee_reports\" does not exist (SQL: SELECT * FROM committee_reports ORDER BY \"createdAt\" DESC LIMIT 50)","metadata":{},"environment":"production"}
{"timestamp":"2026-08-27T19:08:49.270Z","level":"WARN","category":"DatabaseManager","message":"PostgreSQL query failed: relation \"tender_studies\" does not exist (SQL: SELECT * FROM tender_studies WHERE id::text = ANY($1::text[]))","metadata":{},"environment":"production"}
{"timestamp":"2026-08-27T19:08:49.273Z","level":"WARN","category":"DatabaseManager","message":"PostgreSQL query failed: relation \"variation_orders\" does not exist (SQL: SELECT * FROM variation_orders WHERE id::text = ANY($1::text[]))","metadata":{},"environment":"production"}
{"timestamp":"2026-08-27T19:08:49.299Z","level":"WARN","category":"DatabaseManager","message":"PostgreSQL query failed: relation \"committee_reports\" does not exist (SQL: SELECT * FROM committee_reports WHERE id::text = ANY($1::text[]))","metadata":{},"environment":"production"}
{"timestamp":"2026-08-27T19:16:39.859Z","level":"INFO","category":"DatabaseManager","message":"✅ PostgreSQL Connection Pool Initialized Successfully.","metadata":{},"environment":"production"}
{"timestamp":"2026-08-27T19:20:13.846Z","level":"INFO","category":"DatabaseManager","message":"✅ PostgreSQL Connection Pool Initialized Successfully.","metadata":{},"environment":"production"}
{"timestamp":"2026-08-27T19:21:26.692Z","level":"WARN","category":"DatabaseManager","message":"PostgreSQL query failed: column \"createdAt\" does not exist (SQL: SELECT * FROM tender_daily_reports ORDER BY \"createdAt\" DESC LIMIT 50)","metadata":{},"environment":"production"}
{"timestamp":"2026-08-27T19:21:26.694Z","level":"WARN","category":"DatabaseManager","message":"PostgreSQL query failed: relation \"tender_studies\" does not exist (SQL: SELECT * FROM tender_studies ORDER BY \"createdAt\" DESC LIMIT 50)","metadata":{},"environment":"production"}
{"timestamp":"2026-08-27T19:21:26.697Z","level":"WARN","category":"DatabaseManager","message":"PostgreSQL query failed: column \"createdAt\" does not exist (SQL: SELECT * FROM contract_variation_orders ORDER BY \"createdAt\" DESC LIMIT 50)","metadata":{},"environment":"production"}
{"timestamp":"2026-08-27T19:21:26.701Z","level":"WARN","category":"DatabaseManager","message":"PostgreSQL query failed: column \"createdAt\" does not exist (SQL: SELECT * FROM excavation_permits ORDER BY \"createdAt\" DESC LIMIT 50)","metadata":{},"environment":"production"}
{"timestamp":"2026-08-27T19:21:26.711Z","level":"WARN","category":"DatabaseManager","message":"PostgreSQL query failed: column \"createdAt\" does not exist (SQL: SELECT * FROM bank_guarantees ORDER BY \"createdAt\" DESC LIMIT 50)","metadata":{},"environment":"production"}
{"timestamp":"2026-08-27T19:21:26.720Z","level":"WARN","category":"DatabaseManager","message":"PostgreSQL query failed: column \"createdAt\" does not exist (SQL: SELECT * FROM structural_assets ORDER BY \"createdAt\" DESC LIMIT 50)","metadata":{},"environment":"production"}
{"timestamp":"2026-08-27T19:21:26.725Z","level":"WARN","category":"DatabaseManager","message":"PostgreSQL query failed: column \"createdAt\" does not exist (SQL: SELECT * FROM infrastructure_networks ORDER BY \"createdAt\" DESC LIMIT 50)","metadata":{},"environment":"production"}
{"timestamp":"2026-08-27T19:21:26.727Z","level":"WARN","category":"DatabaseManager","message":"PostgreSQL query failed: column \"createdAt\" does not exist (SQL: SELECT * FROM energy_assets ORDER BY \"createdAt\" DESC LIMIT 50)","metadata":{},"environment":"production"}
{"timestamp":"2026-08-27T19:21:26.786Z","level":"WARN","category":"DatabaseManager","message":"PostgreSQL query failed: relation \"committee_reports\" does not exist (SQL: SELECT * FROM committee_reports ORDER BY \"createdAt\" DESC LIMIT 50)","metadata":{},"environment":"production"}
{"timestamp":"2026-08-27T19:25:59.458Z","level":"INFO","category":"DatabaseManager","message":"✅ PostgreSQL Connection Pool Initialized Successfully.","metadata":{},"environment":"production"}
{"timestamp":"2026-08-27T19:26:22.581Z","level":"INFO","category":"DatabaseManager","message":"✅ PostgreSQL Connection Pool Initialized Successfully.","metadata":{},"environment":"production"}
{"timestamp":"2026-08-27T19:26:22.762Z","level":"WARN","category":"DatabaseManager","message":"PostgreSQL query failed: column \"createdAt\" does not exist (SQL: SELECT * FROM tender_daily_reports ORDER BY \"createdAt\" DESC LIMIT 50)","metadata":{},"environment":"production"}
{"timestamp":"2026-08-27T19:26:22.771Z","level":"WARN","category":"DatabaseManager","message":"PostgreSQL query failed: relation \"tender_studies\" does not exist (SQL: SELECT * FROM tender_studies ORDER BY \"createdAt\" DESC LIMIT 50)","metadata":{},"environment":"production"}
{"timestamp":"2026-08-27T19:26:22.787Z","level":"WARN","category":"DatabaseManager","message":"PostgreSQL query failed: column \"createdAt\" does not exist (SQL: SELECT * FROM contract_variation_orders ORDER BY \"createdAt\" DESC LIMIT 50)","metadata":{},"environment":"production"}
{"timestamp":"2026-08-27T19:26:22.868Z","level":"WARN","category":"DatabaseManager","message":"PostgreSQL query failed: column \"createdAt\" does not exist (SQL: SELECT * FROM excavation_permits ORDER BY \"createdAt\" DESC LIMIT 50)","metadata":{},"environment":"production"}
{"timestamp":"2026-08-27T19:26:22.881Z","level":"WARN","category":"DatabaseManager","message":"PostgreSQL query failed: column \"createdAt\" does not exist (SQL: SELECT * FROM bank_guarantees ORDER BY \"createdAt\" DESC LIMIT 50)","metadata":{},"environment":"production"}
{"timestamp":"2026-08-27T19:26:22.902Z","level":"WARN","category":"DatabaseManager","message":"PostgreSQL query failed: column \"createdAt\" does not exist (SQL: SELECT * FROM structural_assets ORDER BY \"createdAt\" DESC LIMIT 50)","metadata":{},"environment":"production"}
{"timestamp":"2026-08-27T19:26:22.914Z","level":"WARN","category":"DatabaseManager","message":"PostgreSQL query failed: column \"createdAt\" does not exist (SQL: SELECT * FROM infrastructure_networks ORDER BY \"createdAt\" DESC LIMIT 50)","metadata":{},"environment":"production"}
{"timestamp":"2026-08-27T19:26:22.923Z","level":"WARN","category":"DatabaseManager","message":"PostgreSQL query failed: column \"createdAt\" does not exist (SQL: SELECT * FROM energy_assets ORDER BY \"createdAt\" DESC LIMIT 50)","metadata":{},"environment":"production"}
{"timestamp":"2026-08-27T19:26:22.936Z","level":"WARN","category":"DatabaseManager","message":"PostgreSQL query failed: relation \"committee_reports\" does not exist (SQL: SELECT * FROM committee_reports ORDER BY \"createdAt\" DESC LIMIT 50)","metadata":{},"environment":"production"}
{"timestamp":"2026-08-27T19:26:22.996Z","level":"WARN","category":"DatabaseManager","message":"PostgreSQL query failed: relation \"tender_studies\" does not exist (SQL: SELECT * FROM tender_studies WHERE id::text = ANY($1::text[]))","metadata":{},"environment":"production"}
{"timestamp":"2026-08-27T19:26:23.001Z","level":"WARN","category":"DatabaseManager","message":"PostgreSQL query failed: relation \"variation_orders\" does not exist (SQL: SELECT * FROM variation_orders WHERE id::text = ANY($1::text[]))","metadata":{},"environment":"production"}
{"timestamp":"2026-08-27T19:26:23.016Z","level":"WARN","category":"DatabaseManager","message":"PostgreSQL query failed: relation \"committee_reports\" does not exist (SQL: SELECT * FROM committee_reports WHERE id::text = ANY($1::text[]))","metadata":{},"environment":"production"}
{"timestamp":"2026-08-27T19:29:15.957Z","level":"INFO","category":"DatabaseManager","message":"✅ PostgreSQL Connection Pool Initialized Successfully.","metadata":{},"environment":"production"}
{"timestamp":"2026-08-27T19:37:51.316Z","level":"INFO","category":"DatabaseManager","message":"✅ PostgreSQL Connection Pool Initialized Successfully.","metadata":{},"environment":"production"}
{"timestamp":"2026-08-27T19:37:51.855Z","level":"WARN","category":"DatabaseManager","message":"PostgreSQL query failed: column \"createdAt\" does not exist (SQL: SELECT * FROM tender_daily_reports ORDER BY \"createdAt\" DESC LIMIT 50)","metadata":{},"environment":"production"}
{"timestamp":"2026-08-27T19:37:51.865Z","level":"WARN","category":"DatabaseManager","message":"PostgreSQL query failed: relation \"tender_studies\" does not exist (SQL: SELECT * FROM tender_studies ORDER BY \"createdAt\" DESC LIMIT 50)","metadata":{},"environment":"production"}
{"timestamp":"2026-08-27T19:37:51.902Z","level":"WARN","category":"DatabaseManager","message":"PostgreSQL query failed: column \"createdAt\" does not exist (SQL: SELECT * FROM contract_variation_orders ORDER BY \"createdAt\" DESC LIMIT 50)","metadata":{},"environment":"production"}
{"timestamp":"2026-08-27T19:37:51.919Z","level":"WARN","category":"DatabaseManager","message":"PostgreSQL query failed: column \"createdAt\" does not exist (SQL: SELECT * FROM excavation_permits ORDER BY \"createdAt\" DESC LIMIT 50)","metadata":{},"environment":"production"}
{"timestamp":"2026-08-27T19:37:51.932Z","level":"WARN","category":"DatabaseManager","message":"PostgreSQL query failed: column \"createdAt\" does not exist (SQL: SELECT * FROM bank_guarantees ORDER BY \"createdAt\" DESC LIMIT 50)","metadata":{},"environment":"production"}
{"timestamp":"2026-08-27T19:37:51.950Z","level":"WARN","category":"DatabaseManager","message":"PostgreSQL query failed: column \"createdAt\" does not exist (SQL: SELECT * FROM structural_assets ORDER BY \"createdAt\" DESC LIMIT 50)","metadata":{},"environment":"production"}
{"timestamp":"2026-08-27T19:37:51.952Z","level":"WARN","category":"DatabaseManager","message":"PostgreSQL query failed: column \"createdAt\" does not exist (SQL: SELECT * FROM infrastructure_networks ORDER BY \"createdAt\" DESC LIMIT 50)","metadata":{},"environment":"production"}
{"timestamp":"2026-08-27T19:37:51.954Z","level":"WARN","category":"DatabaseManager","message":"PostgreSQL query failed: column \"createdAt\" does not exist (SQL: SELECT * FROM energy_assets ORDER BY \"createdAt\" DESC LIMIT 50)","metadata":{},"environment":"production"}
{"timestamp":"2026-08-27T19:37:51.957Z","level":"WARN","category":"DatabaseManager","message":"PostgreSQL query failed: relation \"committee_reports\" does not exist (SQL: SELECT * FROM committee_reports ORDER BY \"createdAt\" DESC LIMIT 50)","metadata":{},"environment":"production"}
{"timestamp":"2026-08-27T19:37:51.993Z","level":"WARN","category":"DatabaseManager","message":"PostgreSQL query failed: relation \"tender_studies\" does not exist (SQL: SELECT * FROM tender_studies WHERE id::text = ANY($1::text[]))","metadata":{},"environment":"production"}
{"timestamp":"2026-08-27T19:37:52.001Z","level":"WARN","category":"DatabaseManager","message":"PostgreSQL query failed: relation \"variation_orders\" does not exist (SQL: SELECT * FROM variation_orders WHERE id::text = ANY($1::text[]))","metadata":{},"environment":"production"}
{"timestamp":"2026-08-27T19:37:52.025Z","level":"WARN","category":"DatabaseManager","message":"PostgreSQL query failed: relation \"committee_reports\" does not exist (SQL: SELECT * FROM committee_reports WHERE id::text = ANY($1::text[]))","metadata":{},"environment":"production"}
{"timestamp":"2026-08-27T19:40:20.844Z","level":"INFO","category":"DatabaseManager","message":"✅ PostgreSQL Connection Pool Initialized Successfully.","metadata":{},"environment":"production"}
{"timestamp":"2026-08-27T19:42:56.174Z","level":"INFO","category":"DatabaseManager","message":"✅ PostgreSQL Connection Pool Initialized Successfully.","metadata":{},"environment":"production"}
{"timestamp":"2026-08-27T19:43:26.576Z","level":"INFO","category":"DatabaseManager","message":"✅ PostgreSQL Connection Pool Initialized Successfully.","metadata":{},"environment":"production"}
{"timestamp":"2026-08-27T19:43:42.799Z","level":"INFO","category":"DatabaseManager","message":"✅ PostgreSQL Connection Pool Initialized Successfully.","metadata":{},"environment":"production"}
{"timestamp":"2026-08-27T19:46:41.732Z","level":"INFO","category":"DatabaseManager","message":"✅ PostgreSQL Connection Pool Initialized Successfully.","metadata":{},"environment":"production"}
{"timestamp":"2026-08-27T19:46:41.839Z","level":"WARN","category":"DatabaseManager","message":"PostgreSQL query failed: column \"createdAt\" does not exist (SQL: SELECT * FROM tender_daily_reports ORDER BY \"createdAt\" DESC LIMIT 50)","metadata":{},"environment":"production"}
{"timestamp":"2026-08-27T19:46:41.841Z","level":"WARN","category":"DatabaseManager","message":"PostgreSQL query failed: relation \"tender_studies\" does not exist (SQL: SELECT * FROM tender_studies ORDER BY \"createdAt\" DESC LIMIT 50)","metadata":{},"environment":"production"}
{"timestamp":"2026-08-27T19:46:41.847Z","level":"WARN","category":"DatabaseManager","message":"PostgreSQL query failed: column \"createdAt\" does not exist (SQL: SELECT * FROM contract_variation_orders ORDER BY \"createdAt\" DESC LIMIT 50)","metadata":{},"environment":"production"}
{"timestamp":"2026-08-27T19:46:41.850Z","level":"WARN","category":"DatabaseManager","message":"PostgreSQL query failed: column \"createdAt\" does not exist (SQL: SELECT * FROM excavation_permits ORDER BY \"createdAt\" DESC LIMIT 50)","metadata":{},"environment":"production"}
{"timestamp":"2026-08-27T19:46:41.854Z","level":"WARN","category":"DatabaseManager","message":"PostgreSQL query failed: column \"createdAt\" does not exist (SQL: SELECT * FROM bank_guarantees ORDER BY \"createdAt\" DESC LIMIT 50)","metadata":{},"environment":"production"}
{"timestamp":"2026-08-27T19:46:41.858Z","level":"WARN","category":"DatabaseManager","message":"PostgreSQL query failed: column \"createdAt\" does not exist (SQL: SELECT * FROM structural_assets ORDER BY \"createdAt\" DESC LIMIT 50)","metadata":{},"environment":"production"}
{"timestamp":"2026-08-27T19:46:41.859Z","level":"WARN","category":"DatabaseManager","message":"PostgreSQL query failed: column \"createdAt\" does not exist (SQL: SELECT * FROM infrastructure_networks ORDER BY \"createdAt\" DESC LIMIT 50)","metadata":{},"environment":"production"}
{"timestamp":"2026-08-27T19:46:41.865Z","level":"WARN","category":"DatabaseManager","message":"PostgreSQL query failed: column \"createdAt\" does not exist (SQL: SELECT * FROM energy_assets ORDER BY \"createdAt\" DESC LIMIT 50)","metadata":{},"environment":"production"}
{"timestamp":"2026-08-27T19:46:41.866Z","level":"WARN","category":"DatabaseManager","message":"PostgreSQL query failed: relation \"committee_reports\" does not exist (SQL: SELECT * FROM committee_reports ORDER BY \"createdAt\" DESC LIMIT 50)","metadata":{},"environment":"production"}
{"timestamp":"2026-08-27T19:46:41.887Z","level":"WARN","category":"DatabaseManager","message":"PostgreSQL query failed: relation \"tender_studies\" does not exist (SQL: SELECT * FROM tender_studies WHERE id::text = ANY($1::text[]))","metadata":{},"environment":"production"}
{"timestamp":"2026-08-27T19:46:41.892Z","level":"WARN","category":"DatabaseManager","message":"PostgreSQL query failed: relation \"variation_orders\" does not exist (SQL: SELECT * FROM variation_orders WHERE id::text = ANY($1::text[]))","metadata":{},"environment":"production"}
{"timestamp":"2026-08-27T19:46:41.919Z","level":"WARN","category":"DatabaseManager","message":"PostgreSQL query failed: relation \"committee_reports\" does not exist (SQL: SELECT * FROM committee_reports WHERE id::text = ANY($1::text[]))","metadata":{},"environment":"production"}
{"timestamp":"2026-08-27T19:50:55.268Z","level":"INFO","category":"DatabaseManager","message":"✅ PostgreSQL Connection Pool Initialized Successfully.","metadata":{},"environment":"production"}
{"timestamp":"2026-08-27T19:50:56.087Z","level":"WARN","category":"DatabaseManager","message":"PostgreSQL query failed: column \"createdAt\" does not exist (SQL: SELECT * FROM tender_daily_reports ORDER BY \"createdAt\" DESC LIMIT 50)","metadata":{},"environment":"production"}
{"timestamp":"2026-08-27T19:50:56.103Z","level":"WARN","category":"DatabaseManager","message":"PostgreSQL query failed: relation \"tender_studies\" does not exist (SQL: SELECT * FROM tender_studies ORDER BY \"createdAt\" DESC LIMIT 50)","metadata":{},"environment":"production"}
{"timestamp":"2026-08-27T19:50:56.146Z","level":"WARN","category":"DatabaseManager","message":"PostgreSQL query failed: column \"createdAt\" does not exist (SQL: SELECT * FROM contract_variation_orders ORDER BY \"createdAt\" DESC LIMIT 50)","metadata":{},"environment":"production"}
{"timestamp":"2026-08-27T19:50:56.160Z","level":"WARN","category":"DatabaseManager","message":"PostgreSQL query failed: column \"createdAt\" does not exist (SQL: SELECT * FROM excavation_permits ORDER BY \"createdAt\" DESC LIMIT 50)","metadata":{},"environment":"production"}
{"timestamp":"2026-08-27T19:50:56.172Z","level":"WARN","category":"DatabaseManager","message":"PostgreSQL query failed: column \"createdAt\" does not exist (SQL: SELECT * FROM bank_guarantees ORDER BY \"createdAt\" DESC LIMIT 50)","metadata":{},"environment":"production"}
{"timestamp":"2026-08-27T19:50:56.190Z","level":"WARN","category":"DatabaseManager","message":"PostgreSQL query failed: column \"createdAt\" does not exist (SQL: SELECT * FROM structural_assets ORDER BY \"createdAt\" DESC LIMIT 50)","metadata":{},"environment":"production"}
{"timestamp":"2026-08-27T19:50:56.192Z","level":"WARN","category":"DatabaseManager","message":"PostgreSQL query failed: column \"createdAt\" does not exist (SQL: SELECT * FROM infrastructure_networks ORDER BY \"createdAt\" DESC LIMIT 50)","metadata":{},"environment":"production"}
{"timestamp":"2026-08-27T19:50:56.200Z","level":"WARN","category":"DatabaseManager","message":"PostgreSQL query failed: column \"createdAt\" does not exist (SQL: SELECT * FROM energy_assets ORDER BY \"createdAt\" DESC LIMIT 50)","metadata":{},"environment":"production"}
{"timestamp":"2026-08-27T19:50:56.205Z","level":"WARN","category":"DatabaseManager","message":"PostgreSQL query failed: relation \"committee_reports\" does not exist (SQL: SELECT * FROM committee_reports ORDER BY \"createdAt\" DESC LIMIT 50)","metadata":{},"environment":"production"}
{"timestamp":"2026-08-27T19:50:56.242Z","level":"WARN","category":"DatabaseManager","message":"PostgreSQL query failed: relation \"tender_studies\" does not exist (SQL: SELECT * FROM tender_studies WHERE id::text = ANY($1::text[]))","metadata":{},"environment":"production"}
{"timestamp":"2026-08-27T19:50:56.250Z","level":"WARN","category":"DatabaseManager","message":"PostgreSQL query failed: relation \"variation_orders\" does not exist (SQL: SELECT * FROM variation_orders WHERE id::text = ANY($1::text[]))","metadata":{},"environment":"production"}
{"timestamp":"2026-08-27T19:50:56.280Z","level":"WARN","category":"DatabaseManager","message":"PostgreSQL query failed: relation \"committee_reports\" does not exist (SQL: SELECT * FROM committee_reports WHERE id::text = ANY($1::text[]))","metadata":{},"environment":"production"}
{"timestamp":"2026-08-27T20:04:15.857Z","level":"INFO","category":"DatabaseManager","message":"✅ PostgreSQL Connection Pool Initialized Successfully.","metadata":{},"environment":"production"}
{"timestamp":"2026-08-27T20:05:21.638Z","level":"INFO","category":"DatabaseManager","message":"✅ PostgreSQL Connection Pool Initialized Successfully.","metadata":{},"environment":"production"}
{"timestamp":"2026-08-27T20:06:20.737Z","level":"INFO","category":"DatabaseManager","message":"✅ PostgreSQL Connection Pool Initialized Successfully.","metadata":{},"environment":"production"}
{"timestamp":"2026-08-27T20:06:20.919Z","level":"WARN","category":"DatabaseManager","message":"PostgreSQL query failed: column \"createdAt\" does not exist (SQL: SELECT * FROM tender_daily_reports ORDER BY \"createdAt\" DESC LIMIT 50)","metadata":{},"environment":"production"}
{"timestamp":"2026-08-27T20:06:20.920Z","level":"WARN","category":"DatabaseManager","message":"PostgreSQL query failed: relation \"tender_studies\" does not exist (SQL: SELECT * FROM tender_studies ORDER BY \"createdAt\" DESC LIMIT 50)","metadata":{},"environment":"production"}
{"timestamp":"2026-08-27T20:06:20.927Z","level":"WARN","category":"DatabaseManager","message":"PostgreSQL query failed: column \"createdAt\" does not exist (SQL: SELECT * FROM contract_variation_orders ORDER BY \"createdAt\" DESC LIMIT 50)","metadata":{},"environment":"production"}
{"timestamp":"2026-08-27T20:06:20.934Z","level":"WARN","category":"DatabaseManager","message":"PostgreSQL query failed: column \"createdAt\" does not exist (SQL: SELECT * FROM excavation_permits ORDER BY \"createdAt\" DESC LIMIT 50)","metadata":{},"environment":"production"}
{"timestamp":"2026-08-27T20:06:20.946Z","level":"WARN","category":"DatabaseManager","message":"PostgreSQL query failed: column \"createdAt\" does not exist (SQL: SELECT * FROM bank_guarantees ORDER BY \"createdAt\" DESC LIMIT 50)","metadata":{},"environment":"production"}
{"timestamp":"2026-08-27T20:06:20.962Z","level":"WARN","category":"DatabaseManager","message":"PostgreSQL query failed: column \"createdAt\" does not exist (SQL: SELECT * FROM structural_assets ORDER BY \"createdAt\" DESC LIMIT 50)","metadata":{},"environment":"production"}
{"timestamp":"2026-08-27T20:06:20.967Z","level":"WARN","category":"DatabaseManager","message":"PostgreSQL query failed: column \"createdAt\" does not exist (SQL: SELECT * FROM infrastructure_networks ORDER BY \"createdAt\" DESC LIMIT 50)","metadata":{},"environment":"production"}
{"timestamp":"2026-08-27T20:06:20.968Z","level":"WARN","category":"DatabaseManager","message":"PostgreSQL query failed: column \"createdAt\" does not exist (SQL: SELECT * FROM energy_assets ORDER BY \"createdAt\" DESC LIMIT 50)","metadata":{},"environment":"production"}
{"timestamp":"2026-08-27T20:06:20.972Z","level":"WARN","category":"DatabaseManager","message":"PostgreSQL query failed: relation \"committee_reports\" does not exist (SQL: SELECT * FROM committee_reports ORDER BY \"createdAt\" DESC LIMIT 50)","metadata":{},"environment":"production"}
{"timestamp":"2026-08-27T20:06:20.995Z","level":"WARN","category":"DatabaseManager","message":"PostgreSQL query failed: relation \"tender_studies\" does not exist (SQL: SELECT * FROM tender_studies WHERE id::text = ANY($1::text[]))","metadata":{},"environment":"production"}
{"timestamp":"2026-08-27T20:06:20.998Z","level":"WARN","category":"DatabaseManager","message":"PostgreSQL query failed: relation \"variation_orders\" does not exist (SQL: SELECT * FROM variation_orders WHERE id::text = ANY($1::text[]))","metadata":{},"environment":"production"}
{"timestamp":"2026-08-27T20:06:21.008Z","level":"WARN","category":"DatabaseManager","message":"PostgreSQL query failed: relation \"committee_reports\" does not exist (SQL: SELECT * FROM committee_reports WHERE id::text = ANY($1::text[]))","metadata":{},"environment":"production"}
{"timestamp":"2026-08-27T20:11:53.170Z","level":"INFO","category":"DatabaseManager","message":"✅ PostgreSQL Connection Pool Initialized Successfully.","metadata":{},"environment":"production"}
{"timestamp":"2026-08-27T20:11:54.251Z","level":"WARN","category":"DatabaseManager","message":"PostgreSQL query failed: column \"createdAt\" does not exist (SQL: SELECT * FROM tender_daily_reports ORDER BY \"createdAt\" DESC LIMIT 50)","metadata":{},"environment":"production"}
{"timestamp":"2026-08-27T20:11:54.278Z","level":"WARN","category":"DatabaseManager","message":"PostgreSQL query failed: relation \"tender_studies\" does not exist (SQL: SELECT * FROM tender_studies ORDER BY \"createdAt\" DESC LIMIT 50)","metadata":{},"environment":"production"}
{"timestamp":"2026-08-27T20:11:54.329Z","level":"WARN","category":"DatabaseManager","message":"PostgreSQL query failed: column \"createdAt\" does not exist (SQL: SELECT * FROM contract_variation_orders ORDER BY \"createdAt\" DESC LIMIT 50)","metadata":{},"environment":"production"}
{"timestamp":"2026-08-27T20:11:54.369Z","level":"WARN","category":"DatabaseManager","message":"PostgreSQL query failed: column \"createdAt\" does not exist (SQL: SELECT * FROM excavation_permits ORDER BY \"createdAt\" DESC LIMIT 50)","metadata":{},"environment":"production"}
{"timestamp":"2026-08-27T20:11:54.396Z","level":"WARN","category":"DatabaseManager","message":"PostgreSQL query failed: column \"createdAt\" does not exist (SQL: SELECT * FROM bank_guarantees ORDER BY \"createdAt\" DESC LIMIT 50)","metadata":{},"environment":"production"}
{"timestamp":"2026-08-27T20:11:54.427Z","level":"WARN","category":"DatabaseManager","message":"PostgreSQL query failed: column \"createdAt\" does not exist (SQL: SELECT * FROM structural_assets ORDER BY \"createdAt\" DESC LIMIT 50)","metadata":{},"environment":"production"}
{"timestamp":"2026-08-27T20:11:54.429Z","level":"WARN","category":"DatabaseManager","message":"PostgreSQL query failed: column \"createdAt\" does not exist (SQL: SELECT * FROM infrastructure_networks ORDER BY \"createdAt\" DESC LIMIT 50)","metadata":{},"environment":"production"}
{"timestamp":"2026-08-27T20:11:54.432Z","level":"WARN","category":"DatabaseManager","message":"PostgreSQL query failed: column \"createdAt\" does not exist (SQL: SELECT * FROM energy_assets ORDER BY \"createdAt\" DESC LIMIT 50)","metadata":{},"environment":"production"}
{"timestamp":"2026-08-27T20:11:54.445Z","level":"WARN","category":"DatabaseManager","message":"PostgreSQL query failed: relation \"committee_reports\" does not exist (SQL: SELECT * FROM committee_reports ORDER BY \"createdAt\" DESC LIMIT 50)","metadata":{},"environment":"production"}
{"timestamp":"2026-08-27T20:11:54.511Z","level":"WARN","category":"DatabaseManager","message":"PostgreSQL query failed: relation \"tender_studies\" does not exist (SQL: SELECT * FROM tender_studies WHERE id::text = ANY($1::text[]))","metadata":{},"environment":"production"}
{"timestamp":"2026-08-27T20:11:54.530Z","level":"WARN","category":"DatabaseManager","message":"PostgreSQL query failed: relation \"variation_orders\" does not exist (SQL: SELECT * FROM variation_orders WHERE id::text = ANY($1::text[]))","metadata":{},"environment":"production"}
{"timestamp":"2026-08-27T20:11:54.577Z","level":"WARN","category":"DatabaseManager","message":"PostgreSQL query failed: relation \"committee_reports\" does not exist (SQL: SELECT * FROM committee_reports WHERE id::text = ANY($1::text[]))","metadata":{},"environment":"production"}
{"timestamp":"2026-08-27T20:20:29.193Z","level":"INFO","category":"DatabaseManager","message":"✅ PostgreSQL Connection Pool Initialized Successfully.","metadata":{},"environment":"production"}
{"timestamp":"2026-08-27T20:21:55.754Z","level":"INFO","category":"DatabaseManager","message":"✅ PostgreSQL Connection Pool Initialized Successfully.","metadata":{},"environment":"production"}
{"timestamp":"2026-08-27T20:22:12.267Z","level":"INFO","category":"DatabaseManager","message":"✅ PostgreSQL Connection Pool Initialized Successfully.","metadata":{},"environment":"production"}
{"timestamp":"2026-08-27T20:22:12.661Z","level":"WARN","category":"DatabaseManager","message":"PostgreSQL query failed: column \"createdAt\" does not exist (SQL: SELECT * FROM tender_daily_reports ORDER BY \"createdAt\" DESC LIMIT 50)","metadata":{},"environment":"production"}
{"timestamp":"2026-08-27T20:22:12.673Z","level":"WARN","category":"DatabaseManager","message":"PostgreSQL query failed: relation \"tender_studies\" does not exist (SQL: SELECT * FROM tender_studies ORDER BY \"createdAt\" DESC LIMIT 50)","metadata":{},"environment":"production"}
{"timestamp":"2026-08-27T20:22:12.686Z","level":"WARN","category":"DatabaseManager","message":"PostgreSQL query failed: column \"createdAt\" does not exist (SQL: SELECT * FROM contract_variation_orders ORDER BY \"createdAt\" DESC LIMIT 50)","metadata":{},"environment":"production"}
{"timestamp":"2026-08-27T20:22:12.699Z","level":"WARN","category":"DatabaseManager","message":"PostgreSQL query failed: column \"createdAt\" does not exist (SQL: SELECT * FROM excavation_permits ORDER BY \"createdAt\" DESC LIMIT 50)","metadata":{},"environment":"production"}
{"timestamp":"2026-08-27T20:22:12.712Z","level":"WARN","category":"DatabaseManager","message":"PostgreSQL query failed: column \"createdAt\" does not exist (SQL: SELECT * FROM bank_guarantees ORDER BY \"createdAt\" DESC LIMIT 50)","metadata":{},"environment":"production"}
{"timestamp":"2026-08-27T20:22:12.731Z","level":"WARN","category":"DatabaseManager","message":"PostgreSQL query failed: column \"createdAt\" does not exist (SQL: SELECT * FROM structural_assets ORDER BY \"createdAt\" DESC LIMIT 50)","metadata":{},"environment":"production"}
{"timestamp":"2026-08-27T20:22:12.733Z","level":"WARN","category":"DatabaseManager","message":"PostgreSQL query failed: column \"createdAt\" does not exist (SQL: SELECT * FROM infrastructure_networks ORDER BY \"createdAt\" DESC LIMIT 50)","metadata":{},"environment":"production"}
{"timestamp":"2026-08-27T20:22:12.739Z","level":"WARN","category":"DatabaseManager","message":"PostgreSQL query failed: column \"createdAt\" does not exist (SQL: SELECT * FROM energy_assets ORDER BY \"createdAt\" DESC LIMIT 50)","metadata":{},"environment":"production"}
{"timestamp":"2026-08-27T20:22:12.744Z","level":"WARN","category":"DatabaseManager","message":"PostgreSQL query failed: relation \"committee_reports\" does not exist (SQL: SELECT * FROM committee_reports ORDER BY \"createdAt\" DESC LIMIT 50)","metadata":{},"environment":"production"}
{"timestamp":"2026-08-27T20:22:12.774Z","level":"WARN","category":"DatabaseManager","message":"PostgreSQL query failed: relation \"tender_studies\" does not exist (SQL: SELECT * FROM tender_studies WHERE id::text = ANY($1::text[]))","metadata":{},"environment":"production"}
{"timestamp":"2026-08-27T20:22:12.781Z","level":"WARN","category":"DatabaseManager","message":"PostgreSQL query failed: relation \"variation_orders\" does not exist (SQL: SELECT * FROM variation_orders WHERE id::text = ANY($1::text[]))","metadata":{},"environment":"production"}
{"timestamp":"2026-08-27T20:22:12.813Z","level":"WARN","category":"DatabaseManager","message":"PostgreSQL query failed: relation \"committee_reports\" does not exist (SQL: SELECT * FROM committee_reports WHERE id::text = ANY($1::text[]))","metadata":{},"environment":"production"}
{"timestamp":"2026-08-27T20:26:59.910Z","level":"INFO","category":"DatabaseManager","message":"✅ PostgreSQL Connection Pool Initialized Successfully.","metadata":{},"environment":"production"}
{"timestamp":"2026-08-27T20:28:28.625Z","level":"INFO","category":"DatabaseManager","message":"✅ PostgreSQL Connection Pool Initialized Successfully.","metadata":{},"environment":"production"}
{"timestamp":"2026-08-27T20:28:28.763Z","level":"WARN","category":"DatabaseManager","message":"PostgreSQL query failed: column \"createdAt\" does not exist (SQL: SELECT * FROM tender_daily_reports ORDER BY \"createdAt\" DESC LIMIT 50)","metadata":{},"environment":"production"}
{"timestamp":"2026-08-27T20:28:28.767Z","level":"WARN","category":"DatabaseManager","message":"PostgreSQL query failed: relation \"tender_studies\" does not exist (SQL: SELECT * FROM tender_studies ORDER BY \"createdAt\" DESC LIMIT 50)","metadata":{},"environment":"production"}
{"timestamp":"2026-08-27T20:28:28.781Z","level":"WARN","category":"DatabaseManager","message":"PostgreSQL query failed: column \"createdAt\" does not exist (SQL: SELECT * FROM contract_variation_orders ORDER BY \"createdAt\" DESC LIMIT 50)","metadata":{},"environment":"production"}
{"timestamp":"2026-08-27T20:28:28.785Z","level":"WARN","category":"DatabaseManager","message":"PostgreSQL query failed: column \"createdAt\" does not exist (SQL: SELECT * FROM excavation_permits ORDER BY \"createdAt\" DESC LIMIT 50)","metadata":{},"environment":"production"}
{"timestamp":"2026-08-27T20:28:28.791Z","level":"WARN","category":"DatabaseManager","message":"PostgreSQL query failed: column \"createdAt\" does not exist (SQL: SELECT * FROM bank_guarantees ORDER BY \"createdAt\" DESC LIMIT 50)","metadata":{},"environment":"production"}
{"timestamp":"2026-08-27T20:28:28.798Z","level":"WARN","category":"DatabaseManager","message":"PostgreSQL query failed: column \"createdAt\" does not exist (SQL: SELECT * FROM structural_assets ORDER BY \"createdAt\" DESC LIMIT 50)","metadata":{},"environment":"production"}
{"timestamp":"2026-08-27T20:28:28.799Z","level":"WARN","category":"DatabaseManager","message":"PostgreSQL query failed: column \"createdAt\" does not exist (SQL: SELECT * FROM infrastructure_networks ORDER BY \"createdAt\" DESC LIMIT 50)","metadata":{},"environment":"production"}
{"timestamp":"2026-08-27T20:28:28.800Z","level":"WARN","category":"DatabaseManager","message":"PostgreSQL query failed: column \"createdAt\" does not exist (SQL: SELECT * FROM energy_assets ORDER BY \"createdAt\" DESC LIMIT 50)","metadata":{},"environment":"production"}
{"timestamp":"2026-08-27T20:28:28.801Z","level":"WARN","category":"DatabaseManager","message":"PostgreSQL query failed: relation \"committee_reports\" does not exist (SQL: SELECT * FROM committee_reports ORDER BY \"createdAt\" DESC LIMIT 50)","metadata":{},"environment":"production"}
{"timestamp":"2026-08-27T20:28:28.818Z","level":"WARN","category":"DatabaseManager","message":"PostgreSQL query failed: relation \"tender_studies\" does not exist (SQL: SELECT * FROM tender_studies WHERE id::text = ANY($1::text[]))","metadata":{},"environment":"production"}
{"timestamp":"2026-08-27T20:28:28.820Z","level":"WARN","category":"DatabaseManager","message":"PostgreSQL query failed: relation \"variation_orders\" does not exist (SQL: SELECT * FROM variation_orders WHERE id::text = ANY($1::text[]))","metadata":{},"environment":"production"}
{"timestamp":"2026-08-27T20:28:28.980Z","level":"WARN","category":"DatabaseManager","message":"PostgreSQL query failed: relation \"committee_reports\" does not exist (SQL: SELECT * FROM committee_reports WHERE id::text = ANY($1::text[]))","metadata":{},"environment":"production"}
{"timestamp":"2026-08-27T20:32:54.817Z","level":"INFO","category":"DatabaseManager","message":"✅ PostgreSQL Connection Pool Initialized Successfully.","metadata":{},"environment":"production"}
{"timestamp":"2026-08-27T20:32:54.993Z","level":"WARN","category":"DatabaseManager","message":"PostgreSQL query failed: column \"createdAt\" does not exist (SQL: SELECT * FROM tender_daily_reports ORDER BY \"createdAt\" DESC LIMIT 50)","metadata":{},"environment":"production"}
{"timestamp":"2026-08-27T20:32:54.998Z","level":"WARN","category":"DatabaseManager","message":"PostgreSQL query failed: relation \"tender_studies\" does not exist (SQL: SELECT * FROM tender_studies ORDER BY \"createdAt\" DESC LIMIT 50)","metadata":{},"environment":"production"}
{"timestamp":"2026-08-27T20:32:55.024Z","level":"WARN","category":"DatabaseManager","message":"PostgreSQL query failed: column \"createdAt\" does not exist (SQL: SELECT * FROM contract_variation_orders ORDER BY \"createdAt\" DESC LIMIT 50)","metadata":{},"environment":"production"}
{"timestamp":"2026-08-27T20:32:55.033Z","level":"WARN","category":"DatabaseManager","message":"PostgreSQL query failed: column \"createdAt\" does not exist (SQL: SELECT * FROM excavation_permits ORDER BY \"createdAt\" DESC LIMIT 50)","metadata":{},"environment":"production"}
{"timestamp":"2026-08-27T20:32:55.050Z","level":"WARN","category":"DatabaseManager","message":"PostgreSQL query failed: column \"createdAt\" does not exist (SQL: SELECT * FROM bank_guarantees ORDER BY \"createdAt\" DESC LIMIT 50)","metadata":{},"environment":"production"}
{"timestamp":"2026-08-27T20:32:55.068Z","level":"WARN","category":"DatabaseManager","message":"PostgreSQL query failed: column \"createdAt\" does not exist (SQL: SELECT * FROM structural_assets ORDER BY \"createdAt\" DESC LIMIT 50)","metadata":{},"environment":"production"}
{"timestamp":"2026-08-27T20:32:55.070Z","level":"WARN","category":"DatabaseManager","message":"PostgreSQL query failed: column \"createdAt\" does not exist (SQL: SELECT * FROM infrastructure_networks ORDER BY \"createdAt\" DESC LIMIT 50)","metadata":{},"environment":"production"}
{"timestamp":"2026-08-27T20:32:55.072Z","level":"WARN","category":"DatabaseManager","message":"PostgreSQL query failed: column \"createdAt\" does not exist (SQL: SELECT * FROM energy_assets ORDER BY \"createdAt\" DESC LIMIT 50)","metadata":{},"environment":"production"}
{"timestamp":"2026-08-27T20:32:55.075Z","level":"WARN","category":"DatabaseManager","message":"PostgreSQL query failed: relation \"committee_reports\" does not exist (SQL: SELECT * FROM committee_reports ORDER BY \"createdAt\" DESC LIMIT 50)","metadata":{},"environment":"production"}
{"timestamp":"2026-08-27T20:32:55.115Z","level":"WARN","category":"DatabaseManager","message":"PostgreSQL query failed: relation \"tender_studies\" does not exist (SQL: SELECT * FROM tender_studies WHERE id::text = ANY($1::text[]))","metadata":{},"environment":"production"}
{"timestamp":"2026-08-27T20:32:55.120Z","level":"WARN","category":"DatabaseManager","message":"PostgreSQL query failed: relation \"variation_orders\" does not exist (SQL: SELECT * FROM variation_orders WHERE id::text = ANY($1::text[]))","metadata":{},"environment":"production"}
{"timestamp":"2026-08-27T20:32:55.136Z","level":"WARN","category":"DatabaseManager","message":"PostgreSQL query failed: relation \"committee_reports\" does not exist (SQL: SELECT * FROM committee_reports WHERE id::text = ANY($1::text[]))","metadata":{},"environment":"production"}
{"timestamp":"2026-08-27T20:37:51.461Z","level":"WARN","category":"DatabaseManager","message":"PostgreSQL query failed: column \"createdAt\" does not exist (SQL: SELECT * FROM tender_daily_reports ORDER BY \"createdAt\" DESC LIMIT 50)","metadata":{},"environment":"production"}
{"timestamp":"2026-08-27T20:37:51.463Z","level":"WARN","category":"DatabaseManager","message":"PostgreSQL query failed: relation \"tender_studies\" does not exist (SQL: SELECT * FROM tender_studies ORDER BY \"createdAt\" DESC LIMIT 50)","metadata":{},"environment":"production"}
{"timestamp":"2026-08-27T20:37:51.467Z","level":"WARN","category":"DatabaseManager","message":"PostgreSQL query failed: column \"createdAt\" does not exist (SQL: SELECT * FROM contract_variation_orders ORDER BY \"createdAt\" DESC LIMIT 50)","metadata":{},"environment":"production"}
{"timestamp":"2026-08-27T20:37:51.478Z","level":"WARN","category":"DatabaseManager","message":"PostgreSQL query failed: column \"createdAt\" does not exist (SQL: SELECT * FROM excavation_permits ORDER BY \"createdAt\" DESC LIMIT 50)","metadata":{},"environment":"production"}
{"timestamp":"2026-08-27T20:37:51.490Z","level":"WARN","category":"DatabaseManager","message":"PostgreSQL query failed: column \"createdAt\" does not exist (SQL: SELECT * FROM bank_guarantees ORDER BY \"createdAt\" DESC LIMIT 50)","metadata":{},"environment":"production"}
{"timestamp":"2026-08-27T20:37:51.500Z","level":"WARN","category":"DatabaseManager","message":"PostgreSQL query failed: column \"createdAt\" does not exist (SQL: SELECT * FROM structural_assets ORDER BY \"createdAt\" DESC LIMIT 50)","metadata":{},"environment":"production"}
{"timestamp":"2026-08-27T20:37:51.502Z","level":"WARN","category":"DatabaseManager","message":"PostgreSQL query failed: column \"createdAt\" does not exist (SQL: SELECT * FROM infrastructure_networks ORDER BY \"createdAt\" DESC LIMIT 50)","metadata":{},"environment":"production"}
{"timestamp":"2026-08-27T20:37:51.505Z","level":"WARN","category":"DatabaseManager","message":"PostgreSQL query failed: column \"createdAt\" does not exist (SQL: SELECT * FROM energy_assets ORDER BY \"createdAt\" DESC LIMIT 50)","metadata":{},"environment":"production"}
{"timestamp":"2026-08-27T20:37:51.572Z","level":"WARN","category":"DatabaseManager","message":"PostgreSQL query failed: relation \"committee_reports\" does not exist (SQL: SELECT * FROM committee_reports ORDER BY \"createdAt\" DESC LIMIT 50)","metadata":{},"environment":"production"}
{"timestamp":"2026-08-27T20:37:55.595Z","level":"WARN","category":"DatabaseManager","message":"PostgreSQL query failed: relation \"tender_studies\" does not exist (SQL: SELECT * FROM tender_studies WHERE id::text = ANY($1::text[]))","metadata":{},"environment":"production"}
{"timestamp":"2026-08-27T20:37:55.606Z","level":"WARN","category":"DatabaseManager","message":"PostgreSQL query failed: relation \"variation_orders\" does not exist (SQL: SELECT * FROM variation_orders WHERE id::text = ANY($1::text[]))","metadata":{},"environment":"production"}
{"timestamp":"2026-08-27T20:38:06.315Z","level":"WARN","category":"DatabaseManager","message":"PostgreSQL query failed: relation \"tender_studies\" does not exist (SQL: SELECT * FROM tender_studies WHERE id::text = ANY($1::text[]))","metadata":{},"environment":"production"}
{"timestamp":"2026-08-27T20:38:06.321Z","level":"WARN","category":"DatabaseManager","message":"PostgreSQL query failed: relation \"variation_orders\" does not exist (SQL: SELECT * FROM variation_orders WHERE id::text = ANY($1::text[]))","metadata":{},"environment":"production"}
{"timestamp":"2026-08-27T20:38:06.347Z","level":"WARN","category":"DatabaseManager","message":"PostgreSQL query failed: relation \"committee_reports\" does not exist (SQL: SELECT * FROM committee_reports WHERE id::text = ANY($1::text[]))","metadata":{},"environment":"production"}
{"timestamp":"2026-08-27T20:38:34.720Z","level":"INFO","category":"DatabaseManager","message":"✅ PostgreSQL Connection Pool Initialized Successfully.","metadata":{},"environment":"production"}
{"timestamp":"2026-08-27T20:38:35.256Z","level":"WARN","category":"DatabaseManager","message":"PostgreSQL query failed: column \"createdAt\" does not exist (SQL: SELECT * FROM tender_daily_reports ORDER BY \"createdAt\" DESC LIMIT 50)","metadata":{},"environment":"production"}
{"timestamp":"2026-08-27T20:38:35.267Z","level":"WARN","category":"DatabaseManager","message":"PostgreSQL query failed: relation \"tender_studies\" does not exist (SQL: SELECT * FROM tender_studies ORDER BY \"createdAt\" DESC LIMIT 50)","metadata":{},"environment":"production"}
{"timestamp":"2026-08-27T20:38:35.287Z","level":"WARN","category":"DatabaseManager","message":"PostgreSQL query failed: column \"createdAt\" does not exist (SQL: SELECT * FROM contract_variation_orders ORDER BY \"createdAt\" DESC LIMIT 50)","metadata":{},"environment":"production"}
{"timestamp":"2026-08-27T20:38:35.308Z","level":"WARN","category":"DatabaseManager","message":"PostgreSQL query failed: column \"createdAt\" does not exist (SQL: SELECT * FROM excavation_permits ORDER BY \"createdAt\" DESC LIMIT 50)","metadata":{},"environment":"production"}
{"timestamp":"2026-08-27T20:38:35.322Z","level":"WARN","category":"DatabaseManager","message":"PostgreSQL query failed: column \"createdAt\" does not exist (SQL: SELECT * FROM bank_guarantees ORDER BY \"createdAt\" DESC LIMIT 50)","metadata":{},"environment":"production"}
{"timestamp":"2026-08-27T20:38:35.333Z","level":"WARN","category":"DatabaseManager","message":"PostgreSQL query failed: column \"createdAt\" does not exist (SQL: SELECT * FROM structural_assets ORDER BY \"createdAt\" DESC LIMIT 50)","metadata":{},"environment":"production"}
{"timestamp":"2026-08-27T20:38:35.335Z","level":"WARN","category":"DatabaseManager","message":"PostgreSQL query failed: column \"createdAt\" does not exist (SQL: SELECT * FROM infrastructure_networks ORDER BY \"createdAt\" DESC LIMIT 50)","metadata":{},"environment":"production"}
{"timestamp":"2026-08-27T20:38:35.338Z","level":"WARN","category":"DatabaseManager","message":"PostgreSQL query failed: column \"createdAt\" does not exist (SQL: SELECT * FROM energy_assets ORDER BY \"createdAt\" DESC LIMIT 50)","metadata":{},"environment":"production"}
{"timestamp":"2026-08-27T20:38:35.347Z","level":"WARN","category":"DatabaseManager","message":"PostgreSQL query failed: relation \"committee_reports\" does not exist (SQL: SELECT * FROM committee_reports ORDER BY \"createdAt\" DESC LIMIT 50)","metadata":{},"environment":"production"}
{"timestamp":"2026-08-27T20:38:35.372Z","level":"WARN","category":"DatabaseManager","message":"PostgreSQL query failed: relation \"tender_studies\" does not exist (SQL: SELECT * FROM tender_studies WHERE id::text = ANY($1::text[]))","metadata":{},"environment":"production"}
{"timestamp":"2026-08-27T20:38:35.387Z","level":"WARN","category":"DatabaseManager","message":"PostgreSQL query failed: relation \"variation_orders\" does not exist (SQL: SELECT * FROM variation_orders WHERE id::text = ANY($1::text[]))","metadata":{},"environment":"production"}
{"timestamp":"2026-08-27T20:38:35.404Z","level":"WARN","category":"DatabaseManager","message":"PostgreSQL query failed: relation \"committee_reports\" does not exist (SQL: SELECT * FROM committee_reports WHERE id::text = ANY($1::text[]))","metadata":{},"environment":"production"}
{"timestamp":"2026-08-27T20:42:47.744Z","level":"INFO","category":"DatabaseManager","message":"✅ PostgreSQL Connection Pool Initialized Successfully.","metadata":{},"environment":"production"}
{"timestamp":"2026-08-27T20:42:48.096Z","level":"WARN","category":"DatabaseManager","message":"PostgreSQL query failed: column \"createdAt\" does not exist (SQL: SELECT * FROM tender_daily_reports ORDER BY \"createdAt\" DESC LIMIT 50)","metadata":{},"environment":"production"}
{"timestamp":"2026-08-27T20:42:48.101Z","level":"WARN","category":"DatabaseManager","message":"PostgreSQL query failed: relation \"tender_studies\" does not exist (SQL: SELECT * FROM tender_studies ORDER BY \"createdAt\" DESC LIMIT 50)","metadata":{},"environment":"production"}
{"timestamp":"2026-08-27T20:42:48.133Z","level":"WARN","category":"DatabaseManager","message":"PostgreSQL query failed: column \"createdAt\" does not exist (SQL: SELECT * FROM contract_variation_orders ORDER BY \"createdAt\" DESC LIMIT 50)","metadata":{},"environment":"production"}
{"timestamp":"2026-08-27T20:42:48.150Z","level":"WARN","category":"DatabaseManager","message":"PostgreSQL query failed: column \"createdAt\" does not exist (SQL: SELECT * FROM excavation_permits ORDER BY \"createdAt\" DESC LIMIT 50)","metadata":{},"environment":"production"}
{"timestamp":"2026-08-27T20:42:48.162Z","level":"WARN","category":"DatabaseManager","message":"PostgreSQL query failed: column \"createdAt\" does not exist (SQL: SELECT * FROM bank_guarantees ORDER BY \"createdAt\" DESC LIMIT 50)","metadata":{},"environment":"production"}
{"timestamp":"2026-08-27T20:42:48.177Z","level":"WARN","category":"DatabaseManager","message":"PostgreSQL query failed: column \"createdAt\" does not exist (SQL: SELECT * FROM structural_assets ORDER BY \"createdAt\" DESC LIMIT 50)","metadata":{},"environment":"production"}
{"timestamp":"2026-08-27T20:42:48.180Z","level":"WARN","category":"DatabaseManager","message":"PostgreSQL query failed: column \"createdAt\" does not exist (SQL: SELECT * FROM infrastructure_networks ORDER BY \"createdAt\" DESC LIMIT 50)","metadata":{},"environment":"production"}
{"timestamp":"2026-08-27T20:42:48.182Z","level":"WARN","category":"DatabaseManager","message":"PostgreSQL query failed: column \"createdAt\" does not exist (SQL: SELECT * FROM energy_assets ORDER BY \"createdAt\" DESC LIMIT 50)","metadata":{},"environment":"production"}
{"timestamp":"2026-08-27T20:42:48.184Z","level":"WARN","category":"DatabaseManager","message":"PostgreSQL query failed: relation \"committee_reports\" does not exist (SQL: SELECT * FROM committee_reports ORDER BY \"createdAt\" DESC LIMIT 50)","metadata":{},"environment":"production"}
{"timestamp":"2026-08-27T20:42:48.217Z","level":"WARN","category":"DatabaseManager","message":"PostgreSQL query failed: relation \"tender_studies\" does not exist (SQL: SELECT * FROM tender_studies WHERE id::text = ANY($1::text[]))","metadata":{},"environment":"production"}
{"timestamp":"2026-08-27T20:42:48.312Z","level":"WARN","category":"DatabaseManager","message":"PostgreSQL query failed: relation \"variation_orders\" does not exist (SQL: SELECT * FROM variation_orders WHERE id::text = ANY($1::text[]))","metadata":{},"environment":"production"}
{"timestamp":"2026-08-27T20:42:48.412Z","level":"WARN","category":"DatabaseManager","message":"PostgreSQL query failed: relation \"committee_reports\" does not exist (SQL: SELECT * FROM committee_reports WHERE id::text = ANY($1::text[]))","metadata":{},"environment":"production"}
{"timestamp":"2026-08-27T20:49:06.799Z","level":"INFO","category":"DatabaseManager","message":"✅ PostgreSQL Connection Pool Initialized Successfully.","metadata":{},"environment":"production"}
{"timestamp":"2026-08-27T20:50:56.664Z","level":"INFO","category":"DatabaseManager","message":"✅ PostgreSQL Connection Pool Initialized Successfully.","metadata":{},"environment":"production"}
{"timestamp":"2026-08-27T20:50:56.731Z","level":"WARN","category":"DatabaseManager","message":"PostgreSQL query failed: column \"createdAt\" does not exist (SQL: SELECT * FROM tender_daily_reports ORDER BY \"createdAt\" DESC LIMIT 50)","metadata":{},"environment":"production"}
{"timestamp":"2026-08-27T20:50:56.741Z","level":"WARN","category":"DatabaseManager","message":"PostgreSQL query failed: relation \"tender_studies\" does not exist (SQL: SELECT * FROM tender_studies ORDER BY \"createdAt\" DESC LIMIT 50)","metadata":{},"environment":"production"}
{"timestamp":"2026-08-27T20:50:56.760Z","level":"WARN","category":"DatabaseManager","message":"PostgreSQL query failed: column \"createdAt\" does not exist (SQL: SELECT * FROM contract_variation_orders ORDER BY \"createdAt\" DESC LIMIT 50)","metadata":{},"environment":"production"}
{"timestamp":"2026-08-27T20:50:56.778Z","level":"WARN","category":"DatabaseManager","message":"PostgreSQL query failed: column \"createdAt\" does not exist (SQL: SELECT * FROM excavation_permits ORDER BY \"createdAt\" DESC LIMIT 50)","metadata":{},"environment":"production"}
{"timestamp":"2026-08-27T20:50:56.800Z","level":"WARN","category":"DatabaseManager","message":"PostgreSQL query failed: column \"createdAt\" does not exist (SQL: SELECT * FROM bank_guarantees ORDER BY \"createdAt\" DESC LIMIT 50)","metadata":{},"environment":"production"}
{"timestamp":"2026-08-27T20:50:56.821Z","level":"WARN","category":"DatabaseManager","message":"PostgreSQL query failed: column \"createdAt\" does not exist (SQL: SELECT * FROM structural_assets ORDER BY \"createdAt\" DESC LIMIT 50)","metadata":{},"environment":"production"}
{"timestamp":"2026-08-27T20:50:56.849Z","level":"WARN","category":"DatabaseManager","message":"PostgreSQL query failed: column \"createdAt\" does not exist (SQL: SELECT * FROM infrastructure_networks ORDER BY \"createdAt\" DESC LIMIT 50)","metadata":{},"environment":"production"}
{"timestamp":"2026-08-27T20:50:56.865Z","level":"WARN","category":"DatabaseManager","message":"PostgreSQL query failed: column \"createdAt\" does not exist (SQL: SELECT * FROM energy_assets ORDER BY \"createdAt\" DESC LIMIT 50)","metadata":{},"environment":"production"}
{"timestamp":"2026-08-27T20:50:56.882Z","level":"WARN","category":"DatabaseManager","message":"PostgreSQL query failed: relation \"committee_reports\" does not exist (SQL: SELECT * FROM committee_reports ORDER BY \"createdAt\" DESC LIMIT 50)","metadata":{},"environment":"production"}
{"timestamp":"2026-08-27T20:50:56.937Z","level":"WARN","category":"DatabaseManager","message":"PostgreSQL query failed: relation \"tender_studies\" does not exist (SQL: SELECT * FROM tender_studies WHERE id::text = ANY($1::text[]))","metadata":{},"environment":"production"}
{"timestamp":"2026-08-27T20:50:56.944Z","level":"WARN","category":"DatabaseManager","message":"PostgreSQL query failed: relation \"variation_orders\" does not exist (SQL: SELECT * FROM variation_orders WHERE id::text = ANY($1::text[]))","metadata":{},"environment":"production"}
{"timestamp":"2026-08-27T20:50:56.985Z","level":"WARN","category":"DatabaseManager","message":"PostgreSQL query failed: relation \"committee_reports\" does not exist (SQL: SELECT * FROM committee_reports WHERE id::text = ANY($1::text[]))","metadata":{},"environment":"production"}
{"timestamp":"2026-08-27T21:04:12.669Z","level":"INFO","category":"DatabaseManager","message":"✅ PostgreSQL Connection Pool Initialized Successfully.","metadata":{},"environment":"production"}
{"timestamp":"2026-08-27T21:04:13.106Z","level":"WARN","category":"DatabaseManager","message":"PostgreSQL query failed: column \"createdAt\" does not exist (SQL: SELECT * FROM tender_daily_reports ORDER BY \"createdAt\" DESC LIMIT 50)","metadata":{},"environment":"production"}
{"timestamp":"2026-08-27T21:04:13.112Z","level":"WARN","category":"DatabaseManager","message":"PostgreSQL query failed: relation \"tender_studies\" does not exist (SQL: SELECT * FROM tender_studies ORDER BY \"createdAt\" DESC LIMIT 50)","metadata":{},"environment":"production"}
{"timestamp":"2026-08-27T21:04:13.131Z","level":"WARN","category":"DatabaseManager","message":"PostgreSQL query failed: column \"createdAt\" does not exist (SQL: SELECT * FROM contract_variation_orders ORDER BY \"createdAt\" DESC LIMIT 50)","metadata":{},"environment":"production"}
{"timestamp":"2026-08-27T21:04:13.148Z","level":"WARN","category":"DatabaseManager","message":"PostgreSQL query failed: column \"createdAt\" does not exist (SQL: SELECT * FROM excavation_permits ORDER BY \"createdAt\" DESC LIMIT 50)","metadata":{},"environment":"production"}
{"timestamp":"2026-08-27T21:04:13.160Z","level":"WARN","category":"DatabaseManager","message":"PostgreSQL query failed: column \"createdAt\" does not exist (SQL: SELECT * FROM bank_guarantees ORDER BY \"createdAt\" DESC LIMIT 50)","metadata":{},"environment":"production"}
{"timestamp":"2026-08-27T21:04:13.164Z","level":"WARN","category":"DatabaseManager","message":"PostgreSQL query failed: column \"createdAt\" does not exist (SQL: SELECT * FROM structural_assets ORDER BY \"createdAt\" DESC LIMIT 50)","metadata":{},"environment":"production"}
{"timestamp":"2026-08-27T21:04:13.166Z","level":"WARN","category":"DatabaseManager","message":"PostgreSQL query failed: column \"createdAt\" does not exist (SQL: SELECT * FROM infrastructure_networks ORDER BY \"createdAt\" DESC LIMIT 50)","metadata":{},"environment":"production"}
{"timestamp":"2026-08-27T21:04:13.168Z","level":"WARN","category":"DatabaseManager","message":"PostgreSQL query failed: column \"createdAt\" does not exist (SQL: SELECT * FROM energy_assets ORDER BY \"createdAt\" DESC LIMIT 50)","metadata":{},"environment":"production"}
{"timestamp":"2026-08-27T21:04:13.173Z","level":"WARN","category":"DatabaseManager","message":"PostgreSQL query failed: relation \"committee_reports\" does not exist (SQL: SELECT * FROM committee_reports ORDER BY \"createdAt\" DESC LIMIT 50)","metadata":{},"environment":"production"}
{"timestamp":"2026-08-27T21:04:13.201Z","level":"WARN","category":"DatabaseManager","message":"PostgreSQL query failed: relation \"tender_studies\" does not exist (SQL: SELECT * FROM tender_studies WHERE id::text = ANY($1::text[]))","metadata":{},"environment":"production"}
{"timestamp":"2026-08-27T21:04:13.209Z","level":"WARN","category":"DatabaseManager","message":"PostgreSQL query failed: relation \"variation_orders\" does not exist (SQL: SELECT * FROM variation_orders WHERE id::text = ANY($1::text[]))","metadata":{},"environment":"production"}
{"timestamp":"2026-08-27T21:04:13.221Z","level":"WARN","category":"DatabaseManager","message":"PostgreSQL query failed: relation \"committee_reports\" does not exist (SQL: SELECT * FROM committee_reports WHERE id::text = ANY($1::text[]))","metadata":{},"environment":"production"}
{"timestamp":"2026-08-27T21:07:39.940Z","level":"INFO","category":"DatabaseManager","message":"✅ PostgreSQL Connection Pool Initialized Successfully.","metadata":{},"environment":"production"}
{"timestamp":"2026-08-27T21:07:40.119Z","level":"WARN","category":"DatabaseManager","message":"PostgreSQL query failed: column \"createdAt\" does not exist (SQL: SELECT * FROM tender_daily_reports ORDER BY \"createdAt\" DESC LIMIT 50)","metadata":{},"environment":"production"}
{"timestamp":"2026-08-27T21:07:40.171Z","level":"WARN","category":"DatabaseManager","message":"PostgreSQL query failed: relation \"tender_studies\" does not exist (SQL: SELECT * FROM tender_studies ORDER BY \"createdAt\" DESC LIMIT 50)","metadata":{},"environment":"production"}
{"timestamp":"2026-08-27T21:07:40.177Z","level":"WARN","category":"DatabaseManager","message":"PostgreSQL query failed: column \"createdAt\" does not exist (SQL: SELECT * FROM contract_variation_orders ORDER BY \"createdAt\" DESC LIMIT 50)","metadata":{},"environment":"production"}
{"timestamp":"2026-08-27T21:07:40.182Z","level":"WARN","category":"DatabaseManager","message":"PostgreSQL query failed: column \"createdAt\" does not exist (SQL: SELECT * FROM excavation_permits ORDER BY \"createdAt\" DESC LIMIT 50)","metadata":{},"environment":"production"}
{"timestamp":"2026-08-27T21:07:40.189Z","level":"WARN","category":"DatabaseManager","message":"PostgreSQL query failed: column \"createdAt\" does not exist (SQL: SELECT * FROM bank_guarantees ORDER BY \"createdAt\" DESC LIMIT 50)","metadata":{},"environment":"production"}
{"timestamp":"2026-08-27T21:07:40.192Z","level":"WARN","category":"DatabaseManager","message":"PostgreSQL query failed: column \"createdAt\" does not exist (SQL: SELECT * FROM structural_assets ORDER BY \"createdAt\" DESC LIMIT 50)","metadata":{},"environment":"production"}
{"timestamp":"2026-08-27T21:07:40.193Z","level":"WARN","category":"DatabaseManager","message":"PostgreSQL query failed: column \"createdAt\" does not exist (SQL: SELECT * FROM infrastructure_networks ORDER BY \"createdAt\" DESC LIMIT 50)","metadata":{},"environment":"production"}
{"timestamp":"2026-08-27T21:07:40.195Z","level":"WARN","category":"DatabaseManager","message":"PostgreSQL query failed: column \"createdAt\" does not exist (SQL: SELECT * FROM energy_assets ORDER BY \"createdAt\" DESC LIMIT 50)","metadata":{},"environment":"production"}
{"timestamp":"2026-08-27T21:07:40.199Z","level":"WARN","category":"DatabaseManager","message":"PostgreSQL query failed: relation \"committee_reports\" does not exist (SQL: SELECT * FROM committee_reports ORDER BY \"createdAt\" DESC LIMIT 50)","metadata":{},"environment":"production"}
{"timestamp":"2026-08-27T21:07:40.216Z","level":"WARN","category":"DatabaseManager","message":"PostgreSQL query failed: relation \"tender_studies\" does not exist (SQL: SELECT * FROM tender_studies WHERE id::text = ANY($1::text[]))","metadata":{},"environment":"production"}
{"timestamp":"2026-08-27T21:07:40.227Z","level":"WARN","category":"DatabaseManager","message":"PostgreSQL query failed: relation \"variation_orders\" does not exist (SQL: SELECT * FROM variation_orders WHERE id::text = ANY($1::text[]))","metadata":{},"environment":"production"}
{"timestamp":"2026-08-27T21:07:40.240Z","level":"WARN","category":"DatabaseManager","message":"PostgreSQL query failed: relation \"committee_reports\" does not exist (SQL: SELECT * FROM committee_reports WHERE id::text = ANY($1::text[]))","metadata":{},"environment":"production"}
{"timestamp":"2026-08-27T21:11:31.195Z","level":"INFO","category":"DatabaseManager","message":"✅ PostgreSQL Connection Pool Initialized Successfully.","metadata":{},"environment":"production"}
{"timestamp":"2026-08-27T21:11:31.297Z","level":"WARN","category":"DatabaseManager","message":"PostgreSQL query failed: column \"createdAt\" does not exist (SQL: SELECT * FROM tender_daily_reports ORDER BY \"createdAt\" DESC LIMIT 50)","metadata":{},"environment":"production"}
{"timestamp":"2026-08-27T21:11:31.300Z","level":"WARN","category":"DatabaseManager","message":"PostgreSQL query failed: relation \"tender_studies\" does not exist (SQL: SELECT * FROM tender_studies ORDER BY \"createdAt\" DESC LIMIT 50)","metadata":{},"environment":"production"}
{"timestamp":"2026-08-27T21:11:31.320Z","level":"WARN","category":"DatabaseManager","message":"PostgreSQL query failed: column \"createdAt\" does not exist (SQL: SELECT * FROM contract_variation_orders ORDER BY \"createdAt\" DESC LIMIT 50)","metadata":{},"environment":"production"}
{"timestamp":"2026-08-27T21:11:31.375Z","level":"WARN","category":"DatabaseManager","message":"PostgreSQL query failed: column \"createdAt\" does not exist (SQL: SELECT * FROM excavation_permits ORDER BY \"createdAt\" DESC LIMIT 50)","metadata":{},"environment":"production"}
{"timestamp":"2026-08-27T21:11:31.380Z","level":"WARN","category":"DatabaseManager","message":"PostgreSQL query failed: column \"createdAt\" does not exist (SQL: SELECT * FROM bank_guarantees ORDER BY \"createdAt\" DESC LIMIT 50)","metadata":{},"environment":"production"}
{"timestamp":"2026-08-27T21:11:31.390Z","level":"WARN","category":"DatabaseManager","message":"PostgreSQL query failed: column \"createdAt\" does not exist (SQL: SELECT * FROM structural_assets ORDER BY \"createdAt\" DESC LIMIT 50)","metadata":{},"environment":"production"}
{"timestamp":"2026-08-27T21:11:31.392Z","level":"WARN","category":"DatabaseManager","message":"PostgreSQL query failed: column \"createdAt\" does not exist (SQL: SELECT * FROM infrastructure_networks ORDER BY \"createdAt\" DESC LIMIT 50)","metadata":{},"environment":"production"}
{"timestamp":"2026-08-27T21:11:31.393Z","level":"WARN","category":"DatabaseManager","message":"PostgreSQL query failed: column \"createdAt\" does not exist (SQL: SELECT * FROM energy_assets ORDER BY \"createdAt\" DESC LIMIT 50)","metadata":{},"environment":"production"}
{"timestamp":"2026-08-27T21:11:31.394Z","level":"WARN","category":"DatabaseManager","message":"PostgreSQL query failed: relation \"committee_reports\" does not exist (SQL: SELECT * FROM committee_reports ORDER BY \"createdAt\" DESC LIMIT 50)","metadata":{},"environment":"production"}
{"timestamp":"2026-08-27T21:11:31.412Z","level":"WARN","category":"DatabaseManager","message":"PostgreSQL query failed: relation \"tender_studies\" does not exist (SQL: SELECT * FROM tender_studies WHERE id::text = ANY($1::text[]))","metadata":{},"environment":"production"}
{"timestamp":"2026-08-27T21:11:31.414Z","level":"WARN","category":"DatabaseManager","message":"PostgreSQL query failed: relation \"variation_orders\" does not exist (SQL: SELECT * FROM variation_orders WHERE id::text = ANY($1::text[]))","metadata":{},"environment":"production"}
{"timestamp":"2026-08-27T21:11:31.422Z","level":"WARN","category":"DatabaseManager","message":"PostgreSQL query failed: relation \"committee_reports\" does not exist (SQL: SELECT * FROM committee_reports WHERE id::text = ANY($1::text[]))","metadata":{},"environment":"production"}
{"timestamp":"2026-08-27T21:17:23.063Z","level":"INFO","category":"DatabaseManager","message":"✅ PostgreSQL Connection Pool Initialized Successfully.","metadata":{},"environment":"production"}
{"timestamp":"2026-08-27T21:17:23.282Z","level":"WARN","category":"DatabaseManager","message":"PostgreSQL query failed: column \"createdAt\" does not exist (SQL: SELECT * FROM tender_daily_reports ORDER BY \"createdAt\" DESC LIMIT 50)","metadata":{},"environment":"production"}
{"timestamp":"2026-08-27T21:17:23.283Z","level":"WARN","category":"DatabaseManager","message":"PostgreSQL query failed: relation \"tender_studies\" does not exist (SQL: SELECT * FROM tender_studies ORDER BY \"createdAt\" DESC LIMIT 50)","metadata":{},"environment":"production"}
{"timestamp":"2026-08-27T21:17:23.286Z","level":"WARN","category":"DatabaseManager","message":"PostgreSQL query failed: column \"createdAt\" does not exist (SQL: SELECT * FROM contract_variation_orders ORDER BY \"createdAt\" DESC LIMIT 50)","metadata":{},"environment":"production"}
{"timestamp":"2026-08-27T21:17:23.289Z","level":"WARN","category":"DatabaseManager","message":"PostgreSQL query failed: column \"createdAt\" does not exist (SQL: SELECT * FROM excavation_permits ORDER BY \"createdAt\" DESC LIMIT 50)","metadata":{},"environment":"production"}
{"timestamp":"2026-08-27T21:17:23.294Z","level":"WARN","category":"DatabaseManager","message":"PostgreSQL query failed: column \"createdAt\" does not exist (SQL: SELECT * FROM bank_guarantees ORDER BY \"createdAt\" DESC LIMIT 50)","metadata":{},"environment":"production"}
{"timestamp":"2026-08-27T21:17:23.297Z","level":"WARN","category":"DatabaseManager","message":"PostgreSQL query failed: column \"createdAt\" does not exist (SQL: SELECT * FROM structural_assets ORDER BY \"createdAt\" DESC LIMIT 50)","metadata":{},"environment":"production"}
{"timestamp":"2026-08-27T21:17:23.299Z","level":"WARN","category":"DatabaseManager","message":"PostgreSQL query failed: column \"createdAt\" does not exist (SQL: SELECT * FROM infrastructure_networks ORDER BY \"createdAt\" DESC LIMIT 50)","metadata":{},"environment":"production"}
{"timestamp":"2026-08-27T21:17:23.301Z","level":"WARN","category":"DatabaseManager","message":"PostgreSQL query failed: column \"createdAt\" does not exist (SQL: SELECT * FROM energy_assets ORDER BY \"createdAt\" DESC LIMIT 50)","metadata":{},"environment":"production"}
{"timestamp":"2026-08-27T21:17:23.305Z","level":"WARN","category":"DatabaseManager","message":"PostgreSQL query failed: relation \"committee_reports\" does not exist (SQL: SELECT * FROM committee_reports ORDER BY \"createdAt\" DESC LIMIT 50)","metadata":{},"environment":"production"}
{"timestamp":"2026-08-27T21:17:23.334Z","level":"WARN","category":"DatabaseManager","message":"PostgreSQL query failed: relation \"tender_studies\" does not exist (SQL: SELECT * FROM tender_studies WHERE id::text = ANY($1::text[]))","metadata":{},"environment":"production"}
{"timestamp":"2026-08-27T21:17:23.409Z","level":"WARN","category":"DatabaseManager","message":"PostgreSQL query failed: relation \"variation_orders\" does not exist (SQL: SELECT * FROM variation_orders WHERE id::text = ANY($1::text[]))","metadata":{},"environment":"production"}
{"timestamp":"2026-08-27T21:17:23.435Z","level":"WARN","category":"DatabaseManager","message":"PostgreSQL query failed: relation \"committee_reports\" does not exist (SQL: SELECT * FROM committee_reports WHERE id::text = ANY($1::text[]))","metadata":{},"environment":"production"}
{"timestamp":"2026-08-27T21:32:52.494Z","level":"INFO","category":"DatabaseManager","message":"✅ PostgreSQL Connection Pool Initialized Successfully.","metadata":{},"environment":"production"}
{"timestamp":"2026-08-27T21:32:52.621Z","level":"WARN","category":"DatabaseManager","message":"PostgreSQL query failed: column \"createdAt\" does not exist (SQL: SELECT * FROM tender_daily_reports ORDER BY \"createdAt\" DESC LIMIT 50)","metadata":{},"environment":"production"}
{"timestamp":"2026-08-27T21:32:52.625Z","level":"WARN","category":"DatabaseManager","message":"PostgreSQL query failed: relation \"tender_studies\" does not exist (SQL: SELECT * FROM tender_studies ORDER BY \"createdAt\" DESC LIMIT 50)","metadata":{},"environment":"production"}
{"timestamp":"2026-08-27T21:32:52.645Z","level":"WARN","category":"DatabaseManager","message":"PostgreSQL query failed: column \"createdAt\" does not exist (SQL: SELECT * FROM contract_variation_orders ORDER BY \"createdAt\" DESC LIMIT 50)","metadata":{},"environment":"production"}
{"timestamp":"2026-08-27T21:32:52.665Z","level":"WARN","category":"DatabaseManager","message":"PostgreSQL query failed: column \"createdAt\" does not exist (SQL: SELECT * FROM excavation_permits ORDER BY \"createdAt\" DESC LIMIT 50)","metadata":{},"environment":"production"}
{"timestamp":"2026-08-27T21:32:52.686Z","level":"WARN","category":"DatabaseManager","message":"PostgreSQL query failed: column \"createdAt\" does not exist (SQL: SELECT * FROM bank_guarantees ORDER BY \"createdAt\" DESC LIMIT 50)","metadata":{},"environment":"production"}
{"timestamp":"2026-08-27T21:32:52.726Z","level":"WARN","category":"DatabaseManager","message":"PostgreSQL query failed: column \"createdAt\" does not exist (SQL: SELECT * FROM structural_assets ORDER BY \"createdAt\" DESC LIMIT 50)","metadata":{},"environment":"production"}
{"timestamp":"2026-08-27T21:32:52.731Z","level":"WARN","category":"DatabaseManager","message":"PostgreSQL query failed: column \"createdAt\" does not exist (SQL: SELECT * FROM infrastructure_networks ORDER BY \"createdAt\" DESC LIMIT 50)","metadata":{},"environment":"production"}
{"timestamp":"2026-08-27T21:32:52.736Z","level":"WARN","category":"DatabaseManager","message":"PostgreSQL query failed: column \"createdAt\" does not exist (SQL: SELECT * FROM energy_assets ORDER BY \"createdAt\" DESC LIMIT 50)","metadata":{},"environment":"production"}
{"timestamp":"2026-08-27T21:32:52.743Z","level":"WARN","category":"DatabaseManager","message":"PostgreSQL query failed: relation \"committee_reports\" does not exist (SQL: SELECT * FROM committee_reports ORDER BY \"createdAt\" DESC LIMIT 50)","metadata":{},"environment":"production"}
{"timestamp":"2026-08-27T21:32:52.822Z","level":"WARN","category":"DatabaseManager","message":"PostgreSQL query failed: relation \"tender_studies\" does not exist (SQL: SELECT * FROM tender_studies WHERE id::text = ANY($1::text[]))","metadata":{},"environment":"production"}
{"timestamp":"2026-08-27T21:32:52.846Z","level":"WARN","category":"DatabaseManager","message":"PostgreSQL query failed: relation \"variation_orders\" does not exist (SQL: SELECT * FROM variation_orders WHERE id::text = ANY($1::text[]))","metadata":{},"environment":"production"}
{"timestamp":"2026-08-27T21:32:52.883Z","level":"WARN","category":"DatabaseManager","message":"PostgreSQL query failed: relation \"committee_reports\" does not exist (SQL: SELECT * FROM committee_reports WHERE id::text = ANY($1::text[]))","metadata":{},"environment":"production"}
{"timestamp":"2026-08-27T21:38:10.514Z","level":"INFO","category":"DatabaseManager","message":"✅ PostgreSQL Connection Pool Initialized Successfully.","metadata":{},"environment":"production"}
{"timestamp":"2026-08-27T21:38:10.692Z","level":"WARN","category":"DatabaseManager","message":"PostgreSQL query failed: column \"createdAt\" does not exist (SQL: SELECT * FROM tender_daily_reports ORDER BY \"createdAt\" DESC LIMIT 50)","metadata":{},"environment":"production"}
{"timestamp":"2026-08-27T21:38:10.693Z","level":"WARN","category":"DatabaseManager","message":"PostgreSQL query failed: relation \"tender_studies\" does not exist (SQL: SELECT * FROM tender_studies ORDER BY \"createdAt\" DESC LIMIT 50)","metadata":{},"environment":"production"}
{"timestamp":"2026-08-27T21:38:10.700Z","level":"WARN","category":"DatabaseManager","message":"PostgreSQL query failed: column \"createdAt\" does not exist (SQL: SELECT * FROM contract_variation_orders ORDER BY \"createdAt\" DESC LIMIT 50)","metadata":{},"environment":"production"}
{"timestamp":"2026-08-27T21:38:10.707Z","level":"WARN","category":"DatabaseManager","message":"PostgreSQL query failed: column \"createdAt\" does not exist (SQL: SELECT * FROM excavation_permits ORDER BY \"createdAt\" DESC LIMIT 50)","metadata":{},"environment":"production"}
{"timestamp":"2026-08-27T21:38:10.719Z","level":"WARN","category":"DatabaseManager","message":"PostgreSQL query failed: column \"createdAt\" does not exist (SQL: SELECT * FROM bank_guarantees ORDER BY \"createdAt\" DESC LIMIT 50)","metadata":{},"environment":"production"}
{"timestamp":"2026-08-27T21:38:10.737Z","level":"WARN","category":"DatabaseManager","message":"PostgreSQL query failed: column \"createdAt\" does not exist (SQL: SELECT * FROM structural_assets ORDER BY \"createdAt\" DESC LIMIT 50)","metadata":{},"environment":"production"}
{"timestamp":"2026-08-27T21:38:10.738Z","level":"WARN","category":"DatabaseManager","message":"PostgreSQL query failed: column \"createdAt\" does not exist (SQL: SELECT * FROM infrastructure_networks ORDER BY \"createdAt\" DESC LIMIT 50)","metadata":{},"environment":"production"}
{"timestamp":"2026-08-27T21:38:10.739Z","level":"WARN","category":"DatabaseManager","message":"PostgreSQL query failed: column \"createdAt\" does not exist (SQL: SELECT * FROM energy_assets ORDER BY \"createdAt\" DESC LIMIT 50)","metadata":{},"environment":"production"}
{"timestamp":"2026-08-27T21:38:10.771Z","level":"WARN","category":"DatabaseManager","message":"PostgreSQL query failed: relation \"committee_reports\" does not exist (SQL: SELECT * FROM committee_reports ORDER BY \"createdAt\" DESC LIMIT 50)","metadata":{},"environment":"production"}
{"timestamp":"2026-08-27T21:38:10.817Z","level":"WARN","category":"DatabaseManager","message":"PostgreSQL query failed: relation \"tender_studies\" does not exist (SQL: SELECT * FROM tender_studies WHERE id::text = ANY($1::text[]))","metadata":{},"environment":"production"}
{"timestamp":"2026-08-27T21:38:10.955Z","level":"WARN","category":"DatabaseManager","message":"PostgreSQL query failed: relation \"variation_orders\" does not exist (SQL: SELECT * FROM variation_orders WHERE id::text = ANY($1::text[]))","metadata":{},"environment":"production"}
{"timestamp":"2026-08-27T21:38:11.010Z","level":"WARN","category":"DatabaseManager","message":"PostgreSQL query failed: relation \"committee_reports\" does not exist (SQL: SELECT * FROM committee_reports WHERE id::text = ANY($1::text[]))","metadata":{},"environment":"production"}
{"timestamp":"2026-08-27T21:38:23.607Z","level":"INFO","category":"DatabaseManager","message":"✅ PostgreSQL Connection Pool Initialized Successfully.","metadata":{},"environment":"production"}
{"timestamp":"2026-08-27T21:39:15.318Z","level":"INFO","category":"DatabaseManager","message":"✅ PostgreSQL Connection Pool Initialized Successfully.","metadata":{},"environment":"production"}
{"timestamp":"2026-08-27T21:39:28.123Z","level":"INFO","category":"DatabaseManager","message":"✅ PostgreSQL Connection Pool Initialized Successfully.","metadata":{},"environment":"production"}
{"timestamp":"2026-08-28T16:07:05.380Z","level":"INFO","category":"DatabaseManager","message":"✅ PostgreSQL Connection Pool Initialized Successfully.","metadata":{},"environment":"production"}
{"timestamp":"2026-08-28T16:24:01.155Z","level":"INFO","category":"DatabaseManager","message":"✅ PostgreSQL Connection Pool Initialized Successfully.","metadata":{},"environment":"production"}
{"timestamp":"2026-08-28T16:24:01.217Z","level":"WARN","category":"DatabaseManager","message":"PostgreSQL query failed: column \"createdAt\" does not exist (SQL: SELECT * FROM tender_daily_reports ORDER BY \"createdAt\" DESC LIMIT 50)","metadata":{},"environment":"production"}
{"timestamp":"2026-08-28T16:24:01.219Z","level":"WARN","category":"DatabaseManager","message":"PostgreSQL query failed: relation \"tender_studies\" does not exist (SQL: SELECT * FROM tender_studies ORDER BY \"createdAt\" DESC LIMIT 50)","metadata":{},"environment":"production"}
{"timestamp":"2026-08-28T16:24:01.227Z","level":"WARN","category":"DatabaseManager","message":"PostgreSQL query failed: column \"createdAt\" does not exist (SQL: SELECT * FROM contract_variation_orders ORDER BY \"createdAt\" DESC LIMIT 50)","metadata":{},"environment":"production"}
{"timestamp":"2026-08-28T16:24:01.234Z","level":"WARN","category":"DatabaseManager","message":"PostgreSQL query failed: column \"createdAt\" does not exist (SQL: SELECT * FROM excavation_permits ORDER BY \"createdAt\" DESC LIMIT 50)","metadata":{},"environment":"production"}
{"timestamp":"2026-08-28T16:24:01.253Z","level":"WARN","category":"DatabaseManager","message":"PostgreSQL query failed: column \"createdAt\" does not exist (SQL: SELECT * FROM bank_guarantees ORDER BY \"createdAt\" DESC LIMIT 50)","metadata":{},"environment":"production"}
{"timestamp":"2026-08-28T16:24:01.278Z","level":"WARN","category":"DatabaseManager","message":"PostgreSQL query failed: column \"createdAt\" does not exist (SQL: SELECT * FROM structural_assets ORDER BY \"createdAt\" DESC LIMIT 50)","metadata":{},"environment":"production"}
{"timestamp":"2026-08-28T16:24:01.280Z","level":"WARN","category":"DatabaseManager","message":"PostgreSQL query failed: column \"createdAt\" does not exist (SQL: SELECT * FROM infrastructure_networks ORDER BY \"createdAt\" DESC LIMIT 50)","metadata":{},"environment":"production"}
{"timestamp":"2026-08-28T16:24:01.281Z","level":"WARN","category":"DatabaseManager","message":"PostgreSQL query failed: column \"createdAt\" does not exist (SQL: SELECT * FROM energy_assets ORDER BY \"createdAt\" DESC LIMIT 50)","metadata":{},"environment":"production"}
{"timestamp":"2026-08-28T16:24:01.412Z","level":"WARN","category":"DatabaseManager","message":"PostgreSQL query failed: relation \"committee_reports\" does not exist (SQL: SELECT * FROM committee_reports ORDER BY \"createdAt\" DESC LIMIT 50)","metadata":{},"environment":"production"}
{"timestamp":"2026-08-28T16:24:01.554Z","level":"WARN","category":"DatabaseManager","message":"PostgreSQL query failed: relation \"tender_studies\" does not exist (SQL: SELECT * FROM tender_studies WHERE id::text = ANY($1::text[]))","metadata":{},"environment":"production"}
{"timestamp":"2026-08-28T16:24:01.629Z","level":"WARN","category":"DatabaseManager","message":"PostgreSQL query failed: relation \"variation_orders\" does not exist (SQL: SELECT * FROM variation_orders WHERE id::text = ANY($1::text[]))","metadata":{},"environment":"production"}
{"timestamp":"2026-08-28T16:24:01.725Z","level":"WARN","category":"DatabaseManager","message":"PostgreSQL query failed: relation \"committee_reports\" does not exist (SQL: SELECT * FROM committee_reports WHERE id::text = ANY($1::text[]))","metadata":{},"environment":"production"}
{"timestamp":"2026-08-28T16:24:02.456Z","level":"INFO","category":"DatabaseManager","message":"✅ PostgreSQL Connection Pool Initialized Successfully.","metadata":{},"environment":"production"}
{"timestamp":"2026-08-28T16:24:27.683Z","level":"INFO","category":"DatabaseManager","message":"✅ PostgreSQL Connection Pool Initialized Successfully.","metadata":{},"environment":"production"}
{"timestamp":"2026-08-28T16:24:43.125Z","level":"INFO","category":"DatabaseManager","message":"✅ PostgreSQL Connection Pool Initialized Successfully.","metadata":{},"environment":"production"}
{"timestamp":"2026-08-28T16:24:52.279Z","level":"INFO","category":"DatabaseManager","message":"✅ PostgreSQL Connection Pool Initialized Successfully.","metadata":{},"environment":"production"}
{"timestamp":"2026-08-28T16:25:09.154Z","level":"INFO","category":"DatabaseManager","message":"✅ PostgreSQL Connection Pool Initialized Successfully.","metadata":{},"environment":"production"}
{"timestamp":"2026-08-28T16:25:16.409Z","level":"INFO","category":"DatabaseManager","message":"✅ PostgreSQL Connection Pool Initialized Successfully.","metadata":{},"environment":"production"}
{"timestamp":"2026-08-28T16:25:24.781Z","level":"INFO","category":"DatabaseManager","message":"✅ PostgreSQL Connection Pool Initialized Successfully.","metadata":{},"environment":"production"}
{"timestamp":"2026-08-28T16:25:31.382Z","level":"INFO","category":"EngineRegistry","message":"✅ All 17 Enterprise Engines successfully registered.","metadata":{},"environment":"production"}
{"timestamp":"2026-08-28T16:25:31.446Z","level":"INFO","category":"DatabaseManager","message":"✅ PostgreSQL Connection Pool Initialized Successfully.","metadata":{},"environment":"production"}
{"timestamp":"2026-08-28T16:25:41.388Z","level":"INFO","category":"EngineRegistry","message":"✅ All 17 Enterprise Engines successfully registered.","metadata":{},"environment":"production"}
{"timestamp":"2026-08-28T16:25:41.457Z","level":"INFO","category":"DatabaseManager","message":"✅ PostgreSQL Connection Pool Initialized Successfully.","metadata":{},"environment":"production"}
{"timestamp":"2026-08-28T16:25:53.246Z","level":"INFO","category":"EngineRegistry","message":"✅ All 17 Enterprise Engines successfully registered.","metadata":{},"environment":"production"}
{"timestamp":"2026-08-28T16:25:53.407Z","level":"INFO","category":"DatabaseManager","message":"✅ PostgreSQL Connection Pool Initialized Successfully.","metadata":{},"environment":"production"}
{"timestamp":"2026-08-28T16:26:05.278Z","level":"INFO","category":"EngineRegistry","message":"✅ All 17 Enterprise Engines successfully registered.","metadata":{},"environment":"production"}
{"timestamp":"2026-08-28T16:26:05.424Z","level":"INFO","category":"DatabaseManager","message":"✅ PostgreSQL Connection Pool Initialized Successfully.","metadata":{},"environment":"production"}
{"timestamp":"2026-08-28T16:26:05.527Z","level":"WARN","category":"DatabaseManager","message":"PostgreSQL query failed: column \"createdAt\" does not exist (SQL: SELECT * FROM tender_daily_reports ORDER BY \"createdAt\" DESC LIMIT 50)","metadata":{},"environment":"production"}
{"timestamp":"2026-08-28T16:26:05.528Z","level":"WARN","category":"DatabaseManager","message":"PostgreSQL query failed: relation \"tender_studies\" does not exist (SQL: SELECT * FROM tender_studies ORDER BY \"createdAt\" DESC LIMIT 50)","metadata":{},"environment":"production"}
{"timestamp":"2026-08-28T16:26:05.538Z","level":"WARN","category":"DatabaseManager","message":"PostgreSQL query failed: column \"createdAt\" does not exist (SQL: SELECT * FROM contract_variation_orders ORDER BY \"createdAt\" DESC LIMIT 50)","metadata":{},"environment":"production"}
{"timestamp":"2026-08-28T16:26:05.545Z","level":"WARN","category":"DatabaseManager","message":"PostgreSQL query failed: column \"createdAt\" does not exist (SQL: SELECT * FROM excavation_permits ORDER BY \"createdAt\" DESC LIMIT 50)","metadata":{},"environment":"production"}
{"timestamp":"2026-08-28T16:26:05.558Z","level":"WARN","category":"DatabaseManager","message":"PostgreSQL query failed: column \"createdAt\" does not exist (SQL: SELECT * FROM bank_guarantees ORDER BY \"createdAt\" DESC LIMIT 50)","metadata":{},"environment":"production"}
{"timestamp":"2026-08-28T16:26:05.574Z","level":"WARN","category":"DatabaseManager","message":"PostgreSQL query failed: column \"createdAt\" does not exist (SQL: SELECT * FROM structural_assets ORDER BY \"createdAt\" DESC LIMIT 50)","metadata":{},"environment":"production"}
{"timestamp":"2026-08-28T16:26:05.575Z","level":"WARN","category":"DatabaseManager","message":"PostgreSQL query failed: column \"createdAt\" does not exist (SQL: SELECT * FROM infrastructure_networks ORDER BY \"createdAt\" DESC LIMIT 50)","metadata":{},"environment":"production"}
{"timestamp":"2026-08-28T16:26:05.576Z","level":"WARN","category":"DatabaseManager","message":"PostgreSQL query failed: column \"createdAt\" does not exist (SQL: SELECT * FROM energy_assets ORDER BY \"createdAt\" DESC LIMIT 50)","metadata":{},"environment":"production"}
{"timestamp":"2026-08-28T16:26:05.851Z","level":"WARN","category":"DatabaseManager","message":"PostgreSQL query failed: relation \"committee_reports\" does not exist (SQL: SELECT * FROM committee_reports ORDER BY \"createdAt\" DESC LIMIT 50)","metadata":{},"environment":"production"}
{"timestamp":"2026-08-28T16:26:05.959Z","level":"WARN","category":"DatabaseManager","message":"PostgreSQL query failed: relation \"tender_studies\" does not exist (SQL: SELECT * FROM tender_studies WHERE id::text = ANY($1::text[]))","metadata":{},"environment":"production"}
{"timestamp":"2026-08-28T16:26:06.062Z","level":"WARN","category":"DatabaseManager","message":"PostgreSQL query failed: relation \"variation_orders\" does not exist (SQL: SELECT * FROM variation_orders WHERE id::text = ANY($1::text[]))","metadata":{},"environment":"production"}
{"timestamp":"2026-08-28T16:26:06.170Z","level":"WARN","category":"DatabaseManager","message":"PostgreSQL query failed: relation \"committee_reports\" does not exist (SQL: SELECT * FROM committee_reports WHERE id::text = ANY($1::text[]))","metadata":{},"environment":"production"}
{"timestamp":"2026-08-28T16:26:06.833Z","level":"INFO","category":"EngineRegistry","message":"✅ All 17 Enterprise Engines successfully registered.","metadata":{},"environment":"production"}
{"timestamp":"2026-08-28T16:26:06.900Z","level":"INFO","category":"DatabaseManager","message":"✅ PostgreSQL Connection Pool Initialized Successfully.","metadata":{},"environment":"production"}
{"timestamp":"2026-08-28T16:26:12.216Z","level":"INFO","category":"EngineRegistry","message":"✅ All 17 Enterprise Engines successfully registered.","metadata":{},"environment":"production"}
{"timestamp":"2026-08-28T16:26:12.281Z","level":"INFO","category":"DatabaseManager","message":"✅ PostgreSQL Connection Pool Initialized Successfully.","metadata":{},"environment":"production"}
{"timestamp":"2026-08-28T16:26:15.643Z","level":"INFO","category":"EngineRegistry","message":"✅ All 17 Enterprise Engines successfully registered.","metadata":{},"environment":"production"}
{"timestamp":"2026-08-28T16:26:15.700Z","level":"INFO","category":"DatabaseManager","message":"✅ PostgreSQL Connection Pool Initialized Successfully.","metadata":{},"environment":"production"}
{"timestamp":"2026-08-28T16:26:17.967Z","level":"INFO","category":"EngineRegistry","message":"✅ All 17 Enterprise Engines successfully registered.","metadata":{},"environment":"production"}
{"timestamp":"2026-08-28T16:26:18.020Z","level":"INFO","category":"DatabaseManager","message":"✅ PostgreSQL Connection Pool Initialized Successfully.","metadata":{},"environment":"production"}
{"timestamp":"2026-08-28T16:26:21.168Z","level":"INFO","category":"EngineRegistry","message":"✅ All 17 Enterprise Engines successfully registered.","metadata":{},"environment":"production"}
{"timestamp":"2026-08-28T16:26:21.230Z","level":"INFO","category":"DatabaseManager","message":"✅ PostgreSQL Connection Pool Initialized Successfully.","metadata":{},"environment":"production"}
{"timestamp":"2026-08-28T16:26:25.996Z","level":"INFO","category":"EngineRegistry","message":"✅ All 17 Enterprise Engines successfully registered.","metadata":{},"environment":"production"}
{"timestamp":"2026-08-28T16:26:26.060Z","level":"INFO","category":"DatabaseManager","message":"✅ PostgreSQL Connection Pool Initialized Successfully.","metadata":{},"environment":"production"}
{"timestamp":"2026-08-28T16:27:01.459Z","level":"INFO","category":"EngineRegistry","message":"✅ All 17 Enterprise Engines successfully registered.","metadata":{},"environment":"production"}
{"timestamp":"2026-08-28T16:32:40.846Z","level":"INFO","category":"EngineRegistry","message":"✅ All 17 Enterprise Engines successfully registered.","metadata":{},"environment":"production"}
{"timestamp":"2026-08-28T16:32:40.998Z","level":"INFO","category":"DatabaseManager","message":"✅ PostgreSQL Connection Pool Initialized Successfully.","metadata":{},"environment":"production"}
{"timestamp":"2026-08-28T16:32:46.896Z","level":"INFO","category":"EngineRegistry","message":"✅ All 17 Enterprise Engines successfully registered.","metadata":{},"environment":"production"}
{"timestamp":"2026-08-28T16:32:46.954Z","level":"INFO","category":"DatabaseManager","message":"✅ PostgreSQL Connection Pool Initialized Successfully.","metadata":{},"environment":"production"}
{"timestamp":"2026-08-28T16:33:03.421Z","level":"INFO","category":"EngineRegistry","message":"✅ All 17 Enterprise Engines successfully registered.","metadata":{},"environment":"production"}
{"timestamp":"2026-08-28T16:33:03.598Z","level":"INFO","category":"DatabaseManager","message":"✅ PostgreSQL Connection Pool Initialized Successfully.","metadata":{},"environment":"production"}
{"timestamp":"2026-08-28T16:33:18.523Z","level":"INFO","category":"EngineRegistry","message":"✅ All 17 Enterprise Engines successfully registered.","metadata":{},"environment":"production"}
{"timestamp":"2026-08-28T16:33:18.585Z","level":"INFO","category":"DatabaseManager","message":"✅ PostgreSQL Connection Pool Initialized Successfully.","metadata":{},"environment":"production"}
{"timestamp":"2026-08-28T16:33:42.788Z","level":"INFO","category":"EngineRegistry","message":"✅ All 17 Enterprise Engines successfully registered.","metadata":{},"environment":"production"}
{"timestamp":"2026-08-28T16:33:42.847Z","level":"INFO","category":"DatabaseManager","message":"✅ PostgreSQL Connection Pool Initialized Successfully.","metadata":{},"environment":"production"}
{"timestamp":"2026-08-28T16:33:53.836Z","level":"INFO","category":"EngineRegistry","message":"✅ All 17 Enterprise Engines successfully registered.","metadata":{},"environment":"production"}
{"timestamp":"2026-08-28T16:33:53.912Z","level":"INFO","category":"DatabaseManager","message":"✅ PostgreSQL Connection Pool Initialized Successfully.","metadata":{},"environment":"production"}
{"timestamp":"2026-08-28T16:34:06.518Z","level":"INFO","category":"EngineRegistry","message":"✅ All 17 Enterprise Engines successfully registered.","metadata":{},"environment":"production"}
{"timestamp":"2026-08-28T16:34:06.584Z","level":"INFO","category":"DatabaseManager","message":"✅ PostgreSQL Connection Pool Initialized Successfully.","metadata":{},"environment":"production"}
{"timestamp":"2026-08-28T16:34:16.685Z","level":"INFO","category":"EngineRegistry","message":"✅ All 17 Enterprise Engines successfully registered.","metadata":{},"environment":"production"}
{"timestamp":"2026-08-28T16:34:16.748Z","level":"INFO","category":"DatabaseManager","message":"✅ PostgreSQL Connection Pool Initialized Successfully.","metadata":{},"environment":"production"}
{"timestamp":"2026-08-28T16:34:29.325Z","level":"INFO","category":"EngineRegistry","message":"✅ All 17 Enterprise Engines successfully registered.","metadata":{},"environment":"production"}
{"timestamp":"2026-08-28T16:34:29.390Z","level":"INFO","category":"DatabaseManager","message":"✅ PostgreSQL Connection Pool Initialized Successfully.","metadata":{},"environment":"production"}
{"timestamp":"2026-08-28T16:34:51.892Z","level":"INFO","category":"EngineRegistry","message":"✅ All 17 Enterprise Engines successfully registered.","metadata":{},"environment":"production"}
{"timestamp":"2026-08-28T16:34:51.984Z","level":"INFO","category":"DatabaseManager","message":"✅ PostgreSQL Connection Pool Initialized Successfully.","metadata":{},"environment":"production"}
{"timestamp":"2026-08-28T16:34:52.346Z","level":"WARN","category":"DatabaseManager","message":"PostgreSQL query failed: column \"createdAt\" does not exist (SQL: SELECT * FROM tender_daily_reports ORDER BY \"createdAt\" DESC LIMIT 50)","metadata":{},"environment":"production"}
{"timestamp":"2026-08-28T16:34:52.347Z","level":"WARN","category":"DatabaseManager","message":"PostgreSQL query failed: relation \"tender_studies\" does not exist (SQL: SELECT * FROM tender_studies ORDER BY \"createdAt\" DESC LIMIT 50)","metadata":{},"environment":"production"}
{"timestamp":"2026-08-28T16:34:52.355Z","level":"WARN","category":"DatabaseManager","message":"PostgreSQL query failed: column \"createdAt\" does not exist (SQL: SELECT * FROM contract_variation_orders ORDER BY \"createdAt\" DESC LIMIT 50)","metadata":{},"environment":"production"}
{"timestamp":"2026-08-28T16:34:52.362Z","level":"WARN","category":"DatabaseManager","message":"PostgreSQL query failed: column \"createdAt\" does not exist (SQL: SELECT * FROM excavation_permits ORDER BY \"createdAt\" DESC LIMIT 50)","metadata":{},"environment":"production"}
{"timestamp":"2026-08-28T16:34:52.378Z","level":"WARN","category":"DatabaseManager","message":"PostgreSQL query failed: column \"createdAt\" does not exist (SQL: SELECT * FROM bank_guarantees ORDER BY \"createdAt\" DESC LIMIT 50)","metadata":{},"environment":"production"}
{"timestamp":"2026-08-28T16:34:52.399Z","level":"WARN","category":"DatabaseManager","message":"PostgreSQL query failed: column \"createdAt\" does not exist (SQL: SELECT * FROM structural_assets ORDER BY \"createdAt\" DESC LIMIT 50)","metadata":{},"environment":"production"}
{"timestamp":"2026-08-28T16:34:52.400Z","level":"WARN","category":"DatabaseManager","message":"PostgreSQL query failed: column \"createdAt\" does not exist (SQL: SELECT * FROM infrastructure_networks ORDER BY \"createdAt\" DESC LIMIT 50)","metadata":{},"environment":"production"}
{"timestamp":"2026-08-28T16:34:52.401Z","level":"WARN","category":"DatabaseManager","message":"PostgreSQL query failed: column \"createdAt\" does not exist (SQL: SELECT * FROM energy_assets ORDER BY \"createdAt\" DESC LIMIT 50)","metadata":{},"environment":"production"}
{"timestamp":"2026-08-28T16:34:52.543Z","level":"WARN","category":"DatabaseManager","message":"PostgreSQL query failed: relation \"committee_reports\" does not exist (SQL: SELECT * FROM committee_reports ORDER BY \"createdAt\" DESC LIMIT 50)","metadata":{},"environment":"production"}
{"timestamp":"2026-08-28T16:34:52.642Z","level":"WARN","category":"DatabaseManager","message":"PostgreSQL query failed: relation \"tender_studies\" does not exist (SQL: SELECT * FROM tender_studies WHERE id::text = ANY($1::text[]))","metadata":{},"environment":"production"}
{"timestamp":"2026-08-28T16:34:52.773Z","level":"WARN","category":"DatabaseManager","message":"PostgreSQL query failed: relation \"variation_orders\" does not exist (SQL: SELECT * FROM variation_orders WHERE id::text = ANY($1::text[]))","metadata":{},"environment":"production"}
{"timestamp":"2026-08-28T16:34:52.890Z","level":"WARN","category":"DatabaseManager","message":"PostgreSQL query failed: relation \"committee_reports\" does not exist (SQL: SELECT * FROM committee_reports WHERE id::text = ANY($1::text[]))","metadata":{},"environment":"production"}
{"timestamp":"2026-08-28T16:34:53.318Z","level":"INFO","category":"EngineRegistry","message":"✅ All 17 Enterprise Engines successfully registered.","metadata":{},"environment":"production"}
{"timestamp":"2026-08-28T16:34:53.479Z","level":"INFO","category":"DatabaseManager","message":"✅ PostgreSQL Connection Pool Initialized Successfully.","metadata":{},"environment":"production"}
{"timestamp":"2026-08-28T16:34:59.395Z","level":"INFO","category":"EngineRegistry","message":"✅ All 17 Enterprise Engines successfully registered.","metadata":{},"environment":"production"}
{"timestamp":"2026-08-28T16:34:59.444Z","level":"INFO","category":"DatabaseManager","message":"✅ PostgreSQL Connection Pool Initialized Successfully.","metadata":{},"environment":"production"}
{"timestamp":"2026-08-28T17:21:35.503Z","level":"INFO","category":"EngineRegistry","message":"✅ All 17 Enterprise Engines successfully registered.","metadata":{},"environment":"production"}
{"timestamp":"2026-08-28T17:21:35.634Z","level":"INFO","category":"DatabaseManager","message":"✅ PostgreSQL Connection Pool Initialized Successfully.","metadata":{},"environment":"production"}
{"timestamp":"2026-08-28T17:24:47.381Z","level":"INFO","category":"EngineRegistry","message":"✅ All 17 Enterprise Engines successfully registered.","metadata":{},"environment":"production"}
{"timestamp":"2026-08-28T17:24:47.445Z","level":"INFO","category":"DatabaseManager","message":"✅ PostgreSQL Connection Pool Initialized Successfully.","metadata":{},"environment":"production"}
{"timestamp":"2026-08-28T17:24:59.021Z","level":"INFO","category":"EngineRegistry","message":"✅ All 17 Enterprise Engines successfully registered.","metadata":{},"environment":"production"}
{"timestamp":"2026-08-28T17:24:59.076Z","level":"INFO","category":"DatabaseManager","message":"✅ PostgreSQL Connection Pool Initialized Successfully.","metadata":{},"environment":"production"}
{"timestamp":"2026-08-28T17:25:17.767Z","level":"INFO","category":"EngineRegistry","message":"✅ All 17 Enterprise Engines successfully registered.","metadata":{},"environment":"production"}
{"timestamp":"2026-08-28T17:25:17.829Z","level":"INFO","category":"DatabaseManager","message":"✅ PostgreSQL Connection Pool Initialized Successfully.","metadata":{},"environment":"production"}
{"timestamp":"2026-08-28T17:25:29.257Z","level":"INFO","category":"EngineRegistry","message":"✅ All 17 Enterprise Engines successfully registered.","metadata":{},"environment":"production"}
{"timestamp":"2026-08-28T17:25:29.319Z","level":"INFO","category":"DatabaseManager","message":"✅ PostgreSQL Connection Pool Initialized Successfully.","metadata":{},"environment":"production"}
{"timestamp":"2026-08-28T17:25:47.486Z","level":"INFO","category":"EngineRegistry","message":"✅ All 17 Enterprise Engines successfully registered.","metadata":{},"environment":"production"}
{"timestamp":"2026-08-28T17:25:47.548Z","level":"INFO","category":"DatabaseManager","message":"✅ PostgreSQL Connection Pool Initialized Successfully.","metadata":{},"environment":"production"}
{"timestamp":"2026-08-28T17:25:56.634Z","level":"INFO","category":"EngineRegistry","message":"✅ All 17 Enterprise Engines successfully registered.","metadata":{},"environment":"production"}
{"timestamp":"2026-08-28T17:25:56.722Z","level":"INFO","category":"DatabaseManager","message":"✅ PostgreSQL Connection Pool Initialized Successfully.","metadata":{},"environment":"production"}
{"timestamp":"2026-08-28T17:26:06.645Z","level":"INFO","category":"EngineRegistry","message":"✅ All 18 Enterprise Engines successfully registered.","metadata":{},"environment":"production"}
{"timestamp":"2026-08-28T17:26:06.712Z","level":"INFO","category":"DatabaseManager","message":"✅ PostgreSQL Connection Pool Initialized Successfully.","metadata":{},"environment":"production"}
{"timestamp":"2026-08-28T17:26:14.204Z","level":"INFO","category":"EngineRegistry","message":"✅ All 18 Enterprise Engines successfully registered.","metadata":{},"environment":"production"}
{"timestamp":"2026-08-28T17:26:14.275Z","level":"INFO","category":"DatabaseManager","message":"✅ PostgreSQL Connection Pool Initialized Successfully.","metadata":{},"environment":"production"}
{"timestamp":"2026-08-28T17:26:27.894Z","level":"INFO","category":"EngineRegistry","message":"✅ All 18 Enterprise Engines successfully registered.","metadata":{},"environment":"production"}
{"timestamp":"2026-08-28T17:26:28.091Z","level":"INFO","category":"DatabaseManager","message":"✅ PostgreSQL Connection Pool Initialized Successfully.","metadata":{},"environment":"production"}
{"timestamp":"2026-08-28T17:26:40.501Z","level":"INFO","category":"EngineRegistry","message":"✅ All 18 Enterprise Engines successfully registered.","metadata":{},"environment":"production"}
{"timestamp":"2026-08-28T17:26:40.575Z","level":"INFO","category":"DatabaseManager","message":"✅ PostgreSQL Connection Pool Initialized Successfully.","metadata":{},"environment":"production"}
{"timestamp":"2026-08-28T17:26:47.566Z","level":"INFO","category":"EngineRegistry","message":"✅ All 18 Enterprise Engines successfully registered.","metadata":{},"environment":"production"}
{"timestamp":"2026-08-28T17:26:47.632Z","level":"INFO","category":"DatabaseManager","message":"✅ PostgreSQL Connection Pool Initialized Successfully.","metadata":{},"environment":"production"}
{"timestamp":"2026-08-28T17:33:08.855Z","level":"INFO","category":"EngineRegistry","message":"✅ All 18 Enterprise Engines successfully registered.","metadata":{},"environment":"production"}
{"timestamp":"2026-08-28T17:33:08.931Z","level":"INFO","category":"DatabaseManager","message":"✅ PostgreSQL Connection Pool Initialized Successfully.","metadata":{},"environment":"production"}
{"timestamp":"2026-08-28T17:41:52.172Z","level":"INFO","category":"EngineRegistry","message":"✅ All 18 Enterprise Engines successfully registered.","metadata":{},"environment":"production"}
{"timestamp":"2026-08-28T17:41:52.229Z","level":"INFO","category":"DatabaseManager","message":"✅ PostgreSQL Connection Pool Initialized Successfully.","metadata":{},"environment":"production"}
{"timestamp":"2026-08-28T20:34:34.481Z","level":"INFO","category":"EngineRegistry","message":"✅ All 18 Enterprise Engines successfully registered.","metadata":{},"environment":"production"}
{"timestamp":"2026-08-28T20:34:34.538Z","level":"INFO","category":"DatabaseManager","message":"✅ PostgreSQL Connection Pool Initialized Successfully.","metadata":{},"environment":"production"}
{"timestamp":"2026-08-28T20:34:40.246Z","level":"INFO","category":"EngineRegistry","message":"✅ All 18 Enterprise Engines successfully registered.","metadata":{},"environment":"production"}
{"timestamp":"2026-08-28T20:34:40.318Z","level":"INFO","category":"DatabaseManager","message":"✅ PostgreSQL Connection Pool Initialized Successfully.","metadata":{},"environment":"production"}
{"timestamp":"2026-08-28T20:34:41.345Z","level":"INFO","category":"EngineRegistry","message":"✅ All 18 Enterprise Engines successfully registered.","metadata":{},"environment":"production"}
{"timestamp":"2026-08-28T20:34:41.404Z","level":"INFO","category":"DatabaseManager","message":"✅ PostgreSQL Connection Pool Initialized Successfully.","metadata":{},"environment":"production"}
{"timestamp":"2026-08-28T20:34:42.467Z","level":"WARN","category":"DatabaseManager","message":"PostgreSQL query failed: column \"createdAt\" does not exist (SQL: SELECT * FROM tender_daily_reports ORDER BY \"createdAt\" DESC LIMIT 50)","metadata":{},"environment":"production"}
{"timestamp":"2026-08-28T20:34:42.469Z","level":"WARN","category":"DatabaseManager","message":"PostgreSQL query failed: relation \"tender_studies\" does not exist (SQL: SELECT * FROM tender_studies ORDER BY \"createdAt\" DESC LIMIT 50)","metadata":{},"environment":"production"}
{"timestamp":"2026-08-28T20:34:42.487Z","level":"WARN","category":"DatabaseManager","message":"PostgreSQL query failed: column \"createdAt\" does not exist (SQL: SELECT * FROM contract_variation_orders ORDER BY \"createdAt\" DESC LIMIT 50)","metadata":{},"environment":"production"}
{"timestamp":"2026-08-28T20:34:42.506Z","level":"WARN","category":"DatabaseManager","message":"PostgreSQL query failed: column \"createdAt\" does not exist (SQL: SELECT * FROM excavation_permits ORDER BY \"createdAt\" DESC LIMIT 50)","metadata":{},"environment":"production"}
{"timestamp":"2026-08-28T20:34:42.529Z","level":"WARN","category":"DatabaseManager","message":"PostgreSQL query failed: column \"createdAt\" does not exist (SQL: SELECT * FROM bank_guarantees ORDER BY \"createdAt\" DESC LIMIT 50)","metadata":{},"environment":"production"}
{"timestamp":"2026-08-28T20:34:42.546Z","level":"WARN","category":"DatabaseManager","message":"PostgreSQL query failed: column \"createdAt\" does not exist (SQL: SELECT * FROM structural_assets ORDER BY \"createdAt\" DESC LIMIT 50)","metadata":{},"environment":"production"}
{"timestamp":"2026-08-28T20:34:42.547Z","level":"WARN","category":"DatabaseManager","message":"PostgreSQL query failed: column \"createdAt\" does not exist (SQL: SELECT * FROM infrastructure_networks ORDER BY \"createdAt\" DESC LIMIT 50)","metadata":{},"environment":"production"}
{"timestamp":"2026-08-28T20:34:42.548Z","level":"WARN","category":"DatabaseManager","message":"PostgreSQL query failed: column \"createdAt\" does not exist (SQL: SELECT * FROM energy_assets ORDER BY \"createdAt\" DESC LIMIT 50)","metadata":{},"environment":"production"}
{"timestamp":"2026-08-28T20:34:42.648Z","level":"WARN","category":"DatabaseManager","message":"PostgreSQL query failed: relation \"committee_reports\" does not exist (SQL: SELECT * FROM committee_reports ORDER BY \"createdAt\" DESC LIMIT 50)","metadata":{},"environment":"production"}
{"timestamp":"2026-08-28T20:34:42.748Z","level":"WARN","category":"DatabaseManager","message":"PostgreSQL query failed: relation \"tender_studies\" does not exist (SQL: SELECT * FROM tender_studies WHERE id::text = ANY($1::text[]))","metadata":{},"environment":"production"}
{"timestamp":"2026-08-28T20:34:42.829Z","level":"WARN","category":"DatabaseManager","message":"PostgreSQL query failed: relation \"variation_orders\" does not exist (SQL: SELECT * FROM variation_orders WHERE id::text = ANY($1::text[]))","metadata":{},"environment":"production"}
{"timestamp":"2026-08-28T20:34:42.939Z","level":"WARN","category":"DatabaseManager","message":"PostgreSQL query failed: relation \"committee_reports\" does not exist (SQL: SELECT * FROM committee_reports WHERE id::text = ANY($1::text[]))","metadata":{},"environment":"production"}
{"timestamp":"2026-08-28T20:34:43.538Z","level":"INFO","category":"EngineRegistry","message":"✅ All 18 Enterprise Engines successfully registered.","metadata":{},"environment":"production"}
{"timestamp":"2026-08-28T20:34:43.605Z","level":"INFO","category":"DatabaseManager","message":"✅ PostgreSQL Connection Pool Initialized Successfully.","metadata":{},"environment":"production"}
{"timestamp":"2026-08-28T20:34:44.289Z","level":"INFO","category":"EngineRegistry","message":"✅ All 18 Enterprise Engines successfully registered.","metadata":{},"environment":"production"}
{"timestamp":"2026-08-28T20:34:44.370Z","level":"INFO","category":"DatabaseManager","message":"✅ PostgreSQL Connection Pool Initialized Successfully.","metadata":{},"environment":"production"}
{"timestamp":"2026-08-28T20:34:46.171Z","level":"INFO","category":"EngineRegistry","message":"✅ All 18 Enterprise Engines successfully registered.","metadata":{},"environment":"production"}
{"timestamp":"2026-08-28T20:34:46.221Z","level":"INFO","category":"DatabaseManager","message":"✅ PostgreSQL Connection Pool Initialized Successfully.","metadata":{},"environment":"production"}
{"timestamp":"2026-08-28T20:34:47.161Z","level":"INFO","category":"EngineRegistry","message":"✅ All 18 Enterprise Engines successfully registered.","metadata":{},"environment":"production"}
{"timestamp":"2026-08-28T20:34:47.256Z","level":"INFO","category":"DatabaseManager","message":"✅ PostgreSQL Connection Pool Initialized Successfully.","metadata":{},"environment":"production"}
{"timestamp":"2026-08-28T20:34:49.322Z","level":"INFO","category":"EngineRegistry","message":"✅ All 18 Enterprise Engines successfully registered.","metadata":{},"environment":"production"}
{"timestamp":"2026-08-28T20:34:49.389Z","level":"INFO","category":"DatabaseManager","message":"✅ PostgreSQL Connection Pool Initialized Successfully.","metadata":{},"environment":"production"}
{"timestamp":"2026-08-28T20:38:33.827Z","level":"INFO","category":"EngineRegistry","message":"✅ All 18 Enterprise Engines successfully registered.","metadata":{},"environment":"production"}
{"timestamp":"2026-08-28T20:38:34.232Z","level":"INFO","category":"DatabaseManager","message":"✅ PostgreSQL Connection Pool Initialized Successfully.","metadata":{},"environment":"production"}
{"timestamp":"2026-08-28T20:42:24.945Z","level":"INFO","category":"EngineRegistry","message":"✅ All 18 Enterprise Engines successfully registered.","metadata":{},"environment":"production"}
{"timestamp":"2026-08-28T20:42:25.004Z","level":"INFO","category":"DatabaseManager","message":"✅ PostgreSQL Connection Pool Initialized Successfully.","metadata":{},"environment":"production"}
{"timestamp":"2026-08-28T20:42:29.860Z","level":"INFO","category":"EngineRegistry","message":"✅ All 18 Enterprise Engines successfully registered.","metadata":{},"environment":"production"}
{"timestamp":"2026-08-28T20:42:29.919Z","level":"INFO","category":"DatabaseManager","message":"✅ PostgreSQL Connection Pool Initialized Successfully.","metadata":{},"environment":"production"}
{"timestamp":"2026-08-28T20:42:39.356Z","level":"INFO","category":"EngineRegistry","message":"✅ All 18 Enterprise Engines successfully registered.","metadata":{},"environment":"production"}
{"timestamp":"2026-08-28T20:42:39.420Z","level":"INFO","category":"DatabaseManager","message":"✅ PostgreSQL Connection Pool Initialized Successfully.","metadata":{},"environment":"production"}
{"timestamp":"2026-08-28T20:42:55.049Z","level":"INFO","category":"EngineRegistry","message":"✅ All 18 Enterprise Engines successfully registered.","metadata":{},"environment":"production"}
{"timestamp":"2026-08-28T20:42:55.111Z","level":"INFO","category":"DatabaseManager","message":"✅ PostgreSQL Connection Pool Initialized Successfully.","metadata":{},"environment":"production"}
{"timestamp":"2026-08-28T20:43:12.857Z","level":"INFO","category":"EngineRegistry","message":"✅ All 18 Enterprise Engines successfully registered.","metadata":{},"environment":"production"}
{"timestamp":"2026-08-28T20:43:13.042Z","level":"INFO","category":"DatabaseManager","message":"✅ PostgreSQL Connection Pool Initialized Successfully.","metadata":{},"environment":"production"}
{"timestamp":"2026-08-28T20:43:21.478Z","level":"WARN","category":"EngineRegistry","message":"Failed to register PROJECT_PORTFOLIO_ENGINE: Cannot find module '../Projects/API/portfolioEngine'\nRequire stack:\n- D:\\28-7\\28-7\\نظام ادارة المشاريع\\نسخة\\services\\engineRegistry.js\n- D:\\28-7\\28-7\\نظام ادارة المشاريع\\نسخة\\Administration\\API\\enginesController.js\n- D:\\28-7\\28-7\\نظام ادارة المشاريع\\نسخة\\server.js","metadata":{},"environment":"production"}
{"timestamp":"2026-08-28T20:43:21.486Z","level":"INFO","category":"EngineRegistry","message":"✅ All 18 Enterprise Engines successfully registered.","metadata":{},"environment":"production"}
{"timestamp":"2026-08-28T20:43:21.563Z","level":"INFO","category":"DatabaseManager","message":"✅ PostgreSQL Connection Pool Initialized Successfully.","metadata":{},"environment":"production"}
{"timestamp":"2026-08-28T20:43:29.692Z","level":"INFO","category":"EngineRegistry","message":"✅ All 19 Enterprise Engines successfully registered.","metadata":{},"environment":"production"}
{"timestamp":"2026-08-28T20:43:29.753Z","level":"INFO","category":"DatabaseManager","message":"✅ PostgreSQL Connection Pool Initialized Successfully.","metadata":{},"environment":"production"}
{"timestamp":"2026-08-28T20:43:37.954Z","level":"INFO","category":"EngineRegistry","message":"✅ All 19 Enterprise Engines successfully registered.","metadata":{},"environment":"production"}
{"timestamp":"2026-08-28T20:43:38.011Z","level":"INFO","category":"DatabaseManager","message":"✅ PostgreSQL Connection Pool Initialized Successfully.","metadata":{},"environment":"production"}
{"timestamp":"2026-08-28T20:43:50.024Z","level":"INFO","category":"EngineRegistry","message":"✅ All 19 Enterprise Engines successfully registered.","metadata":{},"environment":"production"}
{"timestamp":"2026-08-28T20:43:50.076Z","level":"INFO","category":"DatabaseManager","message":"✅ PostgreSQL Connection Pool Initialized Successfully.","metadata":{},"environment":"production"}
{"timestamp":"2026-08-28T20:43:59.348Z","level":"INFO","category":"EngineRegistry","message":"✅ All 19 Enterprise Engines successfully registered.","metadata":{},"environment":"production"}
{"timestamp":"2026-08-28T20:43:59.409Z","level":"INFO","category":"DatabaseManager","message":"✅ PostgreSQL Connection Pool Initialized Successfully.","metadata":{},"environment":"production"}
{"timestamp":"2026-08-28T20:44:04.342Z","level":"INFO","category":"EngineRegistry","message":"✅ All 19 Enterprise Engines successfully registered.","metadata":{},"environment":"production"}
{"timestamp":"2026-08-28T20:44:04.395Z","level":"INFO","category":"DatabaseManager","message":"✅ PostgreSQL Connection Pool Initialized Successfully.","metadata":{},"environment":"production"}
{"timestamp":"2026-08-28T20:44:05.896Z","level":"INFO","category":"EngineRegistry","message":"✅ All 19 Enterprise Engines successfully registered.","metadata":{},"environment":"production"}
{"timestamp":"2026-08-28T20:44:05.985Z","level":"INFO","category":"DatabaseManager","message":"✅ PostgreSQL Connection Pool Initialized Successfully.","metadata":{},"environment":"production"}
{"timestamp":"2026-08-28T20:44:06.351Z","level":"WARN","category":"DatabaseManager","message":"PostgreSQL query failed: column \"createdAt\" does not exist (SQL: SELECT * FROM tender_daily_reports ORDER BY \"createdAt\" DESC LIMIT 50)","metadata":{},"environment":"production"}
{"timestamp":"2026-08-28T20:44:06.352Z","level":"WARN","category":"DatabaseManager","message":"PostgreSQL query failed: relation \"tender_studies\" does not exist (SQL: SELECT * FROM tender_studies ORDER BY \"createdAt\" DESC LIMIT 50)","metadata":{},"environment":"production"}
{"timestamp":"2026-08-28T20:44:06.361Z","level":"WARN","category":"DatabaseManager","message":"PostgreSQL query failed: column \"createdAt\" does not exist (SQL: SELECT * FROM contract_variation_orders ORDER BY \"createdAt\" DESC LIMIT 50)","metadata":{},"environment":"production"}
{"timestamp":"2026-08-28T20:44:06.368Z","level":"WARN","category":"DatabaseManager","message":"PostgreSQL query failed: column \"createdAt\" does not exist (SQL: SELECT * FROM excavation_permits ORDER BY \"createdAt\" DESC LIMIT 50)","metadata":{},"environment":"production"}
{"timestamp":"2026-08-28T20:44:06.382Z","level":"WARN","category":"DatabaseManager","message":"PostgreSQL query failed: column \"createdAt\" does not exist (SQL: SELECT * FROM bank_guarantees ORDER BY \"createdAt\" DESC LIMIT 50)","metadata":{},"environment":"production"}
{"timestamp":"2026-08-28T20:44:06.410Z","level":"WARN","category":"DatabaseManager","message":"PostgreSQL query failed: column \"createdAt\" does not exist (SQL: SELECT * FROM structural_assets ORDER BY \"createdAt\" DESC LIMIT 50)","metadata":{},"environment":"production"}
{"timestamp":"2026-08-28T20:44:06.411Z","level":"WARN","category":"DatabaseManager","message":"PostgreSQL query failed: column \"createdAt\" does not exist (SQL: SELECT * FROM infrastructure_networks ORDER BY \"createdAt\" DESC LIMIT 50)","metadata":{},"environment":"production"}
{"timestamp":"2026-08-28T20:44:06.413Z","level":"WARN","category":"DatabaseManager","message":"PostgreSQL query failed: column \"createdAt\" does not exist (SQL: SELECT * FROM energy_assets ORDER BY \"createdAt\" DESC LIMIT 50)","metadata":{},"environment":"production"}
{"timestamp":"2026-08-28T20:44:06.583Z","level":"WARN","category":"DatabaseManager","message":"PostgreSQL query failed: relation \"committee_reports\" does not exist (SQL: SELECT * FROM committee_reports ORDER BY \"createdAt\" DESC LIMIT 50)","metadata":{},"environment":"production"}
{"timestamp":"2026-08-28T20:44:06.872Z","level":"WARN","category":"DatabaseManager","message":"PostgreSQL query failed: relation \"tender_studies\" does not exist (SQL: SELECT * FROM tender_studies WHERE id::text = ANY($1::text[]))","metadata":{},"environment":"production"}
{"timestamp":"2026-08-28T20:44:06.980Z","level":"WARN","category":"DatabaseManager","message":"PostgreSQL query failed: relation \"variation_orders\" does not exist (SQL: SELECT * FROM variation_orders WHERE id::text = ANY($1::text[]))","metadata":{},"environment":"production"}
{"timestamp":"2026-08-28T20:44:07.082Z","level":"WARN","category":"DatabaseManager","message":"PostgreSQL query failed: relation \"committee_reports\" does not exist (SQL: SELECT * FROM committee_reports WHERE id::text = ANY($1::text[]))","metadata":{},"environment":"production"}
{"timestamp":"2026-08-28T20:44:07.609Z","level":"INFO","category":"EngineRegistry","message":"✅ All 19 Enterprise Engines successfully registered.","metadata":{},"environment":"production"}
{"timestamp":"2026-08-28T20:44:07.707Z","level":"INFO","category":"DatabaseManager","message":"✅ PostgreSQL Connection Pool Initialized Successfully.","metadata":{},"environment":"production"}
{"timestamp":"2026-08-28T20:44:08.614Z","level":"INFO","category":"EngineRegistry","message":"✅ All 19 Enterprise Engines successfully registered.","metadata":{},"environment":"production"}
{"timestamp":"2026-08-28T20:44:08.680Z","level":"INFO","category":"DatabaseManager","message":"✅ PostgreSQL Connection Pool Initialized Successfully.","metadata":{},"environment":"production"}
{"timestamp":"2026-08-28T20:44:09.226Z","level":"INFO","category":"EngineRegistry","message":"✅ All 19 Enterprise Engines successfully registered.","metadata":{},"environment":"production"}
{"timestamp":"2026-08-28T20:44:09.299Z","level":"INFO","category":"DatabaseManager","message":"✅ PostgreSQL Connection Pool Initialized Successfully.","metadata":{},"environment":"production"}
{"timestamp":"2026-08-28T20:44:09.775Z","level":"INFO","category":"EngineRegistry","message":"✅ All 19 Enterprise Engines successfully registered.","metadata":{},"environment":"production"}
{"timestamp":"2026-08-28T20:44:09.834Z","level":"INFO","category":"DatabaseManager","message":"✅ PostgreSQL Connection Pool Initialized Successfully.","metadata":{},"environment":"production"}
{"timestamp":"2026-08-28T20:44:10.233Z","level":"INFO","category":"EngineRegistry","message":"✅ All 19 Enterprise Engines successfully registered.","metadata":{},"environment":"production"}
{"timestamp":"2026-08-28T20:44:10.284Z","level":"INFO","category":"DatabaseManager","message":"✅ PostgreSQL Connection Pool Initialized Successfully.","metadata":{},"environment":"production"}
{"timestamp":"2026-08-28T20:44:14.064Z","level":"INFO","category":"EngineRegistry","message":"✅ All 19 Enterprise Engines successfully registered.","metadata":{},"environment":"production"}
{"timestamp":"2026-08-28T20:44:14.138Z","level":"INFO","category":"DatabaseManager","message":"✅ PostgreSQL Connection Pool Initialized Successfully.","metadata":{},"environment":"production"}
{"timestamp":"2026-08-28T20:46:51.958Z","level":"INFO","category":"EngineRegistry","message":"✅ All 19 Enterprise Engines successfully registered.","metadata":{},"environment":"production"}
{"timestamp":"2026-08-28T20:46:52.013Z","level":"INFO","category":"DatabaseManager","message":"✅ PostgreSQL Connection Pool Initialized Successfully.","metadata":{},"environment":"production"}
{"timestamp":"2026-08-28T20:47:01.910Z","level":"INFO","category":"EngineRegistry","message":"✅ All 19 Enterprise Engines successfully registered.","metadata":{},"environment":"production"}
{"timestamp":"2026-08-28T20:47:01.965Z","level":"INFO","category":"DatabaseManager","message":"✅ PostgreSQL Connection Pool Initialized Successfully.","metadata":{},"environment":"production"}
{"timestamp":"2026-08-28T20:47:14.196Z","level":"INFO","category":"EngineRegistry","message":"✅ All 19 Enterprise Engines successfully registered.","metadata":{},"environment":"production"}
{"timestamp":"2026-08-28T20:47:14.249Z","level":"INFO","category":"DatabaseManager","message":"✅ PostgreSQL Connection Pool Initialized Successfully.","metadata":{},"environment":"production"}
{"timestamp":"2026-08-28T20:47:31.027Z","level":"INFO","category":"EngineRegistry","message":"✅ All 19 Enterprise Engines successfully registered.","metadata":{},"environment":"production"}
{"timestamp":"2026-08-28T20:47:31.079Z","level":"INFO","category":"DatabaseManager","message":"✅ PostgreSQL Connection Pool Initialized Successfully.","metadata":{},"environment":"production"}
{"timestamp":"2026-08-28T20:47:40.170Z","level":"WARN","category":"EngineRegistry","message":"Failed to register PROJECT_PRIORITIZATION_ENGINE: Cannot find module '../Projects/API/projectPrioritizationEngine'\nRequire stack:\n- D:\\28-7\\28-7\\نظام ادارة المشاريع\\نسخة\\services\\engineRegistry.js\n- D:\\28-7\\28-7\\نظام ادارة المشاريع\\نسخة\\Administration\\API\\enginesController.js\n- D:\\28-7\\28-7\\نظام ادارة المشاريع\\نسخة\\server.js","metadata":{},"environment":"production"}
{"timestamp":"2026-08-28T20:47:40.173Z","level":"INFO","category":"EngineRegistry","message":"✅ All 19 Enterprise Engines successfully registered.","metadata":{},"environment":"production"}
{"timestamp":"2026-08-28T20:47:40.236Z","level":"INFO","category":"DatabaseManager","message":"✅ PostgreSQL Connection Pool Initialized Successfully.","metadata":{},"environment":"production"}
{"timestamp":"2026-08-28T20:47:47.975Z","level":"INFO","category":"EngineRegistry","message":"✅ All 20 Enterprise Engines successfully registered.","metadata":{},"environment":"production"}
{"timestamp":"2026-08-28T20:47:48.032Z","level":"INFO","category":"DatabaseManager","message":"✅ PostgreSQL Connection Pool Initialized Successfully.","metadata":{},"environment":"production"}
{"timestamp":"2026-08-28T20:47:56.225Z","level":"INFO","category":"EngineRegistry","message":"✅ All 20 Enterprise Engines successfully registered.","metadata":{},"environment":"production"}
{"timestamp":"2026-08-28T20:47:56.288Z","level":"INFO","category":"DatabaseManager","message":"✅ PostgreSQL Connection Pool Initialized Successfully.","metadata":{},"environment":"production"}
{"timestamp":"2026-08-28T20:48:11.213Z","level":"INFO","category":"EngineRegistry","message":"✅ All 20 Enterprise Engines successfully registered.","metadata":{},"environment":"production"}
{"timestamp":"2026-08-28T20:48:11.280Z","level":"INFO","category":"DatabaseManager","message":"✅ PostgreSQL Connection Pool Initialized Successfully.","metadata":{},"environment":"production"}
{"timestamp":"2026-08-28T20:48:17.797Z","level":"INFO","category":"EngineRegistry","message":"✅ All 20 Enterprise Engines successfully registered.","metadata":{},"environment":"production"}
{"timestamp":"2026-08-28T20:48:17.854Z","level":"INFO","category":"DatabaseManager","message":"✅ PostgreSQL Connection Pool Initialized Successfully.","metadata":{},"environment":"production"}
{"timestamp":"2026-08-28T20:48:28.972Z","level":"INFO","category":"EngineRegistry","message":"✅ All 20 Enterprise Engines successfully registered.","metadata":{},"environment":"production"}
{"timestamp":"2026-08-28T20:48:29.042Z","level":"INFO","category":"DatabaseManager","message":"✅ PostgreSQL Connection Pool Initialized Successfully.","metadata":{},"environment":"production"}
{"timestamp":"2026-08-28T20:48:34.933Z","level":"INFO","category":"EngineRegistry","message":"✅ All 20 Enterprise Engines successfully registered.","metadata":{},"environment":"production"}
{"timestamp":"2026-08-28T20:48:34.994Z","level":"INFO","category":"DatabaseManager","message":"✅ PostgreSQL Connection Pool Initialized Successfully.","metadata":{},"environment":"production"}
{"timestamp":"2026-08-28T20:48:40.218Z","level":"INFO","category":"EngineRegistry","message":"✅ All 20 Enterprise Engines successfully registered.","metadata":{},"environment":"production"}
{"timestamp":"2026-08-28T20:48:40.283Z","level":"INFO","category":"DatabaseManager","message":"✅ PostgreSQL Connection Pool Initialized Successfully.","metadata":{},"environment":"production"}
{"timestamp":"2026-08-28T20:48:41.911Z","level":"INFO","category":"EngineRegistry","message":"✅ All 20 Enterprise Engines successfully registered.","metadata":{},"environment":"production"}
{"timestamp":"2026-08-28T20:48:42.175Z","level":"INFO","category":"DatabaseManager","message":"✅ PostgreSQL Connection Pool Initialized Successfully.","metadata":{},"environment":"production"}
{"timestamp":"2026-08-28T20:48:45.369Z","level":"WARN","category":"DatabaseManager","message":"PostgreSQL query failed: column \"createdAt\" does not exist (SQL: SELECT * FROM tender_daily_reports ORDER BY \"createdAt\" DESC LIMIT 50)","metadata":{},"environment":"production"}
{"timestamp":"2026-08-28T20:48:45.391Z","level":"WARN","category":"DatabaseManager","message":"PostgreSQL query failed: relation \"tender_studies\" does not exist (SQL: SELECT * FROM tender_studies ORDER BY \"createdAt\" DESC LIMIT 50)","metadata":{},"environment":"production"}
{"timestamp":"2026-08-28T20:48:45.462Z","level":"WARN","category":"DatabaseManager","message":"PostgreSQL query failed: column \"createdAt\" does not exist (SQL: SELECT * FROM contract_variation_orders ORDER BY \"createdAt\" DESC LIMIT 50)","metadata":{},"environment":"production"}
{"timestamp":"2026-08-28T20:48:45.493Z","level":"WARN","category":"DatabaseManager","message":"PostgreSQL query failed: column \"createdAt\" does not exist (SQL: SELECT * FROM excavation_permits ORDER BY \"createdAt\" DESC LIMIT 50)","metadata":{},"environment":"production"}
{"timestamp":"2026-08-28T20:48:45.516Z","level":"WARN","category":"DatabaseManager","message":"PostgreSQL query failed: column \"createdAt\" does not exist (SQL: SELECT * FROM bank_guarantees ORDER BY \"createdAt\" DESC LIMIT 50)","metadata":{},"environment":"production"}
{"timestamp":"2026-08-28T20:48:45.539Z","level":"WARN","category":"DatabaseManager","message":"PostgreSQL query failed: column \"createdAt\" does not exist (SQL: SELECT * FROM structural_assets ORDER BY \"createdAt\" DESC LIMIT 50)","metadata":{},"environment":"production"}
{"timestamp":"2026-08-28T20:48:45.542Z","level":"WARN","category":"DatabaseManager","message":"PostgreSQL query failed: column \"createdAt\" does not exist (SQL: SELECT * FROM infrastructure_networks ORDER BY \"createdAt\" DESC LIMIT 50)","metadata":{},"environment":"production"}
{"timestamp":"2026-08-28T20:48:45.550Z","level":"WARN","category":"DatabaseManager","message":"PostgreSQL query failed: column \"createdAt\" does not exist (SQL: SELECT * FROM energy_assets ORDER BY \"createdAt\" DESC LIMIT 50)","metadata":{},"environment":"production"}
{"timestamp":"2026-08-28T20:48:45.552Z","level":"WARN","category":"DatabaseManager","message":"PostgreSQL query failed: relation \"committee_reports\" does not exist (SQL: SELECT * FROM committee_reports ORDER BY \"createdAt\" DESC LIMIT 50)","metadata":{},"environment":"production"}
{"timestamp":"2026-08-28T20:48:45.600Z","level":"WARN","category":"DatabaseManager","message":"PostgreSQL query failed: relation \"tender_studies\" does not exist (SQL: SELECT * FROM tender_studies WHERE id::text = ANY($1::text[]))","metadata":{},"environment":"production"}
{"timestamp":"2026-08-28T20:48:45.615Z","level":"WARN","category":"DatabaseManager","message":"PostgreSQL query failed: relation \"variation_orders\" does not exist (SQL: SELECT * FROM variation_orders WHERE id::text = ANY($1::text[]))","metadata":{},"environment":"production"}
{"timestamp":"2026-08-28T20:48:45.652Z","level":"WARN","category":"DatabaseManager","message":"PostgreSQL query failed: relation \"committee_reports\" does not exist (SQL: SELECT * FROM committee_reports WHERE id::text = ANY($1::text[]))","metadata":{},"environment":"production"}
{"timestamp":"2026-08-28T20:48:46.346Z","level":"INFO","category":"EngineRegistry","message":"✅ All 20 Enterprise Engines successfully registered.","metadata":{},"environment":"production"}
{"timestamp":"2026-08-28T20:48:46.416Z","level":"INFO","category":"DatabaseManager","message":"✅ PostgreSQL Connection Pool Initialized Successfully.","metadata":{},"environment":"production"}
{"timestamp":"2026-08-28T20:48:47.059Z","level":"INFO","category":"EngineRegistry","message":"✅ All 20 Enterprise Engines successfully registered.","metadata":{},"environment":"production"}
{"timestamp":"2026-08-28T20:48:47.166Z","level":"INFO","category":"DatabaseManager","message":"✅ PostgreSQL Connection Pool Initialized Successfully.","metadata":{},"environment":"production"}
{"timestamp":"2026-08-28T20:48:49.630Z","level":"INFO","category":"EngineRegistry","message":"✅ All 20 Enterprise Engines successfully registered.","metadata":{},"environment":"production"}
{"timestamp":"2026-08-28T20:48:53.262Z","level":"INFO","category":"EngineRegistry","message":"✅ All 20 Enterprise Engines successfully registered.","metadata":{},"environment":"production"}
{"timestamp":"2026-08-28T20:48:53.362Z","level":"INFO","category":"DatabaseManager","message":"✅ PostgreSQL Connection Pool Initialized Successfully.","metadata":{},"environment":"production"}
{"timestamp":"2026-08-28T20:48:56.601Z","level":"INFO","category":"EngineRegistry","message":"✅ All 20 Enterprise Engines successfully registered.","metadata":{},"environment":"production"}
{"timestamp":"2026-08-28T20:48:56.683Z","level":"INFO","category":"DatabaseManager","message":"✅ PostgreSQL Connection Pool Initialized Successfully.","metadata":{},"environment":"production"}
{"timestamp":"2026-08-28T20:51:12.770Z","level":"INFO","category":"EngineRegistry","message":"✅ All 20 Enterprise Engines successfully registered.","metadata":{},"environment":"production"}
{"timestamp":"2026-08-28T20:51:12.847Z","level":"INFO","category":"DatabaseManager","message":"✅ PostgreSQL Connection Pool Initialized Successfully.","metadata":{},"environment":"production"}
{"timestamp":"2026-08-28T20:51:23.299Z","level":"INFO","category":"EngineRegistry","message":"✅ All 20 Enterprise Engines successfully registered.","metadata":{},"environment":"production"}
{"timestamp":"2026-08-28T20:51:23.358Z","level":"INFO","category":"DatabaseManager","message":"✅ PostgreSQL Connection Pool Initialized Successfully.","metadata":{},"environment":"production"}
{"timestamp":"2026-08-28T20:51:35.587Z","level":"INFO","category":"EngineRegistry","message":"✅ All 20 Enterprise Engines successfully registered.","metadata":{},"environment":"production"}
{"timestamp":"2026-08-28T20:51:35.637Z","level":"INFO","category":"DatabaseManager","message":"✅ PostgreSQL Connection Pool Initialized Successfully.","metadata":{},"environment":"production"}
{"timestamp":"2026-08-28T20:51:50.524Z","level":"INFO","category":"EngineRegistry","message":"✅ All 20 Enterprise Engines successfully registered.","metadata":{},"environment":"production"}
{"timestamp":"2026-08-28T20:51:50.580Z","level":"INFO","category":"DatabaseManager","message":"✅ PostgreSQL Connection Pool Initialized Successfully.","metadata":{},"environment":"production"}
{"timestamp":"2026-08-28T20:52:00.359Z","level":"WARN","category":"EngineRegistry","message":"Failed to register PROJECT_FINANCIAL_PROGRAMMING_ENGINE: Cannot find module '../Projects/API/projectFinancialProgrammingEngine'\nRequire stack:\n- D:\\28-7\\28-7\\نظام ادارة المشاريع\\نسخة\\services\\engineRegistry.js\n- D:\\28-7\\28-7\\نظام ادارة المشاريع\\نسخة\\Administration\\API\\enginesController.js\n- D:\\28-7\\28-7\\نظام ادارة المشاريع\\نسخة\\server.js","metadata":{},"environment":"production"}
{"timestamp":"2026-08-28T20:52:00.362Z","level":"INFO","category":"EngineRegistry","message":"✅ All 20 Enterprise Engines successfully registered.","metadata":{},"environment":"production"}
{"timestamp":"2026-08-28T20:52:00.426Z","level":"INFO","category":"DatabaseManager","message":"✅ PostgreSQL Connection Pool Initialized Successfully.","metadata":{},"environment":"production"}
{"timestamp":"2026-08-28T20:52:08.351Z","level":"INFO","category":"EngineRegistry","message":"✅ All 21 Enterprise Engines successfully registered.","metadata":{},"environment":"production"}
{"timestamp":"2026-08-28T20:52:08.422Z","level":"INFO","category":"DatabaseManager","message":"✅ PostgreSQL Connection Pool Initialized Successfully.","metadata":{},"environment":"production"}
{"timestamp":"2026-08-28T20:52:17.031Z","level":"INFO","category":"EngineRegistry","message":"✅ All 21 Enterprise Engines successfully registered.","metadata":{},"environment":"production"}
{"timestamp":"2026-08-28T20:52:17.091Z","level":"INFO","category":"DatabaseManager","message":"✅ PostgreSQL Connection Pool Initialized Successfully.","metadata":{},"environment":"production"}
{"timestamp":"2026-08-28T20:52:29.586Z","level":"INFO","category":"EngineRegistry","message":"✅ All 21 Enterprise Engines successfully registered.","metadata":{},"environment":"production"}
{"timestamp":"2026-08-28T20:52:29.655Z","level":"INFO","category":"DatabaseManager","message":"✅ PostgreSQL Connection Pool Initialized Successfully.","metadata":{},"environment":"production"}
{"timestamp":"2026-08-28T20:52:37.945Z","level":"INFO","category":"EngineRegistry","message":"✅ All 21 Enterprise Engines successfully registered.","metadata":{},"environment":"production"}
{"timestamp":"2026-08-28T20:52:38.117Z","level":"INFO","category":"DatabaseManager","message":"✅ PostgreSQL Connection Pool Initialized Successfully.","metadata":{},"environment":"production"}
{"timestamp":"2026-08-28T20:52:45.272Z","level":"INFO","category":"EngineRegistry","message":"✅ All 21 Enterprise Engines successfully registered.","metadata":{},"environment":"production"}
{"timestamp":"2026-08-28T20:52:45.343Z","level":"INFO","category":"DatabaseManager","message":"✅ PostgreSQL Connection Pool Initialized Successfully.","metadata":{},"environment":"production"}
{"timestamp":"2026-08-28T20:52:46.545Z","level":"INFO","category":"EngineRegistry","message":"✅ All 21 Enterprise Engines successfully registered.","metadata":{},"environment":"production"}
{"timestamp":"2026-08-28T20:52:46.721Z","level":"WARN","category":"DatabaseManager","message":"PostgreSQL query failed: column \"createdAt\" does not exist (SQL: SELECT * FROM tender_daily_reports ORDER BY \"createdAt\" DESC LIMIT 50)","metadata":{},"environment":"production"}
{"timestamp":"2026-08-28T20:52:46.722Z","level":"WARN","category":"DatabaseManager","message":"PostgreSQL query failed: relation \"tender_studies\" does not exist (SQL: SELECT * FROM tender_studies ORDER BY \"createdAt\" DESC LIMIT 50)","metadata":{},"environment":"production"}
{"timestamp":"2026-08-28T20:52:46.730Z","level":"WARN","category":"DatabaseManager","message":"PostgreSQL query failed: column \"createdAt\" does not exist (SQL: SELECT * FROM contract_variation_orders ORDER BY \"createdAt\" DESC LIMIT 50)","metadata":{},"environment":"production"}
{"timestamp":"2026-08-28T20:52:46.736Z","level":"WARN","category":"DatabaseManager","message":"PostgreSQL query failed: column \"createdAt\" does not exist (SQL: SELECT * FROM excavation_permits ORDER BY \"createdAt\" DESC LIMIT 50)","metadata":{},"environment":"production"}
{"timestamp":"2026-08-28T20:52:46.744Z","level":"WARN","category":"DatabaseManager","message":"PostgreSQL query failed: column \"createdAt\" does not exist (SQL: SELECT * FROM bank_guarantees ORDER BY \"createdAt\" DESC LIMIT 50)","metadata":{},"environment":"production"}
{"timestamp":"2026-08-28T20:52:46.748Z","level":"WARN","category":"DatabaseManager","message":"PostgreSQL query failed: column \"createdAt\" does not exist (SQL: SELECT * FROM structural_assets ORDER BY \"createdAt\" DESC LIMIT 50)","metadata":{},"environment":"production"}
{"timestamp":"2026-08-28T20:52:46.749Z","level":"WARN","category":"DatabaseManager","message":"PostgreSQL query failed: column \"createdAt\" does not exist (SQL: SELECT * FROM infrastructure_networks ORDER BY \"createdAt\" DESC LIMIT 50)","metadata":{},"environment":"production"}
{"timestamp":"2026-08-28T20:52:46.750Z","level":"WARN","category":"DatabaseManager","message":"PostgreSQL query failed: column \"createdAt\" does not exist (SQL: SELECT * FROM energy_assets ORDER BY \"createdAt\" DESC LIMIT 50)","metadata":{},"environment":"production"}
{"timestamp":"2026-08-28T20:52:46.793Z","level":"INFO","category":"DatabaseManager","message":"✅ PostgreSQL Connection Pool Initialized Successfully.","metadata":{},"environment":"production"}
{"timestamp":"2026-08-28T20:52:46.909Z","level":"WARN","category":"DatabaseManager","message":"PostgreSQL query failed: relation \"committee_reports\" does not exist (SQL: SELECT * FROM committee_reports ORDER BY \"createdAt\" DESC LIMIT 50)","metadata":{},"environment":"production"}
{"timestamp":"2026-08-28T20:52:47.237Z","level":"WARN","category":"DatabaseManager","message":"PostgreSQL query failed: relation \"tender_studies\" does not exist (SQL: SELECT * FROM tender_studies WHERE id::text = ANY($1::text[]))","metadata":{},"environment":"production"}
{"timestamp":"2026-08-28T20:52:47.368Z","level":"WARN","category":"DatabaseManager","message":"PostgreSQL query failed: relation \"variation_orders\" does not exist (SQL: SELECT * FROM variation_orders WHERE id::text = ANY($1::text[]))","metadata":{},"environment":"production"}
{"timestamp":"2026-08-28T20:52:47.483Z","level":"WARN","category":"DatabaseManager","message":"PostgreSQL query failed: relation \"committee_reports\" does not exist (SQL: SELECT * FROM committee_reports WHERE id::text = ANY($1::text[]))","metadata":{},"environment":"production"}
{"timestamp":"2026-08-28T20:52:48.366Z","level":"INFO","category":"EngineRegistry","message":"✅ All 21 Enterprise Engines successfully registered.","metadata":{},"environment":"production"}
{"timestamp":"2026-08-28T20:52:48.459Z","level":"INFO","category":"DatabaseManager","message":"✅ PostgreSQL Connection Pool Initialized Successfully.","metadata":{},"environment":"production"}
{"timestamp":"2026-08-28T20:52:52.764Z","level":"INFO","category":"EngineRegistry","message":"✅ All 21 Enterprise Engines successfully registered.","metadata":{},"environment":"production"}
{"timestamp":"2026-08-28T20:52:52.942Z","level":"INFO","category":"DatabaseManager","message":"✅ PostgreSQL Connection Pool Initialized Successfully.","metadata":{},"environment":"production"}
{"timestamp":"2026-08-28T20:54:29.273Z","level":"INFO","category":"EngineRegistry","message":"✅ All 21 Enterprise Engines successfully registered.","metadata":{},"environment":"production"}
{"timestamp":"2026-08-28T20:54:29.357Z","level":"INFO","category":"DatabaseManager","message":"✅ PostgreSQL Connection Pool Initialized Successfully.","metadata":{},"environment":"production"}
{"timestamp":"2026-08-28T20:54:39.472Z","level":"INFO","category":"EngineRegistry","message":"✅ All 21 Enterprise Engines successfully registered.","metadata":{},"environment":"production"}
{"timestamp":"2026-08-28T20:54:39.554Z","level":"INFO","category":"DatabaseManager","message":"✅ PostgreSQL Connection Pool Initialized Successfully.","metadata":{},"environment":"production"}
{"timestamp":"2026-08-28T21:00:32.266Z","level":"INFO","category":"EngineRegistry","message":"✅ All 21 Enterprise Engines successfully registered.","metadata":{},"environment":"production"}
{"timestamp":"2026-08-28T21:00:32.327Z","level":"INFO","category":"DatabaseManager","message":"✅ PostgreSQL Connection Pool Initialized Successfully.","metadata":{},"environment":"production"}
{"timestamp":"2026-08-28T21:00:41.112Z","level":"INFO","category":"EngineRegistry","message":"✅ All 21 Enterprise Engines successfully registered.","metadata":{},"environment":"production"}
{"timestamp":"2026-08-28T21:00:41.163Z","level":"INFO","category":"DatabaseManager","message":"✅ PostgreSQL Connection Pool Initialized Successfully.","metadata":{},"environment":"production"}
{"timestamp":"2026-08-28T21:00:52.064Z","level":"INFO","category":"EngineRegistry","message":"✅ All 21 Enterprise Engines successfully registered.","metadata":{},"environment":"production"}
{"timestamp":"2026-08-28T21:00:52.135Z","level":"INFO","category":"DatabaseManager","message":"✅ PostgreSQL Connection Pool Initialized Successfully.","metadata":{},"environment":"production"}
{"timestamp":"2026-08-28T21:01:09.505Z","level":"INFO","category":"EngineRegistry","message":"✅ All 21 Enterprise Engines successfully registered.","metadata":{},"environment":"production"}
{"timestamp":"2026-08-28T21:01:09.565Z","level":"INFO","category":"DatabaseManager","message":"✅ PostgreSQL Connection Pool Initialized Successfully.","metadata":{},"environment":"production"}
{"timestamp":"2026-08-28T21:02:12.498Z","level":"WARN","category":"EngineRegistry","message":"Failed to register PROJECT_DEPENDENCY_ENGINE: Cannot find module '../Projects/API/projectDependencyEngine'\nRequire stack:\n- D:\\28-7\\28-7\\نظام ادارة المشاريع\\نسخة\\services\\engineRegistry.js\n- D:\\28-7\\28-7\\نظام ادارة المشاريع\\نسخة\\Administration\\API\\enginesController.js\n- D:\\28-7\\28-7\\نظام ادارة المشاريع\\نسخة\\server.js","metadata":{},"environment":"production"}
{"timestamp":"2026-08-28T21:02:12.501Z","level":"INFO","category":"EngineRegistry","message":"✅ All 21 Enterprise Engines successfully registered.","metadata":{},"environment":"production"}
{"timestamp":"2026-08-28T21:02:12.622Z","level":"INFO","category":"DatabaseManager","message":"✅ PostgreSQL Connection Pool Initialized Successfully.","metadata":{},"environment":"production"}
{"timestamp":"2026-08-28T21:02:28.277Z","level":"INFO","category":"EngineRegistry","message":"✅ All 22 Enterprise Engines successfully registered.","metadata":{},"environment":"production"}
{"timestamp":"2026-08-28T21:02:28.331Z","level":"INFO","category":"DatabaseManager","message":"✅ PostgreSQL Connection Pool Initialized Successfully.","metadata":{},"environment":"production"}
{"timestamp":"2026-08-28T21:02:51.797Z","level":"INFO","category":"EngineRegistry","message":"✅ All 22 Enterprise Engines successfully registered.","metadata":{},"environment":"production"}
{"timestamp":"2026-08-28T21:02:51.860Z","level":"INFO","category":"DatabaseManager","message":"✅ PostgreSQL Connection Pool Initialized Successfully.","metadata":{},"environment":"production"}
{"timestamp":"2026-08-28T21:03:07.081Z","level":"INFO","category":"EngineRegistry","message":"✅ All 22 Enterprise Engines successfully registered.","metadata":{},"environment":"production"}
{"timestamp":"2026-08-28T21:03:07.151Z","level":"INFO","category":"DatabaseManager","message":"✅ PostgreSQL Connection Pool Initialized Successfully.","metadata":{},"environment":"production"}
{"timestamp":"2026-08-28T21:03:13.567Z","level":"INFO","category":"EngineRegistry","message":"✅ All 22 Enterprise Engines successfully registered.","metadata":{},"environment":"production"}
{"timestamp":"2026-08-28T21:03:13.638Z","level":"INFO","category":"DatabaseManager","message":"✅ PostgreSQL Connection Pool Initialized Successfully.","metadata":{},"environment":"production"}
{"timestamp":"2026-08-28T21:03:19.986Z","level":"INFO","category":"EngineRegistry","message":"✅ All 22 Enterprise Engines successfully registered.","metadata":{},"environment":"production"}
{"timestamp":"2026-08-28T21:03:20.056Z","level":"INFO","category":"DatabaseManager","message":"✅ PostgreSQL Connection Pool Initialized Successfully.","metadata":{},"environment":"production"}
{"timestamp":"2026-08-28T21:03:21.200Z","level":"INFO","category":"EngineRegistry","message":"✅ All 22 Enterprise Engines successfully registered.","metadata":{},"environment":"production"}
{"timestamp":"2026-08-28T21:03:21.314Z","level":"INFO","category":"DatabaseManager","message":"✅ PostgreSQL Connection Pool Initialized Successfully.","metadata":{},"environment":"production"}
{"timestamp":"2026-08-28T21:03:21.553Z","level":"WARN","category":"DatabaseManager","message":"PostgreSQL query failed: column \"createdAt\" does not exist (SQL: SELECT * FROM tender_daily_reports ORDER BY \"createdAt\" DESC LIMIT 50)","metadata":{},"environment":"production"}
{"timestamp":"2026-08-28T21:03:21.555Z","level":"WARN","category":"DatabaseManager","message":"PostgreSQL query failed: relation \"tender_studies\" does not exist (SQL: SELECT * FROM tender_studies ORDER BY \"createdAt\" DESC LIMIT 50)","metadata":{},"environment":"production"}
{"timestamp":"2026-08-28T21:03:21.564Z","level":"WARN","category":"DatabaseManager","message":"PostgreSQL query failed: column \"createdAt\" does not exist (SQL: SELECT * FROM contract_variation_orders ORDER BY \"createdAt\" DESC LIMIT 50)","metadata":{},"environment":"production"}
{"timestamp":"2026-08-28T21:03:21.574Z","level":"WARN","category":"DatabaseManager","message":"PostgreSQL query failed: column \"createdAt\" does not exist (SQL: SELECT * FROM excavation_permits ORDER BY \"createdAt\" DESC LIMIT 50)","metadata":{},"environment":"production"}
{"timestamp":"2026-08-28T21:03:21.588Z","level":"WARN","category":"DatabaseManager","message":"PostgreSQL query failed: column \"createdAt\" does not exist (SQL: SELECT * FROM bank_guarantees ORDER BY \"createdAt\" DESC LIMIT 50)","metadata":{},"environment":"production"}
{"timestamp":"2026-08-28T21:03:21.610Z","level":"WARN","category":"DatabaseManager","message":"PostgreSQL query failed: column \"createdAt\" does not exist (SQL: SELECT * FROM structural_assets ORDER BY \"createdAt\" DESC LIMIT 50)","metadata":{},"environment":"production"}
{"timestamp":"2026-08-28T21:03:21.612Z","level":"WARN","category":"DatabaseManager","message":"PostgreSQL query failed: column \"createdAt\" does not exist (SQL: SELECT * FROM infrastructure_networks ORDER BY \"createdAt\" DESC LIMIT 50)","metadata":{},"environment":"production"}
{"timestamp":"2026-08-28T21:03:21.614Z","level":"WARN","category":"DatabaseManager","message":"PostgreSQL query failed: column \"createdAt\" does not exist (SQL: SELECT * FROM energy_assets ORDER BY \"createdAt\" DESC LIMIT 50)","metadata":{},"environment":"production"}
{"timestamp":"2026-08-28T21:03:21.790Z","level":"WARN","category":"DatabaseManager","message":"PostgreSQL query failed: relation \"committee_reports\" does not exist (SQL: SELECT * FROM committee_reports ORDER BY \"createdAt\" DESC LIMIT 50)","metadata":{},"environment":"production"}
{"timestamp":"2026-08-28T21:03:21.935Z","level":"WARN","category":"DatabaseManager","message":"PostgreSQL query failed: relation \"tender_studies\" does not exist (SQL: SELECT * FROM tender_studies WHERE id::text = ANY($1::text[]))","metadata":{},"environment":"production"}
{"timestamp":"2026-08-28T21:03:22.050Z","level":"WARN","category":"DatabaseManager","message":"PostgreSQL query failed: relation \"variation_orders\" does not exist (SQL: SELECT * FROM variation_orders WHERE id::text = ANY($1::text[]))","metadata":{},"environment":"production"}
{"timestamp":"2026-08-28T21:03:22.145Z","level":"WARN","category":"DatabaseManager","message":"PostgreSQL query failed: relation \"committee_reports\" does not exist (SQL: SELECT * FROM committee_reports WHERE id::text = ANY($1::text[]))","metadata":{},"environment":"production"}
{"timestamp":"2026-08-28T21:03:22.670Z","level":"INFO","category":"EngineRegistry","message":"✅ All 22 Enterprise Engines successfully registered.","metadata":{},"environment":"production"}
{"timestamp":"2026-08-28T21:03:22.840Z","level":"INFO","category":"DatabaseManager","message":"✅ PostgreSQL Connection Pool Initialized Successfully.","metadata":{},"environment":"production"}
{"timestamp":"2026-08-28T21:03:24.112Z","level":"INFO","category":"EngineRegistry","message":"✅ All 22 Enterprise Engines successfully registered.","metadata":{},"environment":"production"}
{"timestamp":"2026-08-28T21:03:24.204Z","level":"INFO","category":"DatabaseManager","message":"✅ PostgreSQL Connection Pool Initialized Successfully.","metadata":{},"environment":"production"}
{"timestamp":"2026-08-28T21:03:27.966Z","level":"INFO","category":"EngineRegistry","message":"✅ All 22 Enterprise Engines successfully registered.","metadata":{},"environment":"production"}
{"timestamp":"2026-08-28T21:03:28.130Z","level":"INFO","category":"DatabaseManager","message":"✅ PostgreSQL Connection Pool Initialized Successfully.","metadata":{},"environment":"production"}
{"timestamp":"2026-08-28T21:10:03.285Z","level":"INFO","category":"EngineRegistry","message":"✅ All 22 Enterprise Engines successfully registered.","metadata":{},"environment":"production"}
{"timestamp":"2026-08-28T21:10:03.357Z","level":"INFO","category":"DatabaseManager","message":"✅ PostgreSQL Connection Pool Initialized Successfully.","metadata":{},"environment":"production"}
{"timestamp":"2026-08-29T07:00:30.194Z","level":"INFO","category":"EngineRegistry","message":"✅ All 22 Enterprise Engines successfully registered.","metadata":{},"environment":"production"}
{"timestamp":"2026-08-29T07:00:30.388Z","level":"INFO","category":"DatabaseManager","message":"✅ PostgreSQL Connection Pool Initialized Successfully.","metadata":{},"environment":"production"}
{"timestamp":"2026-08-29T07:00:35.171Z","level":"INFO","category":"EngineRegistry","message":"✅ All 22 Enterprise Engines successfully registered.","metadata":{},"environment":"production"}
{"timestamp":"2026-08-29T07:00:35.220Z","level":"INFO","category":"DatabaseManager","message":"✅ PostgreSQL Connection Pool Initialized Successfully.","metadata":{},"environment":"production"}
{"timestamp":"2026-08-29T07:00:45.859Z","level":"INFO","category":"EngineRegistry","message":"✅ All 22 Enterprise Engines successfully registered.","metadata":{},"environment":"production"}
{"timestamp":"2026-08-29T07:00:45.922Z","level":"INFO","category":"DatabaseManager","message":"✅ PostgreSQL Connection Pool Initialized Successfully.","metadata":{},"environment":"production"}
{"timestamp":"2026-08-29T07:01:04.643Z","level":"INFO","category":"EngineRegistry","message":"✅ All 22 Enterprise Engines successfully registered.","metadata":{},"environment":"production"}
{"timestamp":"2026-08-29T07:01:04.699Z","level":"INFO","category":"DatabaseManager","message":"✅ PostgreSQL Connection Pool Initialized Successfully.","metadata":{},"environment":"production"}
{"timestamp":"2026-08-29T07:01:11.379Z","level":"WARN","category":"EngineRegistry","message":"Failed to register PROJECT_SCHEDULING_ENGINE: Cannot find module '../Projects/API/projectSchedulingEngine'\nRequire stack:\n- D:\\28-7\\28-7\\نظام ادارة المشاريع\\نسخة\\services\\engineRegistry.js\n- D:\\28-7\\28-7\\نظام ادارة المشاريع\\نسخة\\Administration\\API\\enginesController.js\n- D:\\28-7\\28-7\\نظام ادارة المشاريع\\نسخة\\server.js","metadata":{},"environment":"production"}
{"timestamp":"2026-08-29T07:01:11.381Z","level":"INFO","category":"EngineRegistry","message":"✅ All 22 Enterprise Engines successfully registered.","metadata":{},"environment":"production"}
{"timestamp":"2026-08-29T07:01:11.430Z","level":"INFO","category":"DatabaseManager","message":"✅ PostgreSQL Connection Pool Initialized Successfully.","metadata":{},"environment":"production"}
{"timestamp":"2026-08-29T07:01:17.629Z","level":"INFO","category":"EngineRegistry","message":"✅ All 23 Enterprise Engines successfully registered.","metadata":{},"environment":"production"}
{"timestamp":"2026-08-29T07:01:17.679Z","level":"INFO","category":"DatabaseManager","message":"✅ PostgreSQL Connection Pool Initialized Successfully.","metadata":{},"environment":"production"}
{"timestamp":"2026-08-29T07:01:25.124Z","level":"INFO","category":"EngineRegistry","message":"✅ All 23 Enterprise Engines successfully registered.","metadata":{},"environment":"production"}
{"timestamp":"2026-08-29T07:01:25.184Z","level":"INFO","category":"DatabaseManager","message":"✅ PostgreSQL Connection Pool Initialized Successfully.","metadata":{},"environment":"production"}
{"timestamp":"2026-08-29T07:01:37.790Z","level":"INFO","category":"EngineRegistry","message":"✅ All 23 Enterprise Engines successfully registered.","metadata":{},"environment":"production"}
{"timestamp":"2026-08-29T07:01:37.845Z","level":"INFO","category":"DatabaseManager","message":"✅ PostgreSQL Connection Pool Initialized Successfully.","metadata":{},"environment":"production"}
{"timestamp":"2026-08-29T07:01:47.726Z","level":"INFO","category":"EngineRegistry","message":"✅ All 23 Enterprise Engines successfully registered.","metadata":{},"environment":"production"}
{"timestamp":"2026-08-29T07:01:47.771Z","level":"INFO","category":"DatabaseManager","message":"✅ PostgreSQL Connection Pool Initialized Successfully.","metadata":{},"environment":"production"}
{"timestamp":"2026-08-29T07:01:52.667Z","level":"INFO","category":"EngineRegistry","message":"✅ All 23 Enterprise Engines successfully registered.","metadata":{},"environment":"production"}
{"timestamp":"2026-08-29T07:01:54.495Z","level":"INFO","category":"EngineRegistry","message":"✅ All 23 Enterprise Engines successfully registered.","metadata":{},"environment":"production"}
{"timestamp":"2026-08-29T07:01:54.909Z","level":"INFO","category":"EngineRegistry","message":"✅ All 23 Enterprise Engines successfully registered.","metadata":{},"environment":"production"}
{"timestamp":"2026-08-29T07:01:54.966Z","level":"INFO","category":"DatabaseManager","message":"✅ PostgreSQL Connection Pool Initialized Successfully.","metadata":{},"environment":"production"}
{"timestamp":"2026-08-29T07:01:55.781Z","level":"INFO","category":"EngineRegistry","message":"✅ All 23 Enterprise Engines successfully registered.","metadata":{},"environment":"production"}
{"timestamp":"2026-08-29T07:01:55.848Z","level":"INFO","category":"DatabaseManager","message":"✅ PostgreSQL Connection Pool Initialized Successfully.","metadata":{},"environment":"production"}
{"timestamp":"2026-08-29T07:01:56.256Z","level":"INFO","category":"EngineRegistry","message":"✅ All 23 Enterprise Engines successfully registered.","metadata":{},"environment":"production"}
{"timestamp":"2026-08-29T07:01:56.324Z","level":"INFO","category":"DatabaseManager","message":"✅ PostgreSQL Connection Pool Initialized Successfully.","metadata":{},"environment":"production"}
{"timestamp":"2026-08-29T07:01:57.029Z","level":"WARN","category":"DatabaseManager","message":"PostgreSQL query failed: column \"createdAt\" does not exist (SQL: SELECT * FROM tender_daily_reports ORDER BY \"createdAt\" DESC LIMIT 50)","metadata":{},"environment":"production"}
{"timestamp":"2026-08-29T07:01:57.031Z","level":"WARN","category":"DatabaseManager","message":"PostgreSQL query failed: relation \"tender_studies\" does not exist (SQL: SELECT * FROM tender_studies ORDER BY \"createdAt\" DESC LIMIT 50)","metadata":{},"environment":"production"}
{"timestamp":"2026-08-29T07:01:57.042Z","level":"WARN","category":"DatabaseManager","message":"PostgreSQL query failed: column \"createdAt\" does not exist (SQL: SELECT * FROM contract_variation_orders ORDER BY \"createdAt\" DESC LIMIT 50)","metadata":{},"environment":"production"}
{"timestamp":"2026-08-29T07:01:57.051Z","level":"WARN","category":"DatabaseManager","message":"PostgreSQL query failed: column \"createdAt\" does not exist (SQL: SELECT * FROM excavation_permits ORDER BY \"createdAt\" DESC LIMIT 50)","metadata":{},"environment":"production"}
{"timestamp":"2026-08-29T07:01:57.071Z","level":"WARN","category":"DatabaseManager","message":"PostgreSQL query failed: column \"createdAt\" does not exist (SQL: SELECT * FROM bank_guarantees ORDER BY \"createdAt\" DESC LIMIT 50)","metadata":{},"environment":"production"}
{"timestamp":"2026-08-29T07:01:57.097Z","level":"WARN","category":"DatabaseManager","message":"PostgreSQL query failed: column \"createdAt\" does not exist (SQL: SELECT * FROM structural_assets ORDER BY \"createdAt\" DESC LIMIT 50)","metadata":{},"environment":"production"}
{"timestamp":"2026-08-29T07:01:57.099Z","level":"WARN","category":"DatabaseManager","message":"PostgreSQL query failed: column \"createdAt\" does not exist (SQL: SELECT * FROM infrastructure_networks ORDER BY \"createdAt\" DESC LIMIT 50)","metadata":{},"environment":"production"}
{"timestamp":"2026-08-29T07:01:57.100Z","level":"WARN","category":"DatabaseManager","message":"PostgreSQL query failed: column \"createdAt\" does not exist (SQL: SELECT * FROM energy_assets ORDER BY \"createdAt\" DESC LIMIT 50)","metadata":{},"environment":"production"}
{"timestamp":"2026-08-29T07:01:57.262Z","level":"WARN","category":"DatabaseManager","message":"PostgreSQL query failed: relation \"committee_reports\" does not exist (SQL: SELECT * FROM committee_reports ORDER BY \"createdAt\" DESC LIMIT 50)","metadata":{},"environment":"production"}
{"timestamp":"2026-08-29T07:01:57.427Z","level":"WARN","category":"DatabaseManager","message":"PostgreSQL query failed: relation \"tender_studies\" does not exist (SQL: SELECT * FROM tender_studies WHERE id::text = ANY($1::text[]))","metadata":{},"environment":"production"}
{"timestamp":"2026-08-29T07:01:57.508Z","level":"WARN","category":"DatabaseManager","message":"PostgreSQL query failed: relation \"variation_orders\" does not exist (SQL: SELECT * FROM variation_orders WHERE id::text = ANY($1::text[]))","metadata":{},"environment":"production"}
{"timestamp":"2026-08-29T07:01:57.615Z","level":"WARN","category":"DatabaseManager","message":"PostgreSQL query failed: relation \"committee_reports\" does not exist (SQL: SELECT * FROM committee_reports WHERE id::text = ANY($1::text[]))","metadata":{},"environment":"production"}
{"timestamp":"2026-08-29T07:01:58.101Z","level":"INFO","category":"EngineRegistry","message":"✅ All 23 Enterprise Engines successfully registered.","metadata":{},"environment":"production"}
{"timestamp":"2026-08-29T07:01:58.168Z","level":"INFO","category":"DatabaseManager","message":"✅ PostgreSQL Connection Pool Initialized Successfully.","metadata":{},"environment":"production"}
{"timestamp":"2026-08-29T07:02:02.724Z","level":"INFO","category":"EngineRegistry","message":"✅ All 23 Enterprise Engines successfully registered.","metadata":{},"environment":"production"}
{"timestamp":"2026-08-29T07:02:02.780Z","level":"INFO","category":"DatabaseManager","message":"✅ PostgreSQL Connection Pool Initialized Successfully.","metadata":{},"environment":"production"}
{"timestamp":"2026-08-29T07:06:35.512Z","level":"INFO","category":"EngineRegistry","message":"✅ All 23 Enterprise Engines successfully registered.","metadata":{},"environment":"production"}
{"timestamp":"2026-08-29T07:06:42.239Z","level":"INFO","category":"EngineRegistry","message":"✅ All 23 Enterprise Engines successfully registered.","metadata":{},"environment":"production"}
{"timestamp":"2026-08-29T07:06:42.292Z","level":"INFO","category":"DatabaseManager","message":"✅ PostgreSQL Connection Pool Initialized Successfully.","metadata":{},"environment":"production"}
{"timestamp":"2026-08-29T07:06:52.243Z","level":"INFO","category":"EngineRegistry","message":"✅ All 23 Enterprise Engines successfully registered.","metadata":{},"environment":"production"}
{"timestamp":"2026-08-29T07:06:52.318Z","level":"INFO","category":"DatabaseManager","message":"✅ PostgreSQL Connection Pool Initialized Successfully.","metadata":{},"environment":"production"}
{"timestamp":"2026-08-29T07:06:59.465Z","level":"INFO","category":"EngineRegistry","message":"✅ All 23 Enterprise Engines successfully registered.","metadata":{},"environment":"production"}
{"timestamp":"2026-08-29T07:06:59.627Z","level":"INFO","category":"DatabaseManager","message":"✅ PostgreSQL Connection Pool Initialized Successfully.","metadata":{},"environment":"production"}
{"timestamp":"2026-08-29T07:07:04.619Z","level":"INFO","category":"EngineRegistry","message":"✅ All 23 Enterprise Engines successfully registered.","metadata":{},"environment":"production"}
{"timestamp":"2026-08-29T07:07:04.769Z","level":"INFO","category":"DatabaseManager","message":"✅ PostgreSQL Connection Pool Initialized Successfully.","metadata":{},"environment":"production"}
{"timestamp":"2026-08-29T07:07:09.093Z","level":"INFO","category":"EngineRegistry","message":"✅ All 23 Enterprise Engines successfully registered.","metadata":{},"environment":"production"}
{"timestamp":"2026-08-29T07:07:11.125Z","level":"INFO","category":"EngineRegistry","message":"✅ All 23 Enterprise Engines successfully registered.","metadata":{},"environment":"production"}
{"timestamp":"2026-08-29T07:07:11.714Z","level":"INFO","category":"EngineRegistry","message":"✅ All 23 Enterprise Engines successfully registered.","metadata":{},"environment":"production"}
{"timestamp":"2026-08-29T07:07:11.778Z","level":"INFO","category":"DatabaseManager","message":"✅ PostgreSQL Connection Pool Initialized Successfully.","metadata":{},"environment":"production"}
{"timestamp":"2026-08-29T07:07:12.888Z","level":"INFO","category":"EngineRegistry","message":"✅ All 23 Enterprise Engines successfully registered.","metadata":{},"environment":"production"}
{"timestamp":"2026-08-29T07:07:12.997Z","level":"INFO","category":"DatabaseManager","message":"✅ PostgreSQL Connection Pool Initialized Successfully.","metadata":{},"environment":"production"}
{"timestamp":"2026-08-29T07:07:13.359Z","level":"WARN","category":"DatabaseManager","message":"PostgreSQL query failed: column \"createdAt\" does not exist (SQL: SELECT * FROM tender_daily_reports ORDER BY \"createdAt\" DESC LIMIT 50)","metadata":{},"environment":"production"}
{"timestamp":"2026-08-29T07:07:13.360Z","level":"WARN","category":"DatabaseManager","message":"PostgreSQL query failed: relation \"tender_studies\" does not exist (SQL: SELECT * FROM tender_studies ORDER BY \"createdAt\" DESC LIMIT 50)","metadata":{},"environment":"production"}
{"timestamp":"2026-08-29T07:07:13.370Z","level":"WARN","category":"DatabaseManager","message":"PostgreSQL query failed: column \"createdAt\" does not exist (SQL: SELECT * FROM contract_variation_orders ORDER BY \"createdAt\" DESC LIMIT 50)","metadata":{},"environment":"production"}
{"timestamp":"2026-08-29T07:07:13.379Z","level":"WARN","category":"DatabaseManager","message":"PostgreSQL query failed: column \"createdAt\" does not exist (SQL: SELECT * FROM excavation_permits ORDER BY \"createdAt\" DESC LIMIT 50)","metadata":{},"environment":"production"}
{"timestamp":"2026-08-29T07:07:13.402Z","level":"WARN","category":"DatabaseManager","message":"PostgreSQL query failed: column \"createdAt\" does not exist (SQL: SELECT * FROM bank_guarantees ORDER BY \"createdAt\" DESC LIMIT 50)","metadata":{},"environment":"production"}
{"timestamp":"2026-08-29T07:07:13.431Z","level":"WARN","category":"DatabaseManager","message":"PostgreSQL query failed: column \"createdAt\" does not exist (SQL: SELECT * FROM structural_assets ORDER BY \"createdAt\" DESC LIMIT 50)","metadata":{},"environment":"production"}
{"timestamp":"2026-08-29T07:07:13.432Z","level":"WARN","category":"DatabaseManager","message":"PostgreSQL query failed: column \"createdAt\" does not exist (SQL: SELECT * FROM infrastructure_networks ORDER BY \"createdAt\" DESC LIMIT 50)","metadata":{},"environment":"production"}
{"timestamp":"2026-08-29T07:07:13.434Z","level":"WARN","category":"DatabaseManager","message":"PostgreSQL query failed: column \"createdAt\" does not exist (SQL: SELECT * FROM energy_assets ORDER BY \"createdAt\" DESC LIMIT 50)","metadata":{},"environment":"production"}
{"timestamp":"2026-08-29T07:07:13.709Z","level":"WARN","category":"DatabaseManager","message":"PostgreSQL query failed: relation \"committee_reports\" does not exist (SQL: SELECT * FROM committee_reports ORDER BY \"createdAt\" DESC LIMIT 50)","metadata":{},"environment":"production"}
{"timestamp":"2026-08-29T07:07:14.008Z","level":"WARN","category":"DatabaseManager","message":"PostgreSQL query failed: relation \"tender_studies\" does not exist (SQL: SELECT * FROM tender_studies WHERE id::text = ANY($1::text[]))","metadata":{},"environment":"production"}
{"timestamp":"2026-08-29T07:07:14.111Z","level":"WARN","category":"DatabaseManager","message":"PostgreSQL query failed: relation \"variation_orders\" does not exist (SQL: SELECT * FROM variation_orders WHERE id::text = ANY($1::text[]))","metadata":{},"environment":"production"}
{"timestamp":"2026-08-29T07:07:14.239Z","level":"WARN","category":"DatabaseManager","message":"PostgreSQL query failed: relation \"committee_reports\" does not exist (SQL: SELECT * FROM committee_reports WHERE id::text = ANY($1::text[]))","metadata":{},"environment":"production"}
{"timestamp":"2026-08-29T07:07:14.782Z","level":"INFO","category":"EngineRegistry","message":"✅ All 23 Enterprise Engines successfully registered.","metadata":{},"environment":"production"}
{"timestamp":"2026-08-29T07:07:14.856Z","level":"INFO","category":"DatabaseManager","message":"✅ PostgreSQL Connection Pool Initialized Successfully.","metadata":{},"environment":"production"}
{"timestamp":"2026-08-29T07:07:15.578Z","level":"INFO","category":"EngineRegistry","message":"✅ All 23 Enterprise Engines successfully registered.","metadata":{},"environment":"production"}
{"timestamp":"2026-08-29T07:07:15.681Z","level":"INFO","category":"DatabaseManager","message":"✅ PostgreSQL Connection Pool Initialized Successfully.","metadata":{},"environment":"production"}
{"timestamp":"2026-08-29T07:07:27.133Z","level":"INFO","category":"EngineRegistry","message":"✅ All 23 Enterprise Engines successfully registered.","metadata":{},"environment":"production"}
{"timestamp":"2026-08-29T07:07:27.206Z","level":"INFO","category":"DatabaseManager","message":"✅ PostgreSQL Connection Pool Initialized Successfully.","metadata":{},"environment":"production"}
{"timestamp":"2026-08-29T07:09:15.056Z","level":"INFO","category":"EngineRegistry","message":"✅ All 23 Enterprise Engines successfully registered.","metadata":{},"environment":"production"}
{"timestamp":"2026-08-29T07:09:15.209Z","level":"INFO","category":"DatabaseManager","message":"✅ PostgreSQL Connection Pool Initialized Successfully.","metadata":{},"environment":"production"}
{"timestamp":"2026-08-29T07:09:22.595Z","level":"INFO","category":"EngineRegistry","message":"✅ All 23 Enterprise Engines successfully registered.","metadata":{},"environment":"production"}
{"timestamp":"2026-08-29T07:09:22.645Z","level":"INFO","category":"DatabaseManager","message":"✅ PostgreSQL Connection Pool Initialized Successfully.","metadata":{},"environment":"production"}
{"timestamp":"2026-08-29T07:09:32.115Z","level":"INFO","category":"EngineRegistry","message":"✅ All 23 Enterprise Engines successfully registered.","metadata":{},"environment":"production"}
{"timestamp":"2026-08-29T07:09:32.171Z","level":"INFO","category":"DatabaseManager","message":"✅ PostgreSQL Connection Pool Initialized Successfully.","metadata":{},"environment":"production"}
{"timestamp":"2026-08-29T07:09:37.297Z","level":"INFO","category":"EngineRegistry","message":"✅ All 23 Enterprise Engines successfully registered.","metadata":{},"environment":"production"}
{"timestamp":"2026-08-29T07:09:37.354Z","level":"INFO","category":"DatabaseManager","message":"✅ PostgreSQL Connection Pool Initialized Successfully.","metadata":{},"environment":"production"}
{"timestamp":"2026-08-29T07:09:41.598Z","level":"INFO","category":"EngineRegistry","message":"✅ All 23 Enterprise Engines successfully registered.","metadata":{},"environment":"production"}
{"timestamp":"2026-08-29T07:09:41.795Z","level":"INFO","category":"DatabaseManager","message":"✅ PostgreSQL Connection Pool Initialized Successfully.","metadata":{},"environment":"production"}
{"timestamp":"2026-08-29T07:09:43.924Z","level":"INFO","category":"EngineRegistry","message":"✅ All 23 Enterprise Engines successfully registered.","metadata":{},"environment":"production"}
{"timestamp":"2026-08-29T07:09:44.251Z","level":"INFO","category":"DatabaseManager","message":"✅ PostgreSQL Connection Pool Initialized Successfully.","metadata":{},"environment":"production"}
{"timestamp":"2026-08-29T07:09:46.373Z","level":"INFO","category":"EngineRegistry","message":"✅ All 23 Enterprise Engines successfully registered.","metadata":{},"environment":"production"}
{"timestamp":"2026-08-29T07:09:46.694Z","level":"INFO","category":"DatabaseManager","message":"✅ PostgreSQL Connection Pool Initialized Successfully.","metadata":{},"environment":"production"}
{"timestamp":"2026-08-29T07:09:51.726Z","level":"INFO","category":"EngineRegistry","message":"✅ All 23 Enterprise Engines successfully registered.","metadata":{},"environment":"production"}
{"timestamp":"2026-08-29T07:09:52.401Z","level":"INFO","category":"EngineRegistry","message":"✅ All 23 Enterprise Engines successfully registered.","metadata":{},"environment":"production"}
{"timestamp":"2026-08-29T07:09:52.475Z","level":"INFO","category":"DatabaseManager","message":"✅ PostgreSQL Connection Pool Initialized Successfully.","metadata":{},"environment":"production"}
{"timestamp":"2026-08-29T07:09:53.748Z","level":"INFO","category":"EngineRegistry","message":"✅ All 23 Enterprise Engines successfully registered.","metadata":{},"environment":"production"}
{"timestamp":"2026-08-29T07:09:53.814Z","level":"INFO","category":"DatabaseManager","message":"✅ PostgreSQL Connection Pool Initialized Successfully.","metadata":{},"environment":"production"}
{"timestamp":"2026-08-29T07:09:54.649Z","level":"WARN","category":"DatabaseManager","message":"PostgreSQL query failed: column \"createdAt\" does not exist (SQL: SELECT * FROM tender_daily_reports ORDER BY \"createdAt\" DESC LIMIT 50)","metadata":{},"environment":"production"}
{"timestamp":"2026-08-29T07:09:54.651Z","level":"WARN","category":"DatabaseManager","message":"PostgreSQL query failed: relation \"tender_studies\" does not exist (SQL: SELECT * FROM tender_studies ORDER BY \"createdAt\" DESC LIMIT 50)","metadata":{},"environment":"production"}
{"timestamp":"2026-08-29T07:09:54.668Z","level":"WARN","category":"DatabaseManager","message":"PostgreSQL query failed: column \"createdAt\" does not exist (SQL: SELECT * FROM contract_variation_orders ORDER BY \"createdAt\" DESC LIMIT 50)","metadata":{},"environment":"production"}
{"timestamp":"2026-08-29T07:09:54.692Z","level":"WARN","category":"DatabaseManager","message":"PostgreSQL query failed: column \"createdAt\" does not exist (SQL: SELECT * FROM excavation_permits ORDER BY \"createdAt\" DESC LIMIT 50)","metadata":{},"environment":"production"}
{"timestamp":"2026-08-29T07:09:54.705Z","level":"WARN","category":"DatabaseManager","message":"PostgreSQL query failed: column \"createdAt\" does not exist (SQL: SELECT * FROM bank_guarantees ORDER BY \"createdAt\" DESC LIMIT 50)","metadata":{},"environment":"production"}
{"timestamp":"2026-08-29T07:09:54.709Z","level":"WARN","category":"DatabaseManager","message":"PostgreSQL query failed: column \"createdAt\" does not exist (SQL: SELECT * FROM structural_assets ORDER BY \"createdAt\" DESC LIMIT 50)","metadata":{},"environment":"production"}
{"timestamp":"2026-08-29T07:09:54.712Z","level":"WARN","category":"DatabaseManager","message":"PostgreSQL query failed: column \"createdAt\" does not exist (SQL: SELECT * FROM infrastructure_networks ORDER BY \"createdAt\" DESC LIMIT 50)","metadata":{},"environment":"production"}
{"timestamp":"2026-08-29T07:09:54.730Z","level":"WARN","category":"DatabaseManager","message":"PostgreSQL query failed: column \"createdAt\" does not exist (SQL: SELECT * FROM energy_assets ORDER BY \"createdAt\" DESC LIMIT 50)","metadata":{},"environment":"production"}
{"timestamp":"2026-08-29T07:09:54.833Z","level":"WARN","category":"DatabaseManager","message":"PostgreSQL query failed: relation \"committee_reports\" does not exist (SQL: SELECT * FROM committee_reports ORDER BY \"createdAt\" DESC LIMIT 50)","metadata":{},"environment":"production"}
{"timestamp":"2026-08-29T07:09:54.961Z","level":"WARN","category":"DatabaseManager","message":"PostgreSQL query failed: relation \"tender_studies\" does not exist (SQL: SELECT * FROM tender_studies WHERE id::text = ANY($1::text[]))","metadata":{},"environment":"production"}
{"timestamp":"2026-08-29T07:09:55.035Z","level":"WARN","category":"DatabaseManager","message":"PostgreSQL query failed: relation \"variation_orders\" does not exist (SQL: SELECT * FROM variation_orders WHERE id::text = ANY($1::text[]))","metadata":{},"environment":"production"}
{"timestamp":"2026-08-29T07:09:55.290Z","level":"WARN","category":"DatabaseManager","message":"PostgreSQL query failed: relation \"committee_reports\" does not exist (SQL: SELECT * FROM committee_reports WHERE id::text = ANY($1::text[]))","metadata":{},"environment":"production"}
{"timestamp":"2026-08-29T07:09:56.156Z","level":"INFO","category":"EngineRegistry","message":"✅ All 23 Enterprise Engines successfully registered.","metadata":{},"environment":"production"}
{"timestamp":"2026-08-29T07:09:56.464Z","level":"INFO","category":"DatabaseManager","message":"✅ PostgreSQL Connection Pool Initialized Successfully.","metadata":{},"environment":"production"}
{"timestamp":"2026-08-29T07:10:02.356Z","level":"INFO","category":"EngineRegistry","message":"✅ All 23 Enterprise Engines successfully registered.","metadata":{},"environment":"production"}
{"timestamp":"2026-08-29T07:10:02.417Z","level":"INFO","category":"DatabaseManager","message":"✅ PostgreSQL Connection Pool Initialized Successfully.","metadata":{},"environment":"production"}
{"timestamp":"2026-08-29T07:12:07.447Z","level":"INFO","category":"EngineRegistry","message":"✅ All 23 Enterprise Engines successfully registered.","metadata":{},"environment":"production"}
{"timestamp":"2026-08-29T07:12:07.496Z","level":"INFO","category":"DatabaseManager","message":"✅ PostgreSQL Connection Pool Initialized Successfully.","metadata":{},"environment":"production"}
{"timestamp":"2026-08-29T07:12:27.831Z","level":"INFO","category":"EngineRegistry","message":"✅ All 23 Enterprise Engines successfully registered.","metadata":{},"environment":"production"}
{"timestamp":"2026-08-29T07:12:27.880Z","level":"INFO","category":"DatabaseManager","message":"✅ PostgreSQL Connection Pool Initialized Successfully.","metadata":{},"environment":"production"}
{"timestamp":"2026-08-29T07:12:37.478Z","level":"INFO","category":"EngineRegistry","message":"✅ All 23 Enterprise Engines successfully registered.","metadata":{},"environment":"production"}
{"timestamp":"2026-08-29T07:12:37.528Z","level":"INFO","category":"DatabaseManager","message":"✅ PostgreSQL Connection Pool Initialized Successfully.","metadata":{},"environment":"production"}
{"timestamp":"2026-08-29T07:12:45.929Z","level":"INFO","category":"EngineRegistry","message":"✅ All 23 Enterprise Engines successfully registered.","metadata":{},"environment":"production"}
{"timestamp":"2026-08-29T07:12:45.975Z","level":"INFO","category":"DatabaseManager","message":"✅ PostgreSQL Connection Pool Initialized Successfully.","metadata":{},"environment":"production"}
{"timestamp":"2026-08-29T07:12:54.047Z","level":"INFO","category":"EngineRegistry","message":"✅ All 23 Enterprise Engines successfully registered.","metadata":{},"environment":"production"}
{"timestamp":"2026-08-29T07:12:54.212Z","level":"INFO","category":"DatabaseManager","message":"✅ PostgreSQL Connection Pool Initialized Successfully.","metadata":{},"environment":"production"}
{"timestamp":"2026-08-29T07:12:59.136Z","level":"INFO","category":"EngineRegistry","message":"✅ All 23 Enterprise Engines successfully registered.","metadata":{},"environment":"production"}
{"timestamp":"2026-08-29T07:12:59.179Z","level":"INFO","category":"DatabaseManager","message":"✅ PostgreSQL Connection Pool Initialized Successfully.","metadata":{},"environment":"production"}
{"timestamp":"2026-08-29T07:13:03.497Z","level":"INFO","category":"EngineRegistry","message":"✅ All 23 Enterprise Engines successfully registered.","metadata":{},"environment":"production"}
{"timestamp":"2026-08-29T07:13:06.291Z","level":"INFO","category":"EngineRegistry","message":"✅ All 23 Enterprise Engines successfully registered.","metadata":{},"environment":"production"}
{"timestamp":"2026-08-29T07:13:07.020Z","level":"INFO","category":"EngineRegistry","message":"✅ All 23 Enterprise Engines successfully registered.","metadata":{},"environment":"production"}
{"timestamp":"2026-08-29T07:13:07.614Z","level":"INFO","category":"EngineRegistry","message":"✅ All 23 Enterprise Engines successfully registered.","metadata":{},"environment":"production"}
{"timestamp":"2026-08-29T07:13:07.680Z","level":"INFO","category":"DatabaseManager","message":"✅ PostgreSQL Connection Pool Initialized Successfully.","metadata":{},"environment":"production"}
{"timestamp":"2026-08-29T07:13:08.856Z","level":"INFO","category":"EngineRegistry","message":"✅ All 23 Enterprise Engines successfully registered.","metadata":{},"environment":"production"}
{"timestamp":"2026-08-29T07:13:08.974Z","level":"INFO","category":"DatabaseManager","message":"✅ PostgreSQL Connection Pool Initialized Successfully.","metadata":{},"environment":"production"}
{"timestamp":"2026-08-29T07:13:09.224Z","level":"WARN","category":"DatabaseManager","message":"PostgreSQL query failed: column \"createdAt\" does not exist (SQL: SELECT * FROM tender_daily_reports ORDER BY \"createdAt\" DESC LIMIT 50)","metadata":{},"environment":"production"}
{"timestamp":"2026-08-29T07:13:09.226Z","level":"WARN","category":"DatabaseManager","message":"PostgreSQL query failed: relation \"tender_studies\" does not exist (SQL: SELECT * FROM tender_studies ORDER BY \"createdAt\" DESC LIMIT 50)","metadata":{},"environment":"production"}
{"timestamp":"2026-08-29T07:13:09.235Z","level":"WARN","category":"DatabaseManager","message":"PostgreSQL query failed: column \"createdAt\" does not exist (SQL: SELECT * FROM contract_variation_orders ORDER BY \"createdAt\" DESC LIMIT 50)","metadata":{},"environment":"production"}
{"timestamp":"2026-08-29T07:13:09.245Z","level":"WARN","category":"DatabaseManager","message":"PostgreSQL query failed: column \"createdAt\" does not exist (SQL: SELECT * FROM excavation_permits ORDER BY \"createdAt\" DESC LIMIT 50)","metadata":{},"environment":"production"}
{"timestamp":"2026-08-29T07:13:09.269Z","level":"WARN","category":"DatabaseManager","message":"PostgreSQL query failed: column \"createdAt\" does not exist (SQL: SELECT * FROM bank_guarantees ORDER BY \"createdAt\" DESC LIMIT 50)","metadata":{},"environment":"production"}
{"timestamp":"2026-08-29T07:13:09.289Z","level":"WARN","category":"DatabaseManager","message":"PostgreSQL query failed: column \"createdAt\" does not exist (SQL: SELECT * FROM structural_assets ORDER BY \"createdAt\" DESC LIMIT 50)","metadata":{},"environment":"production"}
{"timestamp":"2026-08-29T07:13:09.292Z","level":"WARN","category":"DatabaseManager","message":"PostgreSQL query failed: column \"createdAt\" does not exist (SQL: SELECT * FROM energy_assets ORDER BY \"createdAt\" DESC LIMIT 50)","metadata":{},"environment":"production"}
{"timestamp":"2026-08-29T07:13:09.290Z","level":"WARN","category":"DatabaseManager","message":"PostgreSQL query failed: column \"createdAt\" does not exist (SQL: SELECT * FROM infrastructure_networks ORDER BY \"createdAt\" DESC LIMIT 50)","metadata":{},"environment":"production"}
{"timestamp":"2026-08-29T07:13:09.490Z","level":"WARN","category":"DatabaseManager","message":"PostgreSQL query failed: relation \"committee_reports\" does not exist (SQL: SELECT * FROM committee_reports ORDER BY \"createdAt\" DESC LIMIT 50)","metadata":{},"environment":"production"}
{"timestamp":"2026-08-29T07:13:09.735Z","level":"WARN","category":"DatabaseManager","message":"PostgreSQL query failed: relation \"tender_studies\" does not exist (SQL: SELECT * FROM tender_studies WHERE id::text = ANY($1::text[]))","metadata":{},"environment":"production"}
{"timestamp":"2026-08-29T07:13:09.883Z","level":"WARN","category":"DatabaseManager","message":"PostgreSQL query failed: relation \"variation_orders\" does not exist (SQL: SELECT * FROM variation_orders WHERE id::text = ANY($1::text[]))","metadata":{},"environment":"production"}
{"timestamp":"2026-08-29T07:13:10.023Z","level":"WARN","category":"DatabaseManager","message":"PostgreSQL query failed: relation \"committee_reports\" does not exist (SQL: SELECT * FROM committee_reports WHERE id::text = ANY($1::text[]))","metadata":{},"environment":"production"}
{"timestamp":"2026-08-29T07:13:10.662Z","level":"INFO","category":"EngineRegistry","message":"✅ All 23 Enterprise Engines successfully registered.","metadata":{},"environment":"production"}
{"timestamp":"2026-08-29T07:13:10.746Z","level":"INFO","category":"DatabaseManager","message":"✅ PostgreSQL Connection Pool Initialized Successfully.","metadata":{},"environment":"production"}
{"timestamp":"2026-08-29T07:13:16.759Z","level":"INFO","category":"EngineRegistry","message":"✅ All 23 Enterprise Engines successfully registered.","metadata":{},"environment":"production"}
{"timestamp":"2026-08-29T07:13:16.817Z","level":"INFO","category":"DatabaseManager","message":"✅ PostgreSQL Connection Pool Initialized Successfully.","metadata":{},"environment":"production"}
{"timestamp":"2026-08-29T07:13:43.654Z","level":"INFO","category":"EngineRegistry","message":"✅ All 23 Enterprise Engines successfully registered.","metadata":{},"environment":"production"}
{"timestamp":"2026-08-29T07:13:43.714Z","level":"INFO","category":"DatabaseManager","message":"✅ PostgreSQL Connection Pool Initialized Successfully.","metadata":{},"environment":"production"}
{"timestamp":"2026-08-29T07:13:50.340Z","level":"INFO","category":"EngineRegistry","message":"✅ All 23 Enterprise Engines successfully registered.","metadata":{},"environment":"production"}
{"timestamp":"2026-08-29T07:13:50.386Z","level":"INFO","category":"DatabaseManager","message":"✅ PostgreSQL Connection Pool Initialized Successfully.","metadata":{},"environment":"production"}
{"timestamp":"2026-08-29T07:13:58.778Z","level":"INFO","category":"EngineRegistry","message":"✅ All 23 Enterprise Engines successfully registered.","metadata":{},"environment":"production"}
{"timestamp":"2026-08-29T07:13:58.830Z","level":"INFO","category":"DatabaseManager","message":"✅ PostgreSQL Connection Pool Initialized Successfully.","metadata":{},"environment":"production"}
{"timestamp":"2026-08-29T07:14:03.322Z","level":"INFO","category":"EngineRegistry","message":"✅ All 23 Enterprise Engines successfully registered.","metadata":{},"environment":"production"}
{"timestamp":"2026-08-29T07:14:03.384Z","level":"INFO","category":"DatabaseManager","message":"✅ PostgreSQL Connection Pool Initialized Successfully.","metadata":{},"environment":"production"}
{"timestamp":"2026-08-29T07:14:06.240Z","level":"INFO","category":"EngineRegistry","message":"✅ All 23 Enterprise Engines successfully registered.","metadata":{},"environment":"production"}
{"timestamp":"2026-08-29T07:14:06.310Z","level":"INFO","category":"DatabaseManager","message":"✅ PostgreSQL Connection Pool Initialized Successfully.","metadata":{},"environment":"production"}
{"timestamp":"2026-08-29T07:14:06.819Z","level":"INFO","category":"EngineRegistry","message":"✅ All 23 Enterprise Engines successfully registered.","metadata":{},"environment":"production"}
{"timestamp":"2026-08-29T07:14:06.874Z","level":"INFO","category":"DatabaseManager","message":"✅ PostgreSQL Connection Pool Initialized Successfully.","metadata":{},"environment":"production"}
{"timestamp":"2026-08-29T07:14:07.908Z","level":"INFO","category":"EngineRegistry","message":"✅ All 23 Enterprise Engines successfully registered.","metadata":{},"environment":"production"}
{"timestamp":"2026-08-29T07:14:07.995Z","level":"INFO","category":"DatabaseManager","message":"✅ PostgreSQL Connection Pool Initialized Successfully.","metadata":{},"environment":"production"}
{"timestamp":"2026-08-29T07:14:08.430Z","level":"INFO","category":"EngineRegistry","message":"✅ All 23 Enterprise Engines successfully registered.","metadata":{},"environment":"production"}
{"timestamp":"2026-08-29T07:14:11.050Z","level":"INFO","category":"EngineRegistry","message":"✅ All 23 Enterprise Engines successfully registered.","metadata":{},"environment":"production"}
{"timestamp":"2026-08-29T07:14:11.169Z","level":"INFO","category":"DatabaseManager","message":"✅ PostgreSQL Connection Pool Initialized Successfully.","metadata":{},"environment":"production"}
{"timestamp":"2026-08-29T07:14:11.729Z","level":"INFO","category":"EngineRegistry","message":"✅ All 23 Enterprise Engines successfully registered.","metadata":{},"environment":"production"}
{"timestamp":"2026-08-29T07:14:11.798Z","level":"INFO","category":"DatabaseManager","message":"✅ PostgreSQL Connection Pool Initialized Successfully.","metadata":{},"environment":"production"}
{"timestamp":"2026-08-29T07:14:13.010Z","level":"INFO","category":"EngineRegistry","message":"✅ All 23 Enterprise Engines successfully registered.","metadata":{},"environment":"production"}
{"timestamp":"2026-08-29T07:14:13.291Z","level":"WARN","category":"DatabaseManager","message":"PostgreSQL query failed: column \"createdAt\" does not exist (SQL: SELECT * FROM tender_daily_reports ORDER BY \"createdAt\" DESC LIMIT 50)","metadata":{},"environment":"production"}
{"timestamp":"2026-08-29T07:14:13.293Z","level":"WARN","category":"DatabaseManager","message":"PostgreSQL query failed: relation \"tender_studies\" does not exist (SQL: SELECT * FROM tender_studies ORDER BY \"createdAt\" DESC LIMIT 50)","metadata":{},"environment":"production"}
{"timestamp":"2026-08-29T07:14:13.304Z","level":"WARN","category":"DatabaseManager","message":"PostgreSQL query failed: column \"createdAt\" does not exist (SQL: SELECT * FROM contract_variation_orders ORDER BY \"createdAt\" DESC LIMIT 50)","metadata":{},"environment":"production"}
{"timestamp":"2026-08-29T07:14:13.306Z","level":"INFO","category":"DatabaseManager","message":"✅ PostgreSQL Connection Pool Initialized Successfully.","metadata":{},"environment":"production"}
{"timestamp":"2026-08-29T07:14:13.314Z","level":"WARN","category":"DatabaseManager","message":"PostgreSQL query failed: column \"createdAt\" does not exist (SQL: SELECT * FROM excavation_permits ORDER BY \"createdAt\" DESC LIMIT 50)","metadata":{},"environment":"production"}
{"timestamp":"2026-08-29T07:14:13.350Z","level":"WARN","category":"DatabaseManager","message":"PostgreSQL query failed: column \"createdAt\" does not exist (SQL: SELECT * FROM bank_guarantees ORDER BY \"createdAt\" DESC LIMIT 50)","metadata":{},"environment":"production"}
{"timestamp":"2026-08-29T07:14:13.380Z","level":"WARN","category":"DatabaseManager","message":"PostgreSQL query failed: column \"createdAt\" does not exist (SQL: SELECT * FROM structural_assets ORDER BY \"createdAt\" DESC LIMIT 50)","metadata":{},"environment":"production"}
{"timestamp":"2026-08-29T07:14:13.382Z","level":"WARN","category":"DatabaseManager","message":"PostgreSQL query failed: column \"createdAt\" does not exist (SQL: SELECT * FROM infrastructure_networks ORDER BY \"createdAt\" DESC LIMIT 50)","metadata":{},"environment":"production"}
{"timestamp":"2026-08-29T07:14:13.384Z","level":"WARN","category":"DatabaseManager","message":"PostgreSQL query failed: column \"createdAt\" does not exist (SQL: SELECT * FROM energy_assets ORDER BY \"createdAt\" DESC LIMIT 50)","metadata":{},"environment":"production"}
{"timestamp":"2026-08-29T07:14:13.515Z","level":"WARN","category":"DatabaseManager","message":"PostgreSQL query failed: relation \"committee_reports\" does not exist (SQL: SELECT * FROM committee_reports ORDER BY \"createdAt\" DESC LIMIT 50)","metadata":{},"environment":"production"}
{"timestamp":"2026-08-29T07:14:13.631Z","level":"WARN","category":"DatabaseManager","message":"PostgreSQL query failed: relation \"tender_studies\" does not exist (SQL: SELECT * FROM tender_studies WHERE id::text = ANY($1::text[]))","metadata":{},"environment":"production"}
{"timestamp":"2026-08-29T07:14:13.755Z","level":"WARN","category":"DatabaseManager","message":"PostgreSQL query failed: relation \"variation_orders\" does not exist (SQL: SELECT * FROM variation_orders WHERE id::text = ANY($1::text[]))","metadata":{},"environment":"production"}
{"timestamp":"2026-08-29T07:14:13.903Z","level":"WARN","category":"DatabaseManager","message":"PostgreSQL query failed: relation \"committee_reports\" does not exist (SQL: SELECT * FROM committee_reports WHERE id::text = ANY($1::text[]))","metadata":{},"environment":"production"}
{"timestamp":"2026-08-29T07:14:14.671Z","level":"INFO","category":"EngineRegistry","message":"✅ All 23 Enterprise Engines successfully registered.","metadata":{},"environment":"production"}
{"timestamp":"2026-08-29T07:14:14.751Z","level":"INFO","category":"DatabaseManager","message":"✅ PostgreSQL Connection Pool Initialized Successfully.","metadata":{},"environment":"production"}
{"timestamp":"2026-08-29T07:14:20.537Z","level":"INFO","category":"EngineRegistry","message":"✅ All 23 Enterprise Engines successfully registered.","metadata":{},"environment":"production"}
{"timestamp":"2026-08-29T07:14:20.632Z","level":"INFO","category":"DatabaseManager","message":"✅ PostgreSQL Connection Pool Initialized Successfully.","metadata":{},"environment":"production"}
{"timestamp":"2026-08-29T07:15:22.858Z","level":"INFO","category":"EngineRegistry","message":"✅ All 23 Enterprise Engines successfully registered.","metadata":{},"environment":"production"}
{"timestamp":"2026-08-29T07:15:22.915Z","level":"INFO","category":"DatabaseManager","message":"✅ PostgreSQL Connection Pool Initialized Successfully.","metadata":{},"environment":"production"}
{"timestamp":"2026-08-29T07:15:29.067Z","level":"INFO","category":"EngineRegistry","message":"✅ All 23 Enterprise Engines successfully registered.","metadata":{},"environment":"production"}
{"timestamp":"2026-08-29T07:15:29.232Z","level":"INFO","category":"DatabaseManager","message":"✅ PostgreSQL Connection Pool Initialized Successfully.","metadata":{},"environment":"production"}
{"timestamp":"2026-08-29T07:15:38.867Z","level":"INFO","category":"EngineRegistry","message":"✅ All 23 Enterprise Engines successfully registered.","metadata":{},"environment":"production"}
{"timestamp":"2026-08-29T07:15:38.922Z","level":"INFO","category":"DatabaseManager","message":"✅ PostgreSQL Connection Pool Initialized Successfully.","metadata":{},"environment":"production"}
{"timestamp":"2026-08-29T07:15:44.040Z","level":"INFO","category":"EngineRegistry","message":"✅ All 23 Enterprise Engines successfully registered.","metadata":{},"environment":"production"}
{"timestamp":"2026-08-29T07:15:44.085Z","level":"INFO","category":"DatabaseManager","message":"✅ PostgreSQL Connection Pool Initialized Successfully.","metadata":{},"environment":"production"}
{"timestamp":"2026-08-29T07:15:50.428Z","level":"INFO","category":"EngineRegistry","message":"✅ All 23 Enterprise Engines successfully registered.","metadata":{},"environment":"production"}
{"timestamp":"2026-08-29T07:15:50.486Z","level":"INFO","category":"DatabaseManager","message":"✅ PostgreSQL Connection Pool Initialized Successfully.","metadata":{},"environment":"production"}
{"timestamp":"2026-08-29T07:15:57.151Z","level":"INFO","category":"EngineRegistry","message":"✅ All 23 Enterprise Engines successfully registered.","metadata":{},"environment":"production"}
{"timestamp":"2026-08-29T07:15:57.207Z","level":"INFO","category":"DatabaseManager","message":"✅ PostgreSQL Connection Pool Initialized Successfully.","metadata":{},"environment":"production"}
{"timestamp":"2026-08-29T07:16:02.171Z","level":"INFO","category":"EngineRegistry","message":"✅ All 23 Enterprise Engines successfully registered.","metadata":{},"environment":"production"}
{"timestamp":"2026-08-29T07:16:05.180Z","level":"INFO","category":"EngineRegistry","message":"✅ All 23 Enterprise Engines successfully registered.","metadata":{},"environment":"production"}
{"timestamp":"2026-08-29T07:16:09.159Z","level":"INFO","category":"EngineRegistry","message":"✅ All 23 Enterprise Engines successfully registered.","metadata":{},"environment":"production"}
{"timestamp":"2026-08-29T07:16:09.228Z","level":"INFO","category":"DatabaseManager","message":"✅ PostgreSQL Connection Pool Initialized Successfully.","metadata":{},"environment":"production"}
{"timestamp":"2026-08-29T07:16:10.151Z","level":"INFO","category":"EngineRegistry","message":"✅ All 23 Enterprise Engines successfully registered.","metadata":{},"environment":"production"}
{"timestamp":"2026-08-29T07:16:10.214Z","level":"INFO","category":"DatabaseManager","message":"✅ PostgreSQL Connection Pool Initialized Successfully.","metadata":{},"environment":"production"}
{"timestamp":"2026-08-29T07:16:11.213Z","level":"WARN","category":"DatabaseManager","message":"PostgreSQL query failed: column \"createdAt\" does not exist (SQL: SELECT * FROM tender_daily_reports ORDER BY \"createdAt\" DESC LIMIT 50)","metadata":{},"environment":"production"}
{"timestamp":"2026-08-29T07:16:11.220Z","level":"WARN","category":"DatabaseManager","message":"PostgreSQL query failed: relation \"tender_studies\" does not exist (SQL: SELECT * FROM tender_studies ORDER BY \"createdAt\" DESC LIMIT 50)","metadata":{},"environment":"production"}
{"timestamp":"2026-08-29T07:16:11.236Z","level":"WARN","category":"DatabaseManager","message":"PostgreSQL query failed: column \"createdAt\" does not exist (SQL: SELECT * FROM contract_variation_orders ORDER BY \"createdAt\" DESC LIMIT 50)","metadata":{},"environment":"production"}
{"timestamp":"2026-08-29T07:16:11.251Z","level":"WARN","category":"DatabaseManager","message":"PostgreSQL query failed: column \"createdAt\" does not exist (SQL: SELECT * FROM excavation_permits ORDER BY \"createdAt\" DESC LIMIT 50)","metadata":{},"environment":"production"}
{"timestamp":"2026-08-29T07:16:11.284Z","level":"WARN","category":"DatabaseManager","message":"PostgreSQL query failed: column \"createdAt\" does not exist (SQL: SELECT * FROM bank_guarantees ORDER BY \"createdAt\" DESC LIMIT 50)","metadata":{},"environment":"production"}
{"timestamp":"2026-08-29T07:16:11.309Z","level":"WARN","category":"DatabaseManager","message":"PostgreSQL query failed: column \"createdAt\" does not exist (SQL: SELECT * FROM structural_assets ORDER BY \"createdAt\" DESC LIMIT 50)","metadata":{},"environment":"production"}
{"timestamp":"2026-08-29T07:16:11.311Z","level":"WARN","category":"DatabaseManager","message":"PostgreSQL query failed: column \"createdAt\" does not exist (SQL: SELECT * FROM infrastructure_networks ORDER BY \"createdAt\" DESC LIMIT 50)","metadata":{},"environment":"production"}
{"timestamp":"2026-08-29T07:16:11.317Z","level":"WARN","category":"DatabaseManager","message":"PostgreSQL query failed: column \"createdAt\" does not exist (SQL: SELECT * FROM energy_assets ORDER BY \"createdAt\" DESC LIMIT 50)","metadata":{},"environment":"production"}
{"timestamp":"2026-08-29T07:16:11.390Z","level":"WARN","category":"DatabaseManager","message":"PostgreSQL query failed: relation \"committee_reports\" does not exist (SQL: SELECT * FROM committee_reports ORDER BY \"createdAt\" DESC LIMIT 50)","metadata":{},"environment":"production"}
{"timestamp":"2026-08-29T07:16:11.499Z","level":"WARN","category":"DatabaseManager","message":"PostgreSQL query failed: relation \"tender_studies\" does not exist (SQL: SELECT * FROM tender_studies WHERE id::text = ANY($1::text[]))","metadata":{},"environment":"production"}
{"timestamp":"2026-08-29T07:16:11.633Z","level":"WARN","category":"DatabaseManager","message":"PostgreSQL query failed: relation \"variation_orders\" does not exist (SQL: SELECT * FROM variation_orders WHERE id::text = ANY($1::text[]))","metadata":{},"environment":"production"}
{"timestamp":"2026-08-29T07:16:11.785Z","level":"WARN","category":"DatabaseManager","message":"PostgreSQL query failed: relation \"committee_reports\" does not exist (SQL: SELECT * FROM committee_reports WHERE id::text = ANY($1::text[]))","metadata":{},"environment":"production"}
{"timestamp":"2026-08-29T07:16:12.845Z","level":"INFO","category":"EngineRegistry","message":"✅ All 23 Enterprise Engines successfully registered.","metadata":{},"environment":"production"}
{"timestamp":"2026-08-29T07:16:12.920Z","level":"INFO","category":"DatabaseManager","message":"✅ PostgreSQL Connection Pool Initialized Successfully.","metadata":{},"environment":"production"}
{"timestamp":"2026-08-29T07:16:13.551Z","level":"INFO","category":"EngineRegistry","message":"✅ All 23 Enterprise Engines successfully registered.","metadata":{},"environment":"production"}
{"timestamp":"2026-08-29T07:16:13.625Z","level":"INFO","category":"DatabaseManager","message":"✅ PostgreSQL Connection Pool Initialized Successfully.","metadata":{},"environment":"production"}
{"timestamp":"2026-08-29T07:16:14.321Z","level":"INFO","category":"EngineRegistry","message":"✅ All 23 Enterprise Engines successfully registered.","metadata":{},"environment":"production"}
{"timestamp":"2026-08-29T07:16:15.489Z","level":"INFO","category":"EngineRegistry","message":"✅ All 23 Enterprise Engines successfully registered.","metadata":{},"environment":"production"}
{"timestamp":"2026-08-29T07:16:15.576Z","level":"INFO","category":"DatabaseManager","message":"✅ PostgreSQL Connection Pool Initialized Successfully.","metadata":{},"environment":"production"}
{"timestamp":"2026-08-29T07:16:20.295Z","level":"INFO","category":"EngineRegistry","message":"✅ All 23 Enterprise Engines successfully registered.","metadata":{},"environment":"production"}
{"timestamp":"2026-08-29T07:16:20.429Z","level":"INFO","category":"DatabaseManager","message":"✅ PostgreSQL Connection Pool Initialized Successfully.","metadata":{},"environment":"production"}
{"timestamp":"2026-08-29T07:18:24.782Z","level":"INFO","category":"EngineRegistry","message":"✅ All 23 Enterprise Engines successfully registered.","metadata":{},"environment":"production"}
{"timestamp":"2026-08-29T07:18:25.456Z","level":"INFO","category":"DatabaseManager","message":"✅ PostgreSQL Connection Pool Initialized Successfully.","metadata":{},"environment":"production"}
{"timestamp":"2026-08-29T07:18:55.958Z","level":"INFO","category":"EngineRegistry","message":"✅ All 24 Enterprise Engines successfully registered.","metadata":{},"environment":"production"}
{"timestamp":"2026-08-29T07:18:56.222Z","level":"INFO","category":"DatabaseManager","message":"✅ PostgreSQL Connection Pool Initialized Successfully.","metadata":{},"environment":"production"}
{"timestamp":"2026-08-29T07:19:06.410Z","level":"INFO","category":"EngineRegistry","message":"✅ All 24 Enterprise Engines successfully registered.","metadata":{},"environment":"production"}
{"timestamp":"2026-08-29T07:19:06.561Z","level":"INFO","category":"DatabaseManager","message":"✅ PostgreSQL Connection Pool Initialized Successfully.","metadata":{},"environment":"production"}
{"timestamp":"2026-08-29T07:19:16.048Z","level":"INFO","category":"EngineRegistry","message":"✅ All 24 Enterprise Engines successfully registered.","metadata":{},"environment":"production"}
{"timestamp":"2026-08-29T07:19:16.158Z","level":"INFO","category":"DatabaseManager","message":"✅ PostgreSQL Connection Pool Initialized Successfully.","metadata":{},"environment":"production"}
{"timestamp":"2026-08-29T07:19:22.449Z","level":"INFO","category":"EngineRegistry","message":"✅ All 24 Enterprise Engines successfully registered.","metadata":{},"environment":"production"}
{"timestamp":"2026-08-29T07:19:22.576Z","level":"INFO","category":"DatabaseManager","message":"✅ PostgreSQL Connection Pool Initialized Successfully.","metadata":{},"environment":"production"}
{"timestamp":"2026-08-29T07:19:23.448Z","level":"INFO","category":"EngineRegistry","message":"✅ All 24 Enterprise Engines successfully registered.","metadata":{},"environment":"production"}
{"timestamp":"2026-08-29T07:19:23.535Z","level":"INFO","category":"DatabaseManager","message":"✅ PostgreSQL Connection Pool Initialized Successfully.","metadata":{},"environment":"production"}
{"timestamp":"2026-08-29T07:19:24.175Z","level":"INFO","category":"EngineRegistry","message":"✅ All 24 Enterprise Engines successfully registered.","metadata":{},"environment":"production"}
{"timestamp":"2026-08-29T07:19:24.270Z","level":"INFO","category":"DatabaseManager","message":"✅ PostgreSQL Connection Pool Initialized Successfully.","metadata":{},"environment":"production"}
{"timestamp":"2026-08-29T07:19:26.709Z","level":"INFO","category":"EngineRegistry","message":"✅ All 24 Enterprise Engines successfully registered.","metadata":{},"environment":"production"}
{"timestamp":"2026-08-29T07:19:27.588Z","level":"INFO","category":"EngineRegistry","message":"✅ All 24 Enterprise Engines successfully registered.","metadata":{},"environment":"production"}
{"timestamp":"2026-08-29T07:19:30.601Z","level":"INFO","category":"EngineRegistry","message":"✅ All 24 Enterprise Engines successfully registered.","metadata":{},"environment":"production"}
{"timestamp":"2026-08-29T07:19:31.271Z","level":"INFO","category":"EngineRegistry","message":"✅ All 24 Enterprise Engines successfully registered.","metadata":{},"environment":"production"}
{"timestamp":"2026-08-29T07:19:31.341Z","level":"INFO","category":"DatabaseManager","message":"✅ PostgreSQL Connection Pool Initialized Successfully.","metadata":{},"environment":"production"}
{"timestamp":"2026-08-29T07:19:32.892Z","level":"INFO","category":"EngineRegistry","message":"✅ All 24 Enterprise Engines successfully registered.","metadata":{},"environment":"production"}
{"timestamp":"2026-08-29T07:19:33.174Z","level":"INFO","category":"DatabaseManager","message":"✅ PostgreSQL Connection Pool Initialized Successfully.","metadata":{},"environment":"production"}
{"timestamp":"2026-08-29T07:19:33.193Z","level":"WARN","category":"DatabaseManager","message":"PostgreSQL query failed: column \"createdAt\" does not exist (SQL: SELECT * FROM tender_daily_reports ORDER BY \"createdAt\" DESC LIMIT 50)","metadata":{},"environment":"production"}
{"timestamp":"2026-08-29T07:19:33.194Z","level":"WARN","category":"DatabaseManager","message":"PostgreSQL query failed: relation \"tender_studies\" does not exist (SQL: SELECT * FROM tender_studies ORDER BY \"createdAt\" DESC LIMIT 50)","metadata":{},"environment":"production"}
{"timestamp":"2026-08-29T07:19:33.200Z","level":"WARN","category":"DatabaseManager","message":"PostgreSQL query failed: column \"createdAt\" does not exist (SQL: SELECT * FROM contract_variation_orders ORDER BY \"createdAt\" DESC LIMIT 50)","metadata":{},"environment":"production"}
{"timestamp":"2026-08-29T07:19:33.205Z","level":"WARN","category":"DatabaseManager","message":"PostgreSQL query failed: column \"createdAt\" does not exist (SQL: SELECT * FROM excavation_permits ORDER BY \"createdAt\" DESC LIMIT 50)","metadata":{},"environment":"production"}
{"timestamp":"2026-08-29T07:19:33.217Z","level":"WARN","category":"DatabaseManager","message":"PostgreSQL query failed: column \"createdAt\" does not exist (SQL: SELECT * FROM bank_guarantees ORDER BY \"createdAt\" DESC LIMIT 50)","metadata":{},"environment":"production"}
{"timestamp":"2026-08-29T07:19:33.228Z","level":"WARN","category":"DatabaseManager","message":"PostgreSQL query failed: column \"createdAt\" does not exist (SQL: SELECT * FROM structural_assets ORDER BY \"createdAt\" DESC LIMIT 50)","metadata":{},"environment":"production"}
{"timestamp":"2026-08-29T07:19:33.231Z","level":"WARN","category":"DatabaseManager","message":"PostgreSQL query failed: column \"createdAt\" does not exist (SQL: SELECT * FROM infrastructure_networks ORDER BY \"createdAt\" DESC LIMIT 50)","metadata":{},"environment":"production"}
{"timestamp":"2026-08-29T07:19:33.232Z","level":"WARN","category":"DatabaseManager","message":"PostgreSQL query failed: column \"createdAt\" does not exist (SQL: SELECT * FROM energy_assets ORDER BY \"createdAt\" DESC LIMIT 50)","metadata":{},"environment":"production"}
{"timestamp":"2026-08-29T07:19:33.449Z","level":"WARN","category":"DatabaseManager","message":"PostgreSQL query failed: relation \"committee_reports\" does not exist (SQL: SELECT * FROM committee_reports ORDER BY \"createdAt\" DESC LIMIT 50)","metadata":{},"environment":"production"}
{"timestamp":"2026-08-29T07:19:33.592Z","level":"WARN","category":"DatabaseManager","message":"PostgreSQL query failed: relation \"tender_studies\" does not exist (SQL: SELECT * FROM tender_studies WHERE id::text = ANY($1::text[]))","metadata":{},"environment":"production"}
{"timestamp":"2026-08-29T07:19:33.697Z","level":"WARN","category":"DatabaseManager","message":"PostgreSQL query failed: relation \"variation_orders\" does not exist (SQL: SELECT * FROM variation_orders WHERE id::text = ANY($1::text[]))","metadata":{},"environment":"production"}
{"timestamp":"2026-08-29T07:19:33.858Z","level":"WARN","category":"DatabaseManager","message":"PostgreSQL query failed: relation \"committee_reports\" does not exist (SQL: SELECT * FROM committee_reports WHERE id::text = ANY($1::text[]))","metadata":{},"environment":"production"}
{"timestamp":"2026-08-29T07:19:34.405Z","level":"INFO","category":"EngineRegistry","message":"✅ All 24 Enterprise Engines successfully registered.","metadata":{},"environment":"production"}
{"timestamp":"2026-08-29T07:19:34.497Z","level":"INFO","category":"DatabaseManager","message":"✅ PostgreSQL Connection Pool Initialized Successfully.","metadata":{},"environment":"production"}
{"timestamp":"2026-08-29T07:19:40.210Z","level":"INFO","category":"EngineRegistry","message":"✅ All 24 Enterprise Engines successfully registered.","metadata":{},"environment":"production"}
{"timestamp":"2026-08-29T07:19:40.272Z","level":"INFO","category":"DatabaseManager","message":"✅ PostgreSQL Connection Pool Initialized Successfully.","metadata":{},"environment":"production"}
{"timestamp":"2026-08-29T07:21:22.626Z","level":"INFO","category":"EngineRegistry","message":"✅ All 24 Enterprise Engines successfully registered.","metadata":{},"environment":"production"}
{"timestamp":"2026-08-29T07:21:22.814Z","level":"INFO","category":"DatabaseManager","message":"✅ PostgreSQL Connection Pool Initialized Successfully.","metadata":{},"environment":"production"}
{"timestamp":"2026-08-29T07:21:38.158Z","level":"INFO","category":"EngineRegistry","message":"✅ All 25 Enterprise Engines successfully registered.","metadata":{},"environment":"production"}
{"timestamp":"2026-08-29T07:21:38.208Z","level":"INFO","category":"DatabaseManager","message":"✅ PostgreSQL Connection Pool Initialized Successfully.","metadata":{},"environment":"production"}
{"timestamp":"2026-08-29T07:21:45.752Z","level":"INFO","category":"EngineRegistry","message":"✅ All 25 Enterprise Engines successfully registered.","metadata":{},"environment":"production"}
{"timestamp":"2026-08-29T07:21:45.803Z","level":"INFO","category":"DatabaseManager","message":"✅ PostgreSQL Connection Pool Initialized Successfully.","metadata":{},"environment":"production"}
{"timestamp":"2026-08-29T07:21:54.922Z","level":"INFO","category":"EngineRegistry","message":"✅ All 25 Enterprise Engines successfully registered.","metadata":{},"environment":"production"}
{"timestamp":"2026-08-29T07:21:55.164Z","level":"INFO","category":"DatabaseManager","message":"✅ PostgreSQL Connection Pool Initialized Successfully.","metadata":{},"environment":"production"}
{"timestamp":"2026-08-29T07:21:59.812Z","level":"INFO","category":"EngineRegistry","message":"✅ All 25 Enterprise Engines successfully registered.","metadata":{},"environment":"production"}
{"timestamp":"2026-08-29T07:22:00.120Z","level":"INFO","category":"DatabaseManager","message":"✅ PostgreSQL Connection Pool Initialized Successfully.","metadata":{},"environment":"production"}
{"timestamp":"2026-08-29T07:22:01.685Z","level":"INFO","category":"EngineRegistry","message":"✅ All 25 Enterprise Engines successfully registered.","metadata":{},"environment":"production"}
{"timestamp":"2026-08-29T07:22:01.880Z","level":"INFO","category":"DatabaseManager","message":"✅ PostgreSQL Connection Pool Initialized Successfully.","metadata":{},"environment":"production"}
{"timestamp":"2026-08-29T07:22:03.278Z","level":"INFO","category":"EngineRegistry","message":"✅ All 25 Enterprise Engines successfully registered.","metadata":{},"environment":"production"}
{"timestamp":"2026-08-29T07:22:05.757Z","level":"INFO","category":"EngineRegistry","message":"✅ All 25 Enterprise Engines successfully registered.","metadata":{},"environment":"production"}
{"timestamp":"2026-08-29T07:22:05.926Z","level":"INFO","category":"DatabaseManager","message":"✅ PostgreSQL Connection Pool Initialized Successfully.","metadata":{},"environment":"production"}
{"timestamp":"2026-08-29T07:22:15.668Z","level":"INFO","category":"EngineRegistry","message":"✅ All 25 Enterprise Engines successfully registered.","metadata":{},"environment":"production"}
{"timestamp":"2026-08-29T07:22:16.226Z","level":"INFO","category":"DatabaseManager","message":"✅ PostgreSQL Connection Pool Initialized Successfully.","metadata":{},"environment":"production"}
{"timestamp":"2026-08-29T07:22:22.940Z","level":"INFO","category":"EngineRegistry","message":"✅ All 25 Enterprise Engines successfully registered.","metadata":{},"environment":"production"}
{"timestamp":"2026-08-29T07:22:23.073Z","level":"INFO","category":"DatabaseManager","message":"✅ PostgreSQL Connection Pool Initialized Successfully.","metadata":{},"environment":"production"}
{"timestamp":"2026-08-29T07:22:27.087Z","level":"INFO","category":"EngineRegistry","message":"✅ All 25 Enterprise Engines successfully registered.","metadata":{},"environment":"production"}
{"timestamp":"2026-08-29T07:22:27.644Z","level":"INFO","category":"DatabaseManager","message":"✅ PostgreSQL Connection Pool Initialized Successfully.","metadata":{},"environment":"production"}
{"timestamp":"2026-08-29T07:22:30.171Z","level":"WARN","category":"DatabaseManager","message":"PostgreSQL query failed: column \"createdAt\" does not exist (SQL: SELECT * FROM tender_daily_reports ORDER BY \"createdAt\" DESC LIMIT 50)","metadata":{},"environment":"production"}
{"timestamp":"2026-08-29T07:22:30.228Z","level":"WARN","category":"DatabaseManager","message":"PostgreSQL query failed: relation \"tender_studies\" does not exist (SQL: SELECT * FROM tender_studies ORDER BY \"createdAt\" DESC LIMIT 50)","metadata":{},"environment":"production"}
{"timestamp":"2026-08-29T07:22:30.277Z","level":"WARN","category":"DatabaseManager","message":"PostgreSQL query failed: column \"createdAt\" does not exist (SQL: SELECT * FROM contract_variation_orders ORDER BY \"createdAt\" DESC LIMIT 50)","metadata":{},"environment":"production"}
{"timestamp":"2026-08-29T07:22:30.335Z","level":"WARN","category":"DatabaseManager","message":"PostgreSQL query failed: column \"createdAt\" does not exist (SQL: SELECT * FROM excavation_permits ORDER BY \"createdAt\" DESC LIMIT 50)","metadata":{},"environment":"production"}
{"timestamp":"2026-08-29T07:22:30.391Z","level":"WARN","category":"DatabaseManager","message":"PostgreSQL query failed: column \"createdAt\" does not exist (SQL: SELECT * FROM bank_guarantees ORDER BY \"createdAt\" DESC LIMIT 50)","metadata":{},"environment":"production"}
{"timestamp":"2026-08-29T07:22:30.534Z","level":"WARN","category":"DatabaseManager","message":"PostgreSQL query failed: column \"createdAt\" does not exist (SQL: SELECT * FROM structural_assets ORDER BY \"createdAt\" DESC LIMIT 50)","metadata":{},"environment":"production"}
{"timestamp":"2026-08-29T07:22:30.587Z","level":"WARN","category":"DatabaseManager","message":"PostgreSQL query failed: column \"createdAt\" does not exist (SQL: SELECT * FROM infrastructure_networks ORDER BY \"createdAt\" DESC LIMIT 50)","metadata":{},"environment":"production"}
{"timestamp":"2026-08-29T07:22:30.637Z","level":"WARN","category":"DatabaseManager","message":"PostgreSQL query failed: column \"createdAt\" does not exist (SQL: SELECT * FROM energy_assets ORDER BY \"createdAt\" DESC LIMIT 50)","metadata":{},"environment":"production"}
{"timestamp":"2026-08-29T07:22:30.697Z","level":"WARN","category":"DatabaseManager","message":"PostgreSQL query failed: relation \"committee_reports\" does not exist (SQL: SELECT * FROM committee_reports ORDER BY \"createdAt\" DESC LIMIT 50)","metadata":{},"environment":"production"}
{"timestamp":"2026-08-29T07:22:30.854Z","level":"WARN","category":"DatabaseManager","message":"PostgreSQL query failed: relation \"tender_studies\" does not exist (SQL: SELECT * FROM tender_studies WHERE id::text = ANY($1::text[]))","metadata":{},"environment":"production"}
{"timestamp":"2026-08-29T07:22:30.885Z","level":"WARN","category":"DatabaseManager","message":"PostgreSQL query failed: relation \"variation_orders\" does not exist (SQL: SELECT * FROM variation_orders WHERE id::text = ANY($1::text[]))","metadata":{},"environment":"production"}
{"timestamp":"2026-08-29T07:22:30.984Z","level":"WARN","category":"DatabaseManager","message":"PostgreSQL query failed: relation \"committee_reports\" does not exist (SQL: SELECT * FROM committee_reports WHERE id::text = ANY($1::text[]))","metadata":{},"environment":"production"}
{"timestamp":"2026-08-29T07:22:33.428Z","level":"INFO","category":"EngineRegistry","message":"✅ All 25 Enterprise Engines successfully registered.","metadata":{},"environment":"production"}
{"timestamp":"2026-08-29T07:22:33.721Z","level":"INFO","category":"DatabaseManager","message":"✅ PostgreSQL Connection Pool Initialized Successfully.","metadata":{},"environment":"production"}
{"timestamp":"2026-08-29T07:22:50.437Z","level":"INFO","category":"EngineRegistry","message":"✅ All 25 Enterprise Engines successfully registered.","metadata":{},"environment":"production"}
{"timestamp":"2026-08-29T07:22:50.583Z","level":"INFO","category":"DatabaseManager","message":"✅ PostgreSQL Connection Pool Initialized Successfully.","metadata":{},"environment":"production"}
{"timestamp":"2026-08-29T07:23:24.310Z","level":"INFO","category":"EngineRegistry","message":"✅ All 25 Enterprise Engines successfully registered.","metadata":{},"environment":"production"}
{"timestamp":"2026-08-29T07:23:24.424Z","level":"INFO","category":"DatabaseManager","message":"✅ PostgreSQL Connection Pool Initialized Successfully.","metadata":{},"environment":"production"}
{"timestamp":"2026-08-29T07:23:55.988Z","level":"INFO","category":"EngineRegistry","message":"✅ All 25 Enterprise Engines successfully registered.","metadata":{},"environment":"production"}
{"timestamp":"2026-08-29T07:23:56.056Z","level":"INFO","category":"DatabaseManager","message":"✅ PostgreSQL Connection Pool Initialized Successfully.","metadata":{},"environment":"production"}
{"timestamp":"2026-08-29T07:24:02.148Z","level":"INFO","category":"EngineRegistry","message":"✅ All 25 Enterprise Engines successfully registered.","metadata":{},"environment":"production"}
{"timestamp":"2026-08-29T07:24:02.197Z","level":"INFO","category":"DatabaseManager","message":"✅ PostgreSQL Connection Pool Initialized Successfully.","metadata":{},"environment":"production"}
{"timestamp":"2026-08-29T07:24:10.171Z","level":"INFO","category":"EngineRegistry","message":"✅ All 25 Enterprise Engines successfully registered.","metadata":{},"environment":"production"}
{"timestamp":"2026-08-29T07:24:10.236Z","level":"INFO","category":"DatabaseManager","message":"✅ PostgreSQL Connection Pool Initialized Successfully.","metadata":{},"environment":"production"}
{"timestamp":"2026-08-29T07:24:17.641Z","level":"INFO","category":"EngineRegistry","message":"✅ All 25 Enterprise Engines successfully registered.","metadata":{},"environment":"production"}
{"timestamp":"2026-08-29T07:24:17.801Z","level":"INFO","category":"DatabaseManager","message":"✅ PostgreSQL Connection Pool Initialized Successfully.","metadata":{},"environment":"production"}
{"timestamp":"2026-08-29T07:24:21.893Z","level":"INFO","category":"EngineRegistry","message":"✅ All 25 Enterprise Engines successfully registered.","metadata":{},"environment":"production"}
{"timestamp":"2026-08-29T07:24:22.043Z","level":"INFO","category":"DatabaseManager","message":"✅ PostgreSQL Connection Pool Initialized Successfully.","metadata":{},"environment":"production"}
{"timestamp":"2026-08-29T07:24:22.450Z","level":"INFO","category":"EngineRegistry","message":"✅ All 25 Enterprise Engines successfully registered.","metadata":{},"environment":"production"}
{"timestamp":"2026-08-29T07:24:23.256Z","level":"INFO","category":"EngineRegistry","message":"✅ All 25 Enterprise Engines successfully registered.","metadata":{},"environment":"production"}
{"timestamp":"2026-08-29T07:24:24.155Z","level":"INFO","category":"EngineRegistry","message":"✅ All 25 Enterprise Engines successfully registered.","metadata":{},"environment":"production"}
{"timestamp":"2026-08-29T07:24:25.279Z","level":"INFO","category":"EngineRegistry","message":"✅ All 25 Enterprise Engines successfully registered.","metadata":{},"environment":"production"}
{"timestamp":"2026-08-29T07:24:25.389Z","level":"INFO","category":"DatabaseManager","message":"✅ PostgreSQL Connection Pool Initialized Successfully.","metadata":{},"environment":"production"}
{"timestamp":"2026-08-29T07:24:25.982Z","level":"INFO","category":"EngineRegistry","message":"✅ All 25 Enterprise Engines successfully registered.","metadata":{},"environment":"production"}
{"timestamp":"2026-08-29T07:24:26.615Z","level":"INFO","category":"EngineRegistry","message":"✅ All 25 Enterprise Engines successfully registered.","metadata":{},"environment":"production"}
{"timestamp":"2026-08-29T07:24:28.610Z","level":"INFO","category":"EngineRegistry","message":"✅ All 25 Enterprise Engines successfully registered.","metadata":{},"environment":"production"}
{"timestamp":"2026-08-29T07:24:29.159Z","level":"INFO","category":"EngineRegistry","message":"✅ All 25 Enterprise Engines successfully registered.","metadata":{},"environment":"production"}
{"timestamp":"2026-08-29T07:24:29.213Z","level":"INFO","category":"DatabaseManager","message":"✅ PostgreSQL Connection Pool Initialized Successfully.","metadata":{},"environment":"production"}
{"timestamp":"2026-08-29T07:24:30.059Z","level":"INFO","category":"EngineRegistry","message":"✅ All 25 Enterprise Engines successfully registered.","metadata":{},"environment":"production"}
{"timestamp":"2026-08-29T07:24:30.102Z","level":"INFO","category":"DatabaseManager","message":"✅ PostgreSQL Connection Pool Initialized Successfully.","metadata":{},"environment":"production"}
{"timestamp":"2026-08-29T07:24:30.798Z","level":"WARN","category":"DatabaseManager","message":"PostgreSQL query failed: column \"createdAt\" does not exist (SQL: SELECT * FROM tender_daily_reports ORDER BY \"createdAt\" DESC LIMIT 50)","metadata":{},"environment":"production"}
{"timestamp":"2026-08-29T07:24:30.799Z","level":"WARN","category":"DatabaseManager","message":"PostgreSQL query failed: relation \"tender_studies\" does not exist (SQL: SELECT * FROM tender_studies ORDER BY \"createdAt\" DESC LIMIT 50)","metadata":{},"environment":"production"}
{"timestamp":"2026-08-29T07:24:30.811Z","level":"WARN","category":"DatabaseManager","message":"PostgreSQL query failed: column \"createdAt\" does not exist (SQL: SELECT * FROM contract_variation_orders ORDER BY \"createdAt\" DESC LIMIT 50)","metadata":{},"environment":"production"}
{"timestamp":"2026-08-29T07:24:30.837Z","level":"WARN","category":"DatabaseManager","message":"PostgreSQL query failed: column \"createdAt\" does not exist (SQL: SELECT * FROM excavation_permits ORDER BY \"createdAt\" DESC LIMIT 50)","metadata":{},"environment":"production"}
{"timestamp":"2026-08-29T07:24:30.863Z","level":"WARN","category":"DatabaseManager","message":"PostgreSQL query failed: column \"createdAt\" does not exist (SQL: SELECT * FROM bank_guarantees ORDER BY \"createdAt\" DESC LIMIT 50)","metadata":{},"environment":"production"}
{"timestamp":"2026-08-29T07:24:30.875Z","level":"WARN","category":"DatabaseManager","message":"PostgreSQL query failed: column \"createdAt\" does not exist (SQL: SELECT * FROM structural_assets ORDER BY \"createdAt\" DESC LIMIT 50)","metadata":{},"environment":"production"}
{"timestamp":"2026-08-29T07:24:30.876Z","level":"WARN","category":"DatabaseManager","message":"PostgreSQL query failed: column \"createdAt\" does not exist (SQL: SELECT * FROM infrastructure_networks ORDER BY \"createdAt\" DESC LIMIT 50)","metadata":{},"environment":"production"}
{"timestamp":"2026-08-29T07:24:30.886Z","level":"WARN","category":"DatabaseManager","message":"PostgreSQL query failed: column \"createdAt\" does not exist (SQL: SELECT * FROM energy_assets ORDER BY \"createdAt\" DESC LIMIT 50)","metadata":{},"environment":"production"}
{"timestamp":"2026-08-29T07:24:30.983Z","level":"WARN","category":"DatabaseManager","message":"PostgreSQL query failed: relation \"committee_reports\" does not exist (SQL: SELECT * FROM committee_reports ORDER BY \"createdAt\" DESC LIMIT 50)","metadata":{},"environment":"production"}
{"timestamp":"2026-08-29T07:24:31.237Z","level":"WARN","category":"DatabaseManager","message":"PostgreSQL query failed: relation \"tender_studies\" does not exist (SQL: SELECT * FROM tender_studies WHERE id::text = ANY($1::text[]))","metadata":{},"environment":"production"}
{"timestamp":"2026-08-29T07:24:31.248Z","level":"WARN","category":"DatabaseManager","message":"PostgreSQL query failed: relation \"variation_orders\" does not exist (SQL: SELECT * FROM variation_orders WHERE id::text = ANY($1::text[]))","metadata":{},"environment":"production"}
{"timestamp":"2026-08-29T07:24:31.292Z","level":"WARN","category":"DatabaseManager","message":"PostgreSQL query failed: relation \"committee_reports\" does not exist (SQL: SELECT * FROM committee_reports WHERE id::text = ANY($1::text[]))","metadata":{},"environment":"production"}
{"timestamp":"2026-08-29T07:24:31.966Z","level":"INFO","category":"EngineRegistry","message":"✅ All 25 Enterprise Engines successfully registered.","metadata":{},"environment":"production"}
{"timestamp":"2026-08-29T07:24:32.052Z","level":"INFO","category":"DatabaseManager","message":"✅ PostgreSQL Connection Pool Initialized Successfully.","metadata":{},"environment":"production"}
{"timestamp":"2026-08-29T07:24:32.831Z","level":"INFO","category":"EngineRegistry","message":"✅ All 25 Enterprise Engines successfully registered.","metadata":{},"environment":"production"}
{"timestamp":"2026-08-29T07:24:32.885Z","level":"INFO","category":"DatabaseManager","message":"✅ PostgreSQL Connection Pool Initialized Successfully.","metadata":{},"environment":"production"}
{"timestamp":"2026-08-29T07:24:33.373Z","level":"INFO","category":"EngineRegistry","message":"✅ All 25 Enterprise Engines successfully registered.","metadata":{},"environment":"production"}
{"timestamp":"2026-08-29T07:24:33.442Z","level":"INFO","category":"DatabaseManager","message":"✅ PostgreSQL Connection Pool Initialized Successfully.","metadata":{},"environment":"production"}
{"timestamp":"2026-08-29T07:24:33.906Z","level":"INFO","category":"EngineRegistry","message":"✅ All 25 Enterprise Engines successfully registered.","metadata":{},"environment":"production"}
{"timestamp":"2026-08-29T07:24:33.964Z","level":"INFO","category":"DatabaseManager","message":"✅ PostgreSQL Connection Pool Initialized Successfully.","metadata":{},"environment":"production"}
{"timestamp":"2026-08-29T07:24:34.397Z","level":"INFO","category":"EngineRegistry","message":"✅ All 25 Enterprise Engines successfully registered.","metadata":{},"environment":"production"}
{"timestamp":"2026-08-29T07:24:34.448Z","level":"INFO","category":"DatabaseManager","message":"✅ PostgreSQL Connection Pool Initialized Successfully.","metadata":{},"environment":"production"}
{"timestamp":"2026-08-29T07:24:35.668Z","level":"INFO","category":"EngineRegistry","message":"✅ All 25 Enterprise Engines successfully registered.","metadata":{},"environment":"production"}
{"timestamp":"2026-08-29T07:24:35.746Z","level":"INFO","category":"DatabaseManager","message":"✅ PostgreSQL Connection Pool Initialized Successfully.","metadata":{},"environment":"production"}
{"timestamp":"2026-08-29T07:24:37.927Z","level":"INFO","category":"EngineRegistry","message":"✅ All 25 Enterprise Engines successfully registered.","metadata":{},"environment":"production"}
{"timestamp":"2026-08-29T07:24:37.978Z","level":"INFO","category":"DatabaseManager","message":"✅ PostgreSQL Connection Pool Initialized Successfully.","metadata":{},"environment":"production"}
{"timestamp":"2026-08-29T07:26:17.057Z","level":"INFO","category":"EngineRegistry","message":"✅ All 25 Enterprise Engines successfully registered.","metadata":{},"environment":"production"}
{"timestamp":"2026-08-29T07:26:17.247Z","level":"INFO","category":"DatabaseManager","message":"✅ PostgreSQL Connection Pool Initialized Successfully.","metadata":{},"environment":"production"}
{"timestamp":"2026-08-29T07:26:22.593Z","level":"INFO","category":"EngineRegistry","message":"✅ All 25 Enterprise Engines successfully registered.","metadata":{},"environment":"production"}
{"timestamp":"2026-08-29T07:26:22.841Z","level":"INFO","category":"DatabaseManager","message":"✅ PostgreSQL Connection Pool Initialized Successfully.","metadata":{},"environment":"production"}
{"timestamp":"2026-08-29T07:26:28.423Z","level":"INFO","category":"EngineRegistry","message":"✅ All 25 Enterprise Engines successfully registered.","metadata":{},"environment":"production"}
{"timestamp":"2026-08-29T07:26:28.587Z","level":"INFO","category":"DatabaseManager","message":"✅ PostgreSQL Connection Pool Initialized Successfully.","metadata":{},"environment":"production"}
{"timestamp":"2026-08-29T07:26:33.911Z","level":"INFO","category":"EngineRegistry","message":"✅ All 25 Enterprise Engines successfully registered.","metadata":{},"environment":"production"}
{"timestamp":"2026-08-29T07:26:33.984Z","level":"INFO","category":"DatabaseManager","message":"✅ PostgreSQL Connection Pool Initialized Successfully.","metadata":{},"environment":"production"}
{"timestamp":"2026-08-29T07:26:39.301Z","level":"INFO","category":"EngineRegistry","message":"✅ All 25 Enterprise Engines successfully registered.","metadata":{},"environment":"production"}
{"timestamp":"2026-08-29T07:26:39.384Z","level":"INFO","category":"DatabaseManager","message":"✅ PostgreSQL Connection Pool Initialized Successfully.","metadata":{},"environment":"production"}
{"timestamp":"2026-08-29T07:26:50.548Z","level":"INFO","category":"EngineRegistry","message":"✅ All 28 Enterprise Engines successfully registered.","metadata":{},"environment":"production"}
{"timestamp":"2026-08-29T07:26:50.630Z","level":"INFO","category":"DatabaseManager","message":"✅ PostgreSQL Connection Pool Initialized Successfully.","metadata":{},"environment":"production"}
{"timestamp":"2026-08-29T07:26:59.206Z","level":"INFO","category":"EngineRegistry","message":"✅ All 28 Enterprise Engines successfully registered.","metadata":{},"environment":"production"}
{"timestamp":"2026-08-29T07:26:59.253Z","level":"INFO","category":"DatabaseManager","message":"✅ PostgreSQL Connection Pool Initialized Successfully.","metadata":{},"environment":"production"}
{"timestamp":"2026-08-29T07:27:04.266Z","level":"INFO","category":"EngineRegistry","message":"✅ All 28 Enterprise Engines successfully registered.","metadata":{},"environment":"production"}
{"timestamp":"2026-08-29T07:27:04.311Z","level":"INFO","category":"DatabaseManager","message":"✅ PostgreSQL Connection Pool Initialized Successfully.","metadata":{},"environment":"production"}
{"timestamp":"2026-08-29T07:27:13.766Z","level":"INFO","category":"EngineRegistry","message":"✅ All 28 Enterprise Engines successfully registered.","metadata":{},"environment":"production"}
{"timestamp":"2026-08-29T07:27:13.824Z","level":"INFO","category":"DatabaseManager","message":"✅ PostgreSQL Connection Pool Initialized Successfully.","metadata":{},"environment":"production"}
{"timestamp":"2026-08-29T07:27:18.758Z","level":"INFO","category":"EngineRegistry","message":"✅ All 28 Enterprise Engines successfully registered.","metadata":{},"environment":"production"}
{"timestamp":"2026-08-29T07:27:18.801Z","level":"INFO","category":"DatabaseManager","message":"✅ PostgreSQL Connection Pool Initialized Successfully.","metadata":{},"environment":"production"}
{"timestamp":"2026-08-29T07:27:23.956Z","level":"INFO","category":"EngineRegistry","message":"✅ All 28 Enterprise Engines successfully registered.","metadata":{},"environment":"production"}
{"timestamp":"2026-08-29T07:27:24.119Z","level":"INFO","category":"DatabaseManager","message":"✅ PostgreSQL Connection Pool Initialized Successfully.","metadata":{},"environment":"production"}
{"timestamp":"2026-08-29T07:27:28.703Z","level":"INFO","category":"EngineRegistry","message":"✅ All 28 Enterprise Engines successfully registered.","metadata":{},"environment":"production"}
{"timestamp":"2026-08-29T07:27:28.750Z","level":"INFO","category":"DatabaseManager","message":"✅ PostgreSQL Connection Pool Initialized Successfully.","metadata":{},"environment":"production"}
{"timestamp":"2026-08-29T07:27:33.636Z","level":"INFO","category":"EngineRegistry","message":"✅ All 28 Enterprise Engines successfully registered.","metadata":{},"environment":"production"}
{"timestamp":"2026-08-29T07:27:35.611Z","level":"INFO","category":"EngineRegistry","message":"✅ All 28 Enterprise Engines successfully registered.","metadata":{},"environment":"production"}
{"timestamp":"2026-08-29T07:27:37.720Z","level":"INFO","category":"EngineRegistry","message":"✅ All 28 Enterprise Engines successfully registered.","metadata":{},"environment":"production"}
{"timestamp":"2026-08-29T07:27:37.810Z","level":"INFO","category":"DatabaseManager","message":"✅ PostgreSQL Connection Pool Initialized Successfully.","metadata":{},"environment":"production"}
{"timestamp":"2026-08-29T07:27:39.076Z","level":"INFO","category":"EngineRegistry","message":"✅ All 28 Enterprise Engines successfully registered.","metadata":{},"environment":"production"}
{"timestamp":"2026-08-29T07:27:41.465Z","level":"INFO","category":"EngineRegistry","message":"✅ All 28 Enterprise Engines successfully registered.","metadata":{},"environment":"production"}
{"timestamp":"2026-08-29T07:27:41.544Z","level":"INFO","category":"DatabaseManager","message":"✅ PostgreSQL Connection Pool Initialized Successfully.","metadata":{},"environment":"production"}
{"timestamp":"2026-08-29T07:27:43.222Z","level":"WARN","category":"DatabaseManager","message":"PostgreSQL query failed: column \"createdAt\" does not exist (SQL: SELECT * FROM tender_daily_reports ORDER BY \"createdAt\" DESC LIMIT 50)","metadata":{},"environment":"production"}
{"timestamp":"2026-08-29T07:27:43.224Z","level":"WARN","category":"DatabaseManager","message":"PostgreSQL query failed: relation \"tender_studies\" does not exist (SQL: SELECT * FROM tender_studies ORDER BY \"createdAt\" DESC LIMIT 50)","metadata":{},"environment":"production"}
{"timestamp":"2026-08-29T07:27:43.234Z","level":"WARN","category":"DatabaseManager","message":"PostgreSQL query failed: column \"createdAt\" does not exist (SQL: SELECT * FROM contract_variation_orders ORDER BY \"createdAt\" DESC LIMIT 50)","metadata":{},"environment":"production"}
{"timestamp":"2026-08-29T07:27:43.242Z","level":"WARN","category":"DatabaseManager","message":"PostgreSQL query failed: column \"createdAt\" does not exist (SQL: SELECT * FROM excavation_permits ORDER BY \"createdAt\" DESC LIMIT 50)","metadata":{},"environment":"production"}
{"timestamp":"2026-08-29T07:27:43.253Z","level":"WARN","category":"DatabaseManager","message":"PostgreSQL query failed: column \"createdAt\" does not exist (SQL: SELECT * FROM bank_guarantees ORDER BY \"createdAt\" DESC LIMIT 50)","metadata":{},"environment":"production"}
{"timestamp":"2026-08-29T07:27:43.258Z","level":"WARN","category":"DatabaseManager","message":"PostgreSQL query failed: column \"createdAt\" does not exist (SQL: SELECT * FROM structural_assets ORDER BY \"createdAt\" DESC LIMIT 50)","metadata":{},"environment":"production"}
{"timestamp":"2026-08-29T07:27:43.262Z","level":"WARN","category":"DatabaseManager","message":"PostgreSQL query failed: column \"createdAt\" does not exist (SQL: SELECT * FROM energy_assets ORDER BY \"createdAt\" DESC LIMIT 50)","metadata":{},"environment":"production"}
{"timestamp":"2026-08-29T07:27:43.260Z","level":"WARN","category":"DatabaseManager","message":"PostgreSQL query failed: column \"createdAt\" does not exist (SQL: SELECT * FROM infrastructure_networks ORDER BY \"createdAt\" DESC LIMIT 50)","metadata":{},"environment":"production"}
{"timestamp":"2026-08-29T07:27:43.462Z","level":"WARN","category":"DatabaseManager","message":"PostgreSQL query failed: relation \"committee_reports\" does not exist (SQL: SELECT * FROM committee_reports ORDER BY \"createdAt\" DESC LIMIT 50)","metadata":{},"environment":"production"}
{"timestamp":"2026-08-29T07:27:43.618Z","level":"WARN","category":"DatabaseManager","message":"PostgreSQL query failed: relation \"tender_studies\" does not exist (SQL: SELECT * FROM tender_studies WHERE id::text = ANY($1::text[]))","metadata":{},"environment":"production"}
{"timestamp":"2026-08-29T07:27:43.565Z","level":"INFO","category":"EngineRegistry","message":"✅ All 28 Enterprise Engines successfully registered.","metadata":{},"environment":"production"}
{"timestamp":"2026-08-29T07:27:43.761Z","level":"WARN","category":"DatabaseManager","message":"PostgreSQL query failed: relation \"variation_orders\" does not exist (SQL: SELECT * FROM variation_orders WHERE id::text = ANY($1::text[]))","metadata":{},"environment":"production"}
{"timestamp":"2026-08-29T07:27:43.817Z","level":"INFO","category":"DatabaseManager","message":"✅ PostgreSQL Connection Pool Initialized Successfully.","metadata":{},"environment":"production"}
{"timestamp":"2026-08-29T07:27:43.930Z","level":"WARN","category":"DatabaseManager","message":"PostgreSQL query failed: relation \"committee_reports\" does not exist (SQL: SELECT * FROM committee_reports WHERE id::text = ANY($1::text[]))","metadata":{},"environment":"production"}
{"timestamp":"2026-08-29T07:27:45.126Z","level":"INFO","category":"EngineRegistry","message":"✅ All 28 Enterprise Engines successfully registered.","metadata":{},"environment":"production"}
{"timestamp":"2026-08-29T07:27:45.236Z","level":"INFO","category":"DatabaseManager","message":"✅ PostgreSQL Connection Pool Initialized Successfully.","metadata":{},"environment":"production"}
{"timestamp":"2026-08-29T07:27:50.424Z","level":"INFO","category":"EngineRegistry","message":"✅ All 28 Enterprise Engines successfully registered.","metadata":{},"environment":"production"}
{"timestamp":"2026-08-29T07:27:50.491Z","level":"INFO","category":"DatabaseManager","message":"✅ PostgreSQL Connection Pool Initialized Successfully.","metadata":{},"environment":"production"}
{"timestamp":"2026-08-29T07:30:16.062Z","level":"INFO","category":"EngineRegistry","message":"✅ All 28 Enterprise Engines successfully registered.","metadata":{},"environment":"production"}
{"timestamp":"2026-08-29T07:30:16.120Z","level":"INFO","category":"DatabaseManager","message":"✅ PostgreSQL Connection Pool Initialized Successfully.","metadata":{},"environment":"production"}
{"timestamp":"2026-08-29T07:30:29.984Z","level":"INFO","category":"EngineRegistry","message":"✅ All 28 Enterprise Engines successfully registered.","metadata":{},"environment":"production"}
{"timestamp":"2026-08-29T07:30:30.044Z","level":"INFO","category":"DatabaseManager","message":"✅ PostgreSQL Connection Pool Initialized Successfully.","metadata":{},"environment":"production"}
{"timestamp":"2026-08-29T07:30:38.162Z","level":"INFO","category":"EngineRegistry","message":"✅ All 28 Enterprise Engines successfully registered.","metadata":{},"environment":"production"}
{"timestamp":"2026-08-29T07:30:38.218Z","level":"INFO","category":"DatabaseManager","message":"✅ PostgreSQL Connection Pool Initialized Successfully.","metadata":{},"environment":"production"}
{"timestamp":"2026-08-29T07:30:50.437Z","level":"INFO","category":"EngineRegistry","message":"✅ All 28 Enterprise Engines successfully registered.","metadata":{},"environment":"production"}
{"timestamp":"2026-08-29T07:30:52.270Z","level":"INFO","category":"EngineRegistry","message":"✅ All 28 Enterprise Engines successfully registered.","metadata":{},"environment":"production"}
{"timestamp":"2026-08-29T07:30:53.807Z","level":"INFO","category":"EngineRegistry","message":"✅ All 28 Enterprise Engines successfully registered.","metadata":{},"environment":"production"}
{"timestamp":"2026-08-29T07:30:54.472Z","level":"INFO","category":"EngineRegistry","message":"✅ All 28 Enterprise Engines successfully registered.","metadata":{},"environment":"production"}
{"timestamp":"2026-08-29T07:30:54.570Z","level":"INFO","category":"DatabaseManager","message":"✅ PostgreSQL Connection Pool Initialized Successfully.","metadata":{},"environment":"production"}
{"timestamp":"2026-08-29T07:30:55.943Z","level":"INFO","category":"EngineRegistry","message":"✅ All 28 Enterprise Engines successfully registered.","metadata":{},"environment":"production"}
{"timestamp":"2026-08-29T07:30:57.710Z","level":"INFO","category":"EngineRegistry","message":"✅ All 28 Enterprise Engines successfully registered.","metadata":{},"environment":"production"}
{"timestamp":"2026-08-29T07:30:58.345Z","level":"INFO","category":"EngineRegistry","message":"✅ All 28 Enterprise Engines successfully registered.","metadata":{},"environment":"production"}
{"timestamp":"2026-08-29T07:30:58.418Z","level":"INFO","category":"DatabaseManager","message":"✅ PostgreSQL Connection Pool Initialized Successfully.","metadata":{},"environment":"production"}
{"timestamp":"2026-08-29T07:30:59.662Z","level":"INFO","category":"EngineRegistry","message":"✅ All 28 Enterprise Engines successfully registered.","metadata":{},"environment":"production"}
{"timestamp":"2026-08-29T07:30:59.761Z","level":"INFO","category":"DatabaseManager","message":"✅ PostgreSQL Connection Pool Initialized Successfully.","metadata":{},"environment":"production"}
{"timestamp":"2026-08-29T07:31:00.162Z","level":"WARN","category":"DatabaseManager","message":"PostgreSQL query failed: column \"createdAt\" does not exist (SQL: SELECT * FROM tender_daily_reports ORDER BY \"createdAt\" DESC LIMIT 50)","metadata":{},"environment":"production"}
{"timestamp":"2026-08-29T07:31:00.164Z","level":"WARN","category":"DatabaseManager","message":"PostgreSQL query failed: relation \"tender_studies\" does not exist (SQL: SELECT * FROM tender_studies ORDER BY \"createdAt\" DESC LIMIT 50)","metadata":{},"environment":"production"}
{"timestamp":"2026-08-29T07:31:00.176Z","level":"WARN","category":"DatabaseManager","message":"PostgreSQL query failed: column \"createdAt\" does not exist (SQL: SELECT * FROM contract_variation_orders ORDER BY \"createdAt\" DESC LIMIT 50)","metadata":{},"environment":"production"}
{"timestamp":"2026-08-29T07:31:00.185Z","level":"WARN","category":"DatabaseManager","message":"PostgreSQL query failed: column \"createdAt\" does not exist (SQL: SELECT * FROM excavation_permits ORDER BY \"createdAt\" DESC LIMIT 50)","metadata":{},"environment":"production"}
{"timestamp":"2026-08-29T07:31:00.206Z","level":"WARN","category":"DatabaseManager","message":"PostgreSQL query failed: column \"createdAt\" does not exist (SQL: SELECT * FROM bank_guarantees ORDER BY \"createdAt\" DESC LIMIT 50)","metadata":{},"environment":"production"}
{"timestamp":"2026-08-29T07:31:00.234Z","level":"WARN","category":"DatabaseManager","message":"PostgreSQL query failed: column \"createdAt\" does not exist (SQL: SELECT * FROM structural_assets ORDER BY \"createdAt\" DESC LIMIT 50)","metadata":{},"environment":"production"}
{"timestamp":"2026-08-29T07:31:00.236Z","level":"WARN","category":"DatabaseManager","message":"PostgreSQL query failed: column \"createdAt\" does not exist (SQL: SELECT * FROM infrastructure_networks ORDER BY \"createdAt\" DESC LIMIT 50)","metadata":{},"environment":"production"}
{"timestamp":"2026-08-29T07:31:00.237Z","level":"WARN","category":"DatabaseManager","message":"PostgreSQL query failed: column \"createdAt\" does not exist (SQL: SELECT * FROM energy_assets ORDER BY \"createdAt\" DESC LIMIT 50)","metadata":{},"environment":"production"}
{"timestamp":"2026-08-29T07:31:00.376Z","level":"WARN","category":"DatabaseManager","message":"PostgreSQL query failed: relation \"committee_reports\" does not exist (SQL: SELECT * FROM committee_reports ORDER BY \"createdAt\" DESC LIMIT 50)","metadata":{},"environment":"production"}
{"timestamp":"2026-08-29T07:31:00.480Z","level":"WARN","category":"DatabaseManager","message":"PostgreSQL query failed: relation \"tender_studies\" does not exist (SQL: SELECT * FROM tender_studies WHERE id::text = ANY($1::text[]))","metadata":{},"environment":"production"}
{"timestamp":"2026-08-29T07:31:00.592Z","level":"WARN","category":"DatabaseManager","message":"PostgreSQL query failed: relation \"variation_orders\" does not exist (SQL: SELECT * FROM variation_orders WHERE id::text = ANY($1::text[]))","metadata":{},"environment":"production"}
{"timestamp":"2026-08-29T07:31:00.717Z","level":"WARN","category":"DatabaseManager","message":"PostgreSQL query failed: relation \"committee_reports\" does not exist (SQL: SELECT * FROM committee_reports WHERE id::text = ANY($1::text[]))","metadata":{},"environment":"production"}
{"timestamp":"2026-08-29T07:31:01.809Z","level":"INFO","category":"EngineRegistry","message":"✅ All 28 Enterprise Engines successfully registered.","metadata":{},"environment":"production"}
{"timestamp":"2026-08-29T07:31:01.915Z","level":"INFO","category":"DatabaseManager","message":"✅ PostgreSQL Connection Pool Initialized Successfully.","metadata":{},"environment":"production"}
{"timestamp":"2026-08-29T07:31:07.645Z","level":"INFO","category":"EngineRegistry","message":"✅ All 28 Enterprise Engines successfully registered.","metadata":{},"environment":"production"}
{"timestamp":"2026-08-29T07:31:07.696Z","level":"INFO","category":"DatabaseManager","message":"✅ PostgreSQL Connection Pool Initialized Successfully.","metadata":{},"environment":"production"}
{"timestamp":"2026-08-29T07:33:20.993Z","level":"INFO","category":"EngineRegistry","message":"✅ All 28 Enterprise Engines successfully registered.","metadata":{},"environment":"production"}
{"timestamp":"2026-08-29T07:33:21.049Z","level":"INFO","category":"DatabaseManager","message":"✅ PostgreSQL Connection Pool Initialized Successfully.","metadata":{},"environment":"production"}
{"timestamp":"2026-08-29T07:33:31.365Z","level":"INFO","category":"EngineRegistry","message":"✅ All 28 Enterprise Engines successfully registered.","metadata":{},"environment":"production"}
{"timestamp":"2026-08-29T07:33:31.420Z","level":"INFO","category":"DatabaseManager","message":"✅ PostgreSQL Connection Pool Initialized Successfully.","metadata":{},"environment":"production"}
{"timestamp":"2026-08-29T07:33:39.065Z","level":"INFO","category":"EngineRegistry","message":"✅ All 28 Enterprise Engines successfully registered.","metadata":{},"environment":"production"}
{"timestamp":"2026-08-29T07:33:39.137Z","level":"INFO","category":"DatabaseManager","message":"✅ PostgreSQL Connection Pool Initialized Successfully.","metadata":{},"environment":"production"}
{"timestamp":"2026-08-29T07:33:45.801Z","level":"INFO","category":"EngineRegistry","message":"✅ All 28 Enterprise Engines successfully registered.","metadata":{},"environment":"production"}
{"timestamp":"2026-08-29T07:33:45.853Z","level":"INFO","category":"DatabaseManager","message":"✅ PostgreSQL Connection Pool Initialized Successfully.","metadata":{},"environment":"production"}
{"timestamp":"2026-08-29T07:33:47.569Z","level":"INFO","category":"EngineRegistry","message":"✅ All 28 Enterprise Engines successfully registered.","metadata":{},"environment":"production"}
{"timestamp":"2026-08-29T07:33:48.191Z","level":"INFO","category":"EngineRegistry","message":"✅ All 28 Enterprise Engines successfully registered.","metadata":{},"environment":"production"}
{"timestamp":"2026-08-29T07:33:50.543Z","level":"INFO","category":"EngineRegistry","message":"✅ All 28 Enterprise Engines successfully registered.","metadata":{},"environment":"production"}
{"timestamp":"2026-08-29T07:33:51.890Z","level":"INFO","category":"EngineRegistry","message":"✅ All 28 Enterprise Engines successfully registered.","metadata":{},"environment":"production"}
{"timestamp":"2026-08-29T07:33:52.576Z","level":"INFO","category":"EngineRegistry","message":"✅ All 28 Enterprise Engines successfully registered.","metadata":{},"environment":"production"}
{"timestamp":"2026-08-29T07:33:52.671Z","level":"INFO","category":"DatabaseManager","message":"✅ PostgreSQL Connection Pool Initialized Successfully.","metadata":{},"environment":"production"}
{"timestamp":"2026-08-29T07:33:54.816Z","level":"INFO","category":"EngineRegistry","message":"✅ All 28 Enterprise Engines successfully registered.","metadata":{},"environment":"production"}
{"timestamp":"2026-08-29T07:33:55.584Z","level":"INFO","category":"EngineRegistry","message":"✅ All 28 Enterprise Engines successfully registered.","metadata":{},"environment":"production"}
{"timestamp":"2026-08-29T07:33:56.239Z","level":"INFO","category":"EngineRegistry","message":"✅ All 28 Enterprise Engines successfully registered.","metadata":{},"environment":"production"}
{"timestamp":"2026-08-29T07:33:56.311Z","level":"INFO","category":"DatabaseManager","message":"✅ PostgreSQL Connection Pool Initialized Successfully.","metadata":{},"environment":"production"}
{"timestamp":"2026-08-29T07:33:57.927Z","level":"INFO","category":"EngineRegistry","message":"✅ All 28 Enterprise Engines successfully registered.","metadata":{},"environment":"production"}
{"timestamp":"2026-08-29T07:33:58.181Z","level":"INFO","category":"DatabaseManager","message":"✅ PostgreSQL Connection Pool Initialized Successfully.","metadata":{},"environment":"production"}
{"timestamp":"2026-08-29T07:33:58.307Z","level":"WARN","category":"DatabaseManager","message":"PostgreSQL query failed: column \"createdAt\" does not exist (SQL: SELECT * FROM tender_daily_reports ORDER BY \"createdAt\" DESC LIMIT 50)","metadata":{},"environment":"production"}
{"timestamp":"2026-08-29T07:33:58.308Z","level":"WARN","category":"DatabaseManager","message":"PostgreSQL query failed: relation \"tender_studies\" does not exist (SQL: SELECT * FROM tender_studies ORDER BY \"createdAt\" DESC LIMIT 50)","metadata":{},"environment":"production"}
{"timestamp":"2026-08-29T07:33:58.321Z","level":"WARN","category":"DatabaseManager","message":"PostgreSQL query failed: column \"createdAt\" does not exist (SQL: SELECT * FROM contract_variation_orders ORDER BY \"createdAt\" DESC LIMIT 50)","metadata":{},"environment":"production"}
{"timestamp":"2026-08-29T07:33:58.330Z","level":"WARN","category":"DatabaseManager","message":"PostgreSQL query failed: column \"createdAt\" does not exist (SQL: SELECT * FROM excavation_permits ORDER BY \"createdAt\" DESC LIMIT 50)","metadata":{},"environment":"production"}
{"timestamp":"2026-08-29T07:33:58.358Z","level":"WARN","category":"DatabaseManager","message":"PostgreSQL query failed: column \"createdAt\" does not exist (SQL: SELECT * FROM bank_guarantees ORDER BY \"createdAt\" DESC LIMIT 50)","metadata":{},"environment":"production"}
{"timestamp":"2026-08-29T07:33:58.387Z","level":"WARN","category":"DatabaseManager","message":"PostgreSQL query failed: column \"createdAt\" does not exist (SQL: SELECT * FROM structural_assets ORDER BY \"createdAt\" DESC LIMIT 50)","metadata":{},"environment":"production"}
{"timestamp":"2026-08-29T07:33:58.388Z","level":"WARN","category":"DatabaseManager","message":"PostgreSQL query failed: column \"createdAt\" does not exist (SQL: SELECT * FROM infrastructure_networks ORDER BY \"createdAt\" DESC LIMIT 50)","metadata":{},"environment":"production"}
{"timestamp":"2026-08-29T07:33:58.390Z","level":"WARN","category":"DatabaseManager","message":"PostgreSQL query failed: column \"createdAt\" does not exist (SQL: SELECT * FROM energy_assets ORDER BY \"createdAt\" DESC LIMIT 50)","metadata":{},"environment":"production"}
{"timestamp":"2026-08-29T07:33:58.536Z","level":"WARN","category":"DatabaseManager","message":"PostgreSQL query failed: relation \"committee_reports\" does not exist (SQL: SELECT * FROM committee_reports ORDER BY \"createdAt\" DESC LIMIT 50)","metadata":{},"environment":"production"}
{"timestamp":"2026-08-29T07:33:58.725Z","level":"WARN","category":"DatabaseManager","message":"PostgreSQL query failed: relation \"tender_studies\" does not exist (SQL: SELECT * FROM tender_studies WHERE id::text = ANY($1::text[]))","metadata":{},"environment":"production"}
{"timestamp":"2026-08-29T07:33:58.814Z","level":"WARN","category":"DatabaseManager","message":"PostgreSQL query failed: relation \"variation_orders\" does not exist (SQL: SELECT * FROM variation_orders WHERE id::text = ANY($1::text[]))","metadata":{},"environment":"production"}
{"timestamp":"2026-08-29T07:33:58.977Z","level":"WARN","category":"DatabaseManager","message":"PostgreSQL query failed: relation \"committee_reports\" does not exist (SQL: SELECT * FROM committee_reports WHERE id::text = ANY($1::text[]))","metadata":{},"environment":"production"}
{"timestamp":"2026-08-29T07:34:00.231Z","level":"INFO","category":"EngineRegistry","message":"✅ All 28 Enterprise Engines successfully registered.","metadata":{},"environment":"production"}
{"timestamp":"2026-08-29T07:34:00.336Z","level":"INFO","category":"DatabaseManager","message":"✅ PostgreSQL Connection Pool Initialized Successfully.","metadata":{},"environment":"production"}
{"timestamp":"2026-08-29T07:34:05.961Z","level":"INFO","category":"EngineRegistry","message":"✅ All 28 Enterprise Engines successfully registered.","metadata":{},"environment":"production"}
{"timestamp":"2026-08-29T07:34:06.015Z","level":"INFO","category":"DatabaseManager","message":"✅ PostgreSQL Connection Pool Initialized Successfully.","metadata":{},"environment":"production"}
{"timestamp":"2026-08-29T07:34:13.296Z","level":"INFO","category":"EngineRegistry","message":"✅ All 28 Enterprise Engines successfully registered.","metadata":{},"environment":"production"}
{"timestamp":"2026-08-29T07:34:13.356Z","level":"INFO","category":"DatabaseManager","message":"✅ PostgreSQL Connection Pool Initialized Successfully.","metadata":{},"environment":"production"}
{"timestamp":"2026-08-29T07:34:19.755Z","level":"INFO","category":"EngineRegistry","message":"✅ All 28 Enterprise Engines successfully registered.","metadata":{},"environment":"production"}
{"timestamp":"2026-08-29T07:34:19.810Z","level":"INFO","category":"DatabaseManager","message":"✅ PostgreSQL Connection Pool Initialized Successfully.","metadata":{},"environment":"production"}
{"timestamp":"2026-08-29T07:34:24.194Z","level":"INFO","category":"EngineRegistry","message":"✅ All 28 Enterprise Engines successfully registered.","metadata":{},"environment":"production"}
{"timestamp":"2026-08-29T07:34:24.266Z","level":"INFO","category":"DatabaseManager","message":"✅ PostgreSQL Connection Pool Initialized Successfully.","metadata":{},"environment":"production"}
{"timestamp":"2026-08-29T07:34:27.317Z","level":"INFO","category":"EngineRegistry","message":"✅ All 28 Enterprise Engines successfully registered.","metadata":{},"environment":"production"}
{"timestamp":"2026-08-29T07:34:29.403Z","level":"INFO","category":"EngineRegistry","message":"✅ All 28 Enterprise Engines successfully registered.","metadata":{},"environment":"production"}
{"timestamp":"2026-08-29T07:34:31.041Z","level":"INFO","category":"EngineRegistry","message":"✅ All 28 Enterprise Engines successfully registered.","metadata":{},"environment":"production"}
{"timestamp":"2026-08-29T07:34:31.832Z","level":"INFO","category":"EngineRegistry","message":"✅ All 28 Enterprise Engines successfully registered.","metadata":{},"environment":"production"}
{"timestamp":"2026-08-29T07:34:33.384Z","level":"INFO","category":"EngineRegistry","message":"✅ All 28 Enterprise Engines successfully registered.","metadata":{},"environment":"production"}
{"timestamp":"2026-08-29T07:34:36.642Z","level":"INFO","category":"EngineRegistry","message":"✅ All 28 Enterprise Engines successfully registered.","metadata":{},"environment":"production"}
{"timestamp":"2026-08-29T07:34:36.715Z","level":"INFO","category":"DatabaseManager","message":"✅ PostgreSQL Connection Pool Initialized Successfully.","metadata":{},"environment":"production"}
{"timestamp":"2026-08-29T07:34:38.256Z","level":"WARN","category":"DatabaseManager","message":"PostgreSQL query failed: column \"createdAt\" does not exist (SQL: SELECT * FROM tender_daily_reports ORDER BY \"createdAt\" DESC LIMIT 50)","metadata":{},"environment":"production"}
{"timestamp":"2026-08-29T07:34:38.257Z","level":"WARN","category":"DatabaseManager","message":"PostgreSQL query failed: relation \"tender_studies\" does not exist (SQL: SELECT * FROM tender_studies ORDER BY \"createdAt\" DESC LIMIT 50)","metadata":{},"environment":"production"}
{"timestamp":"2026-08-29T07:34:38.268Z","level":"WARN","category":"DatabaseManager","message":"PostgreSQL query failed: column \"createdAt\" does not exist (SQL: SELECT * FROM contract_variation_orders ORDER BY \"createdAt\" DESC LIMIT 50)","metadata":{},"environment":"production"}
{"timestamp":"2026-08-29T07:34:38.276Z","level":"WARN","category":"DatabaseManager","message":"PostgreSQL query failed: column \"createdAt\" does not exist (SQL: SELECT * FROM excavation_permits ORDER BY \"createdAt\" DESC LIMIT 50)","metadata":{},"environment":"production"}
{"timestamp":"2026-08-29T07:34:38.283Z","level":"WARN","category":"DatabaseManager","message":"PostgreSQL query failed: column \"createdAt\" does not exist (SQL: SELECT * FROM bank_guarantees ORDER BY \"createdAt\" DESC LIMIT 50)","metadata":{},"environment":"production"}
{"timestamp":"2026-08-29T07:34:38.313Z","level":"WARN","category":"DatabaseManager","message":"PostgreSQL query failed: column \"createdAt\" does not exist (SQL: SELECT * FROM structural_assets ORDER BY \"createdAt\" DESC LIMIT 50)","metadata":{},"environment":"production"}
{"timestamp":"2026-08-29T07:34:38.315Z","level":"WARN","category":"DatabaseManager","message":"PostgreSQL query failed: column \"createdAt\" does not exist (SQL: SELECT * FROM infrastructure_networks ORDER BY \"createdAt\" DESC LIMIT 50)","metadata":{},"environment":"production"}
{"timestamp":"2026-08-29T07:34:38.316Z","level":"WARN","category":"DatabaseManager","message":"PostgreSQL query failed: column \"createdAt\" does not exist (SQL: SELECT * FROM energy_assets ORDER BY \"createdAt\" DESC LIMIT 50)","metadata":{},"environment":"production"}
{"timestamp":"2026-08-29T07:34:38.523Z","level":"INFO","category":"EngineRegistry","message":"✅ All 28 Enterprise Engines successfully registered.","metadata":{},"environment":"production"}
{"timestamp":"2026-08-29T07:34:38.668Z","level":"WARN","category":"DatabaseManager","message":"PostgreSQL query failed: relation \"committee_reports\" does not exist (SQL: SELECT * FROM committee_reports ORDER BY \"createdAt\" DESC LIMIT 50)","metadata":{},"environment":"production"}
{"timestamp":"2026-08-29T07:34:38.704Z","level":"INFO","category":"DatabaseManager","message":"✅ PostgreSQL Connection Pool Initialized Successfully.","metadata":{},"environment":"production"}
{"timestamp":"2026-08-29T07:34:38.847Z","level":"WARN","category":"DatabaseManager","message":"PostgreSQL query failed: relation \"tender_studies\" does not exist (SQL: SELECT * FROM tender_studies WHERE id::text = ANY($1::text[]))","metadata":{},"environment":"production"}
{"timestamp":"2026-08-29T07:34:38.998Z","level":"WARN","category":"DatabaseManager","message":"PostgreSQL query failed: relation \"variation_orders\" does not exist (SQL: SELECT * FROM variation_orders WHERE id::text = ANY($1::text[]))","metadata":{},"environment":"production"}
{"timestamp":"2026-08-29T07:34:39.144Z","level":"WARN","category":"DatabaseManager","message":"PostgreSQL query failed: relation \"committee_reports\" does not exist (SQL: SELECT * FROM committee_reports WHERE id::text = ANY($1::text[]))","metadata":{},"environment":"production"}
{"timestamp":"2026-08-29T07:34:40.036Z","level":"INFO","category":"EngineRegistry","message":"✅ All 28 Enterprise Engines successfully registered.","metadata":{},"environment":"production"}
{"timestamp":"2026-08-29T07:34:40.229Z","level":"INFO","category":"DatabaseManager","message":"✅ PostgreSQL Connection Pool Initialized Successfully.","metadata":{},"environment":"production"}
{"timestamp":"2026-08-29T07:34:46.137Z","level":"INFO","category":"EngineRegistry","message":"✅ All 28 Enterprise Engines successfully registered.","metadata":{},"environment":"production"}
{"timestamp":"2026-08-29T07:34:46.190Z","level":"INFO","category":"DatabaseManager","message":"✅ PostgreSQL Connection Pool Initialized Successfully.","metadata":{},"environment":"production"}
{"timestamp":"2026-08-29T07:38:39.123Z","level":"INFO","category":"EngineRegistry","message":"✅ All 28 Enterprise Engines successfully registered.","metadata":{},"environment":"production"}
{"timestamp":"2026-08-29T07:38:39.316Z","level":"INFO","category":"DatabaseManager","message":"✅ PostgreSQL Connection Pool Initialized Successfully.","metadata":{},"environment":"production"}
{"timestamp":"2026-08-29T07:38:45.331Z","level":"INFO","category":"EngineRegistry","message":"✅ All 28 Enterprise Engines successfully registered.","metadata":{},"environment":"production"}
{"timestamp":"2026-08-29T07:38:45.380Z","level":"INFO","category":"DatabaseManager","message":"✅ PostgreSQL Connection Pool Initialized Successfully.","metadata":{},"environment":"production"}
{"timestamp":"2026-08-29T07:38:57.983Z","level":"INFO","category":"EngineRegistry","message":"✅ All 28 Enterprise Engines successfully registered.","metadata":{},"environment":"production"}
{"timestamp":"2026-08-29T07:38:58.100Z","level":"INFO","category":"DatabaseManager","message":"✅ PostgreSQL Connection Pool Initialized Successfully.","metadata":{},"environment":"production"}
{"timestamp":"2026-08-29T07:39:03.700Z","level":"INFO","category":"EngineRegistry","message":"✅ All 28 Enterprise Engines successfully registered.","metadata":{},"environment":"production"}
{"timestamp":"2026-08-29T07:39:03.756Z","level":"INFO","category":"DatabaseManager","message":"✅ PostgreSQL Connection Pool Initialized Successfully.","metadata":{},"environment":"production"}
{"timestamp":"2026-08-29T07:39:09.521Z","level":"INFO","category":"EngineRegistry","message":"✅ All 28 Enterprise Engines successfully registered.","metadata":{},"environment":"production"}
{"timestamp":"2026-08-29T07:39:09.573Z","level":"INFO","category":"DatabaseManager","message":"✅ PostgreSQL Connection Pool Initialized Successfully.","metadata":{},"environment":"production"}
{"timestamp":"2026-08-29T07:39:14.846Z","level":"INFO","category":"EngineRegistry","message":"✅ All 28 Enterprise Engines successfully registered.","metadata":{},"environment":"production"}
{"timestamp":"2026-08-29T07:39:15.012Z","level":"INFO","category":"DatabaseManager","message":"✅ PostgreSQL Connection Pool Initialized Successfully.","metadata":{},"environment":"production"}
{"timestamp":"2026-08-29T07:39:27.358Z","level":"INFO","category":"EngineRegistry","message":"✅ All 28 Enterprise Engines successfully registered.","metadata":{},"environment":"production"}
{"timestamp":"2026-08-29T07:39:27.411Z","level":"INFO","category":"DatabaseManager","message":"✅ PostgreSQL Connection Pool Initialized Successfully.","metadata":{},"environment":"production"}
{"timestamp":"2026-08-29T07:39:29.382Z","level":"INFO","category":"EngineRegistry","message":"✅ All 28 Enterprise Engines successfully registered.","metadata":{},"environment":"production"}
{"timestamp":"2026-08-29T07:39:29.427Z","level":"INFO","category":"DatabaseManager","message":"✅ PostgreSQL Connection Pool Initialized Successfully.","metadata":{},"environment":"production"}
{"timestamp":"2026-08-29T07:39:31.592Z","level":"INFO","category":"EngineRegistry","message":"✅ All 28 Enterprise Engines successfully registered.","metadata":{},"environment":"production"}
{"timestamp":"2026-08-29T07:39:34.491Z","level":"INFO","category":"EngineRegistry","message":"✅ All 28 Enterprise Engines successfully registered.","metadata":{},"environment":"production"}
{"timestamp":"2026-08-29T07:39:34.591Z","level":"INFO","category":"DatabaseManager","message":"✅ PostgreSQL Connection Pool Initialized Successfully.","metadata":{},"environment":"production"}
{"timestamp":"2026-08-29T07:39:35.151Z","level":"INFO","category":"EngineRegistry","message":"✅ All 28 Enterprise Engines successfully registered.","metadata":{},"environment":"production"}
{"timestamp":"2026-08-29T07:39:37.056Z","level":"INFO","category":"EngineRegistry","message":"✅ All 28 Enterprise Engines successfully registered.","metadata":{},"environment":"production"}
{"timestamp":"2026-08-29T07:39:37.206Z","level":"INFO","category":"DatabaseManager","message":"✅ PostgreSQL Connection Pool Initialized Successfully.","metadata":{},"environment":"production"}
{"timestamp":"2026-08-29T07:39:37.861Z","level":"INFO","category":"EngineRegistry","message":"✅ All 28 Enterprise Engines successfully registered.","metadata":{},"environment":"production"}
{"timestamp":"2026-08-29T07:39:37.996Z","level":"INFO","category":"DatabaseManager","message":"✅ PostgreSQL Connection Pool Initialized Successfully.","metadata":{},"environment":"production"}
{"timestamp":"2026-08-29T07:39:38.670Z","level":"INFO","category":"EngineRegistry","message":"✅ All 28 Enterprise Engines successfully registered.","metadata":{},"environment":"production"}
{"timestamp":"2026-08-29T07:39:38.770Z","level":"INFO","category":"DatabaseManager","message":"✅ PostgreSQL Connection Pool Initialized Successfully.","metadata":{},"environment":"production"}
{"timestamp":"2026-08-29T07:39:40.010Z","level":"INFO","category":"EngineRegistry","message":"✅ All 28 Enterprise Engines successfully registered.","metadata":{},"environment":"production"}
{"timestamp":"2026-08-29T07:39:40.176Z","level":"INFO","category":"DatabaseManager","message":"✅ PostgreSQL Connection Pool Initialized Successfully.","metadata":{},"environment":"production"}
{"timestamp":"2026-08-29T07:39:40.472Z","level":"WARN","category":"DatabaseManager","message":"PostgreSQL query failed: column \"createdAt\" does not exist (SQL: SELECT * FROM tender_daily_reports ORDER BY \"createdAt\" DESC LIMIT 50)","metadata":{},"environment":"production"}
{"timestamp":"2026-08-29T07:39:40.474Z","level":"WARN","category":"DatabaseManager","message":"PostgreSQL query failed: relation \"tender_studies\" does not exist (SQL: SELECT * FROM tender_studies ORDER BY \"createdAt\" DESC LIMIT 50)","metadata":{},"environment":"production"}
{"timestamp":"2026-08-29T07:39:40.485Z","level":"WARN","category":"DatabaseManager","message":"PostgreSQL query failed: column \"createdAt\" does not exist (SQL: SELECT * FROM contract_variation_orders ORDER BY \"createdAt\" DESC LIMIT 50)","metadata":{},"environment":"production"}
{"timestamp":"2026-08-29T07:39:40.494Z","level":"WARN","category":"DatabaseManager","message":"PostgreSQL query failed: column \"createdAt\" does not exist (SQL: SELECT * FROM excavation_permits ORDER BY \"createdAt\" DESC LIMIT 50)","metadata":{},"environment":"production"}
{"timestamp":"2026-08-29T07:39:40.504Z","level":"WARN","category":"DatabaseManager","message":"PostgreSQL query failed: column \"createdAt\" does not exist (SQL: SELECT * FROM bank_guarantees ORDER BY \"createdAt\" DESC LIMIT 50)","metadata":{},"environment":"production"}
{"timestamp":"2026-08-29T07:39:40.520Z","level":"WARN","category":"DatabaseManager","message":"PostgreSQL query failed: column \"createdAt\" does not exist (SQL: SELECT * FROM structural_assets ORDER BY \"createdAt\" DESC LIMIT 50)","metadata":{},"environment":"production"}
{"timestamp":"2026-08-29T07:39:40.522Z","level":"WARN","category":"DatabaseManager","message":"PostgreSQL query failed: column \"createdAt\" does not exist (SQL: SELECT * FROM infrastructure_networks ORDER BY \"createdAt\" DESC LIMIT 50)","metadata":{},"environment":"production"}
{"timestamp":"2026-08-29T07:39:40.523Z","level":"WARN","category":"DatabaseManager","message":"PostgreSQL query failed: column \"createdAt\" does not exist (SQL: SELECT * FROM energy_assets ORDER BY \"createdAt\" DESC LIMIT 50)","metadata":{},"environment":"production"}
{"timestamp":"2026-08-29T07:39:40.525Z","level":"WARN","category":"DatabaseManager","message":"PostgreSQL query failed: relation \"committee_reports\" does not exist (SQL: SELECT * FROM committee_reports ORDER BY \"createdAt\" DESC LIMIT 50)","metadata":{},"environment":"production"}
{"timestamp":"2026-08-29T07:39:40.790Z","level":"WARN","category":"DatabaseManager","message":"PostgreSQL query failed: relation \"tender_studies\" does not exist (SQL: SELECT * FROM tender_studies WHERE id::text = ANY($1::text[]))","metadata":{},"environment":"production"}
{"timestamp":"2026-08-29T07:39:40.906Z","level":"WARN","category":"DatabaseManager","message":"PostgreSQL query failed: relation \"variation_orders\" does not exist (SQL: SELECT * FROM variation_orders WHERE id::text = ANY($1::text[]))","metadata":{},"environment":"production"}
{"timestamp":"2026-08-29T07:39:41.026Z","level":"WARN","category":"DatabaseManager","message":"PostgreSQL query failed: relation \"committee_reports\" does not exist (SQL: SELECT * FROM committee_reports WHERE id::text = ANY($1::text[]))","metadata":{},"environment":"production"}
{"timestamp":"2026-08-29T07:39:42.016Z","level":"INFO","category":"EngineRegistry","message":"✅ All 28 Enterprise Engines successfully registered.","metadata":{},"environment":"production"}
{"timestamp":"2026-08-29T07:39:42.118Z","level":"INFO","category":"DatabaseManager","message":"✅ PostgreSQL Connection Pool Initialized Successfully.","metadata":{},"environment":"production"}
{"timestamp":"2026-08-29T07:39:47.969Z","level":"INFO","category":"EngineRegistry","message":"✅ All 28 Enterprise Engines successfully registered.","metadata":{},"environment":"production"}
{"timestamp":"2026-08-29T07:39:48.050Z","level":"INFO","category":"DatabaseManager","message":"✅ PostgreSQL Connection Pool Initialized Successfully.","metadata":{},"environment":"production"}
{"timestamp":"2026-08-29T07:39:59.810Z","level":"INFO","category":"EngineRegistry","message":"✅ All 28 Enterprise Engines successfully registered.","metadata":{},"environment":"production"}
{"timestamp":"2026-08-29T07:39:59.864Z","level":"INFO","category":"DatabaseManager","message":"✅ PostgreSQL Connection Pool Initialized Successfully.","metadata":{},"environment":"production"}
{"timestamp":"2026-08-29T07:40:04.593Z","level":"INFO","category":"EngineRegistry","message":"✅ All 28 Enterprise Engines successfully registered.","metadata":{},"environment":"production"}
{"timestamp":"2026-08-29T07:40:04.633Z","level":"INFO","category":"DatabaseManager","message":"✅ PostgreSQL Connection Pool Initialized Successfully.","metadata":{},"environment":"production"}
{"timestamp":"2026-08-29T07:40:21.498Z","level":"INFO","category":"EngineRegistry","message":"✅ All 28 Enterprise Engines successfully registered.","metadata":{},"environment":"production"}
{"timestamp":"2026-08-29T07:40:21.545Z","level":"INFO","category":"DatabaseManager","message":"✅ PostgreSQL Connection Pool Initialized Successfully.","metadata":{},"environment":"production"}
{"timestamp":"2026-08-29T07:40:23.056Z","level":"INFO","category":"EngineRegistry","message":"✅ All 28 Enterprise Engines successfully registered.","metadata":{},"environment":"production"}
{"timestamp":"2026-08-29T07:40:23.103Z","level":"INFO","category":"DatabaseManager","message":"✅ PostgreSQL Connection Pool Initialized Successfully.","metadata":{},"environment":"production"}
{"timestamp":"2026-08-29T07:40:26.926Z","level":"INFO","category":"EngineRegistry","message":"✅ All 28 Enterprise Engines successfully registered.","metadata":{},"environment":"production"}
{"timestamp":"2026-08-29T07:40:28.312Z","level":"INFO","category":"EngineRegistry","message":"✅ All 28 Enterprise Engines successfully registered.","metadata":{},"environment":"production"}
{"timestamp":"2026-08-29T07:40:29.023Z","level":"INFO","category":"EngineRegistry","message":"✅ All 28 Enterprise Engines successfully registered.","metadata":{},"environment":"production"}
{"timestamp":"2026-08-29T07:40:31.410Z","level":"INFO","category":"EngineRegistry","message":"✅ All 28 Enterprise Engines successfully registered.","metadata":{},"environment":"production"}
{"timestamp":"2026-08-29T07:40:32.266Z","level":"INFO","category":"EngineRegistry","message":"✅ All 28 Enterprise Engines successfully registered.","metadata":{},"environment":"production"}
{"timestamp":"2026-08-29T07:40:32.948Z","level":"INFO","category":"EngineRegistry","message":"✅ All 28 Enterprise Engines successfully registered.","metadata":{},"environment":"production"}
{"timestamp":"2026-08-29T07:40:33.020Z","level":"INFO","category":"DatabaseManager","message":"✅ PostgreSQL Connection Pool Initialized Successfully.","metadata":{},"environment":"production"}
{"timestamp":"2026-08-29T07:40:34.204Z","level":"INFO","category":"EngineRegistry","message":"✅ All 28 Enterprise Engines successfully registered.","metadata":{},"environment":"production"}
{"timestamp":"2026-08-29T07:40:34.481Z","level":"INFO","category":"DatabaseManager","message":"✅ PostgreSQL Connection Pool Initialized Successfully.","metadata":{},"environment":"production"}
{"timestamp":"2026-08-29T07:40:34.602Z","level":"WARN","category":"DatabaseManager","message":"PostgreSQL query failed: column \"createdAt\" does not exist (SQL: SELECT * FROM tender_daily_reports ORDER BY \"createdAt\" DESC LIMIT 50)","metadata":{},"environment":"production"}
{"timestamp":"2026-08-29T07:40:34.603Z","level":"WARN","category":"DatabaseManager","message":"PostgreSQL query failed: relation \"tender_studies\" does not exist (SQL: SELECT * FROM tender_studies ORDER BY \"createdAt\" DESC LIMIT 50)","metadata":{},"environment":"production"}
{"timestamp":"2026-08-29T07:40:34.615Z","level":"WARN","category":"DatabaseManager","message":"PostgreSQL query failed: column \"createdAt\" does not exist (SQL: SELECT * FROM contract_variation_orders ORDER BY \"createdAt\" DESC LIMIT 50)","metadata":{},"environment":"production"}
{"timestamp":"2026-08-29T07:40:34.623Z","level":"WARN","category":"DatabaseManager","message":"PostgreSQL query failed: column \"createdAt\" does not exist (SQL: SELECT * FROM excavation_permits ORDER BY \"createdAt\" DESC LIMIT 50)","metadata":{},"environment":"production"}
{"timestamp":"2026-08-29T07:40:34.644Z","level":"WARN","category":"DatabaseManager","message":"PostgreSQL query failed: column \"createdAt\" does not exist (SQL: SELECT * FROM bank_guarantees ORDER BY \"createdAt\" DESC LIMIT 50)","metadata":{},"environment":"production"}
{"timestamp":"2026-08-29T07:40:34.648Z","level":"WARN","category":"DatabaseManager","message":"PostgreSQL query failed: column \"createdAt\" does not exist (SQL: SELECT * FROM structural_assets ORDER BY \"createdAt\" DESC LIMIT 50)","metadata":{},"environment":"production"}
{"timestamp":"2026-08-29T07:40:34.649Z","level":"WARN","category":"DatabaseManager","message":"PostgreSQL query failed: column \"createdAt\" does not exist (SQL: SELECT * FROM infrastructure_networks ORDER BY \"createdAt\" DESC LIMIT 50)","metadata":{},"environment":"production"}
{"timestamp":"2026-08-29T07:40:34.651Z","level":"WARN","category":"DatabaseManager","message":"PostgreSQL query failed: column \"createdAt\" does not exist (SQL: SELECT * FROM energy_assets ORDER BY \"createdAt\" DESC LIMIT 50)","metadata":{},"environment":"production"}
{"timestamp":"2026-08-29T07:40:34.747Z","level":"WARN","category":"DatabaseManager","message":"PostgreSQL query failed: relation \"committee_reports\" does not exist (SQL: SELECT * FROM committee_reports ORDER BY \"createdAt\" DESC LIMIT 50)","metadata":{},"environment":"production"}
{"timestamp":"2026-08-29T07:40:34.940Z","level":"WARN","category":"DatabaseManager","message":"PostgreSQL query failed: relation \"tender_studies\" does not exist (SQL: SELECT * FROM tender_studies WHERE id::text = ANY($1::text[]))","metadata":{},"environment":"production"}
{"timestamp":"2026-08-29T07:40:35.213Z","level":"WARN","category":"DatabaseManager","message":"PostgreSQL query failed: relation \"variation_orders\" does not exist (SQL: SELECT * FROM variation_orders WHERE id::text = ANY($1::text[]))","metadata":{},"environment":"production"}
{"timestamp":"2026-08-29T07:40:35.564Z","level":"WARN","category":"DatabaseManager","message":"PostgreSQL query failed: relation \"committee_reports\" does not exist (SQL: SELECT * FROM committee_reports WHERE id::text = ANY($1::text[]))","metadata":{},"environment":"production"}
{"timestamp":"2026-08-29T07:40:37.063Z","level":"INFO","category":"EngineRegistry","message":"✅ All 28 Enterprise Engines successfully registered.","metadata":{},"environment":"production"}
{"timestamp":"2026-08-29T07:40:43.300Z","level":"INFO","category":"EngineRegistry","message":"✅ All 28 Enterprise Engines successfully registered.","metadata":{},"environment":"production"}
{"timestamp":"2026-08-29T07:40:43.363Z","level":"INFO","category":"DatabaseManager","message":"✅ PostgreSQL Connection Pool Initialized Successfully.","metadata":{},"environment":"production"}
{"timestamp":"2026-08-29T07:43:25.358Z","level":"INFO","category":"EngineRegistry","message":"✅ All 28 Enterprise Engines successfully registered.","metadata":{},"environment":"production"}
{"timestamp":"2026-08-29T07:43:25.515Z","level":"INFO","category":"DatabaseManager","message":"✅ PostgreSQL Connection Pool Initialized Successfully.","metadata":{},"environment":"production"}
{"timestamp":"2026-08-29T07:47:52.489Z","level":"INFO","category":"EngineRegistry","message":"✅ All 28 Enterprise Engines successfully registered.","metadata":{},"environment":"production"}
{"timestamp":"2026-08-29T07:47:52.548Z","level":"INFO","category":"DatabaseManager","message":"✅ PostgreSQL Connection Pool Initialized Successfully.","metadata":{},"environment":"production"}
{"timestamp":"2026-08-29T07:47:58.221Z","level":"INFO","category":"EngineRegistry","message":"✅ All 28 Enterprise Engines successfully registered.","metadata":{},"environment":"production"}
{"timestamp":"2026-08-29T07:47:58.271Z","level":"INFO","category":"DatabaseManager","message":"✅ PostgreSQL Connection Pool Initialized Successfully.","metadata":{},"environment":"production"}
{"timestamp":"2026-08-29T07:48:06.590Z","level":"INFO","category":"EngineRegistry","message":"✅ All 28 Enterprise Engines successfully registered.","metadata":{},"environment":"production"}
{"timestamp":"2026-08-29T07:48:06.647Z","level":"INFO","category":"DatabaseManager","message":"✅ PostgreSQL Connection Pool Initialized Successfully.","metadata":{},"environment":"production"}
{"timestamp":"2026-08-29T07:48:18.739Z","level":"INFO","category":"EngineRegistry","message":"✅ All 28 Enterprise Engines successfully registered.","metadata":{},"environment":"production"}
{"timestamp":"2026-08-29T07:48:18.805Z","level":"INFO","category":"DatabaseManager","message":"✅ PostgreSQL Connection Pool Initialized Successfully.","metadata":{},"environment":"production"}
{"timestamp":"2026-08-29T07:48:23.652Z","level":"INFO","category":"EngineRegistry","message":"✅ All 28 Enterprise Engines successfully registered.","metadata":{},"environment":"production"}
{"timestamp":"2026-08-29T07:48:23.805Z","level":"INFO","category":"DatabaseManager","message":"✅ PostgreSQL Connection Pool Initialized Successfully.","metadata":{},"environment":"production"}
{"timestamp":"2026-08-29T07:48:30.234Z","level":"INFO","category":"EngineRegistry","message":"✅ All 28 Enterprise Engines successfully registered.","metadata":{},"environment":"production"}
{"timestamp":"2026-08-29T07:48:30.294Z","level":"INFO","category":"DatabaseManager","message":"✅ PostgreSQL Connection Pool Initialized Successfully.","metadata":{},"environment":"production"}
{"timestamp":"2026-08-29T07:48:35.483Z","level":"INFO","category":"EngineRegistry","message":"✅ All 28 Enterprise Engines successfully registered.","metadata":{},"environment":"production"}
{"timestamp":"2026-08-29T07:48:35.540Z","level":"INFO","category":"DatabaseManager","message":"✅ PostgreSQL Connection Pool Initialized Successfully.","metadata":{},"environment":"production"}
{"timestamp":"2026-08-29T07:48:41.232Z","level":"INFO","category":"EngineRegistry","message":"✅ All 28 Enterprise Engines successfully registered.","metadata":{},"environment":"production"}
{"timestamp":"2026-08-29T07:48:41.293Z","level":"INFO","category":"DatabaseManager","message":"✅ PostgreSQL Connection Pool Initialized Successfully.","metadata":{},"environment":"production"}
{"timestamp":"2026-08-29T07:48:47.649Z","level":"INFO","category":"EngineRegistry","message":"✅ All 28 Enterprise Engines successfully registered.","metadata":{},"environment":"production"}
{"timestamp":"2026-08-29T07:48:47.728Z","level":"INFO","category":"DatabaseManager","message":"✅ PostgreSQL Connection Pool Initialized Successfully.","metadata":{},"environment":"production"}
{"timestamp":"2026-08-29T07:48:55.155Z","level":"INFO","category":"EngineRegistry","message":"✅ All 28 Enterprise Engines successfully registered.","metadata":{},"environment":"production"}
{"timestamp":"2026-08-29T07:48:55.212Z","level":"INFO","category":"DatabaseManager","message":"✅ PostgreSQL Connection Pool Initialized Successfully.","metadata":{},"environment":"production"}
{"timestamp":"2026-08-29T07:48:59.999Z","level":"INFO","category":"EngineRegistry","message":"✅ All 28 Enterprise Engines successfully registered.","metadata":{},"environment":"production"}
{"timestamp":"2026-08-29T07:49:00.068Z","level":"INFO","category":"DatabaseManager","message":"✅ PostgreSQL Connection Pool Initialized Successfully.","metadata":{},"environment":"production"}
{"timestamp":"2026-08-29T07:49:20.265Z","level":"INFO","category":"EngineRegistry","message":"✅ All 28 Enterprise Engines successfully registered.","metadata":{},"environment":"production"}
{"timestamp":"2026-08-29T07:49:20.322Z","level":"INFO","category":"DatabaseManager","message":"✅ PostgreSQL Connection Pool Initialized Successfully.","metadata":{},"environment":"production"}
{"timestamp":"2026-08-29T07:49:22.319Z","level":"INFO","category":"EngineRegistry","message":"✅ All 28 Enterprise Engines successfully registered.","metadata":{},"environment":"production"}
{"timestamp":"2026-08-29T07:49:22.377Z","level":"INFO","category":"DatabaseManager","message":"✅ PostgreSQL Connection Pool Initialized Successfully.","metadata":{},"environment":"production"}
{"timestamp":"2026-08-29T07:49:23.542Z","level":"INFO","category":"EngineRegistry","message":"✅ All 28 Enterprise Engines successfully registered.","metadata":{},"environment":"production"}
{"timestamp":"2026-08-29T07:49:25.441Z","level":"INFO","category":"EngineRegistry","message":"✅ All 28 Enterprise Engines successfully registered.","metadata":{},"environment":"production"}
{"timestamp":"2026-08-29T07:49:28.612Z","level":"INFO","category":"EngineRegistry","message":"✅ All 28 Enterprise Engines successfully registered.","metadata":{},"environment":"production"}
{"timestamp":"2026-08-29T07:49:30.417Z","level":"INFO","category":"EngineRegistry","message":"✅ All 28 Enterprise Engines successfully registered.","metadata":{},"environment":"production"}
{"timestamp":"2026-08-29T07:49:31.278Z","level":"INFO","category":"EngineRegistry","message":"✅ All 28 Enterprise Engines successfully registered.","metadata":{},"environment":"production"}
{"timestamp":"2026-08-29T07:49:32.256Z","level":"INFO","category":"EngineRegistry","message":"✅ All 28 Enterprise Engines successfully registered.","metadata":{},"environment":"production"}
{"timestamp":"2026-08-29T07:49:32.418Z","level":"INFO","category":"DatabaseManager","message":"✅ PostgreSQL Connection Pool Initialized Successfully.","metadata":{},"environment":"production"}
{"timestamp":"2026-08-29T07:49:33.135Z","level":"INFO","category":"EngineRegistry","message":"✅ All 28 Enterprise Engines successfully registered.","metadata":{},"environment":"production"}
{"timestamp":"2026-08-29T07:49:34.182Z","level":"INFO","category":"EngineRegistry","message":"✅ All 28 Enterprise Engines successfully registered.","metadata":{},"environment":"production"}
{"timestamp":"2026-08-29T07:49:34.252Z","level":"INFO","category":"DatabaseManager","message":"✅ PostgreSQL Connection Pool Initialized Successfully.","metadata":{},"environment":"production"}
{"timestamp":"2026-08-29T07:49:35.369Z","level":"INFO","category":"EngineRegistry","message":"✅ All 28 Enterprise Engines successfully registered.","metadata":{},"environment":"production"}
{"timestamp":"2026-08-29T07:49:35.448Z","level":"INFO","category":"DatabaseManager","message":"✅ PostgreSQL Connection Pool Initialized Successfully.","metadata":{},"environment":"production"}
{"timestamp":"2026-08-29T07:49:41.752Z","level":"INFO","category":"EngineRegistry","message":"✅ All 28 Enterprise Engines successfully registered.","metadata":{},"environment":"production"}
{"timestamp":"2026-08-29T07:49:41.813Z","level":"INFO","category":"DatabaseManager","message":"✅ PostgreSQL Connection Pool Initialized Successfully.","metadata":{},"environment":"production"}
{"timestamp":"2026-08-29T07:49:43.679Z","level":"INFO","category":"EngineRegistry","message":"✅ All 28 Enterprise Engines successfully registered.","metadata":{},"environment":"production"}
{"timestamp":"2026-08-29T07:49:44.230Z","level":"INFO","category":"EngineRegistry","message":"✅ All 28 Enterprise Engines successfully registered.","metadata":{},"environment":"production"}
{"timestamp":"2026-08-29T07:49:44.290Z","level":"INFO","category":"DatabaseManager","message":"✅ PostgreSQL Connection Pool Initialized Successfully.","metadata":{},"environment":"production"}
{"timestamp":"2026-08-29T07:49:52.339Z","level":"INFO","category":"EngineRegistry","message":"✅ All 28 Enterprise Engines successfully registered.","metadata":{},"environment":"production"}
{"timestamp":"2026-08-29T07:49:52.392Z","level":"INFO","category":"DatabaseManager","message":"✅ PostgreSQL Connection Pool Initialized Successfully.","metadata":{},"environment":"production"}
{"timestamp":"2026-08-29T07:50:09.643Z","level":"INFO","category":"EngineRegistry","message":"✅ All 28 Enterprise Engines successfully registered.","metadata":{},"environment":"production"}
{"timestamp":"2026-08-29T07:50:09.712Z","level":"INFO","category":"DatabaseManager","message":"✅ PostgreSQL Connection Pool Initialized Successfully.","metadata":{},"environment":"production"}
{"timestamp":"2026-08-29T07:50:13.660Z","level":"INFO","category":"EngineRegistry","message":"✅ All 28 Enterprise Engines successfully registered.","metadata":{},"environment":"production"}
{"timestamp":"2026-08-29T07:50:13.757Z","level":"INFO","category":"DatabaseManager","message":"✅ PostgreSQL Connection Pool Initialized Successfully.","metadata":{},"environment":"production"}
{"timestamp":"2026-08-29T07:50:14.363Z","level":"INFO","category":"EngineRegistry","message":"✅ All 28 Enterprise Engines successfully registered.","metadata":{},"environment":"production"}
{"timestamp":"2026-08-29T07:50:14.404Z","level":"INFO","category":"DatabaseManager","message":"✅ PostgreSQL Connection Pool Initialized Successfully.","metadata":{},"environment":"production"}
{"timestamp":"2026-08-29T07:50:35.810Z","level":"INFO","category":"EngineRegistry","message":"✅ All 28 Enterprise Engines successfully registered.","metadata":{},"environment":"production"}
{"timestamp":"2026-08-29T07:50:35.868Z","level":"INFO","category":"DatabaseManager","message":"✅ PostgreSQL Connection Pool Initialized Successfully.","metadata":{},"environment":"production"}
{"timestamp":"2026-08-29T07:50:40.060Z","level":"INFO","category":"EngineRegistry","message":"✅ All 28 Enterprise Engines successfully registered.","metadata":{},"environment":"production"}
{"timestamp":"2026-08-29T07:50:40.581Z","level":"INFO","category":"EngineRegistry","message":"✅ All 28 Enterprise Engines successfully registered.","metadata":{},"environment":"production"}
{"timestamp":"2026-08-29T07:50:40.620Z","level":"INFO","category":"DatabaseManager","message":"✅ PostgreSQL Connection Pool Initialized Successfully.","metadata":{},"environment":"production"}
{"timestamp":"2026-08-29T07:50:52.520Z","level":"INFO","category":"EngineRegistry","message":"✅ All 28 Enterprise Engines successfully registered.","metadata":{},"environment":"production"}
{"timestamp":"2026-08-29T07:50:52.578Z","level":"INFO","category":"DatabaseManager","message":"✅ PostgreSQL Connection Pool Initialized Successfully.","metadata":{},"environment":"production"}
{"timestamp":"2026-08-29T07:50:56.669Z","level":"INFO","category":"EngineRegistry","message":"✅ All 28 Enterprise Engines successfully registered.","metadata":{},"environment":"production"}
{"timestamp":"2026-08-29T07:50:57.541Z","level":"INFO","category":"EngineRegistry","message":"✅ All 28 Enterprise Engines successfully registered.","metadata":{},"environment":"production"}
{"timestamp":"2026-08-29T07:50:57.600Z","level":"INFO","category":"DatabaseManager","message":"✅ PostgreSQL Connection Pool Initialized Successfully.","metadata":{},"environment":"production"}
{"timestamp":"2026-08-29T07:51:17.622Z","level":"INFO","category":"EngineRegistry","message":"✅ All 28 Enterprise Engines successfully registered.","metadata":{},"environment":"production"}
{"timestamp":"2026-08-29T07:51:17.679Z","level":"INFO","category":"DatabaseManager","message":"✅ PostgreSQL Connection Pool Initialized Successfully.","metadata":{},"environment":"production"}
{"timestamp":"2026-08-29T07:51:21.796Z","level":"INFO","category":"EngineRegistry","message":"✅ All 28 Enterprise Engines successfully registered.","metadata":{},"environment":"production"}
{"timestamp":"2026-08-29T07:51:22.509Z","level":"INFO","category":"EngineRegistry","message":"✅ All 28 Enterprise Engines successfully registered.","metadata":{},"environment":"production"}
{"timestamp":"2026-08-29T07:51:22.567Z","level":"INFO","category":"DatabaseManager","message":"✅ PostgreSQL Connection Pool Initialized Successfully.","metadata":{},"environment":"production"}
{"timestamp":"2026-08-29T07:51:29.981Z","level":"INFO","category":"EngineRegistry","message":"✅ All 28 Enterprise Engines successfully registered.","metadata":{},"environment":"production"}
{"timestamp":"2026-08-29T07:51:30.042Z","level":"INFO","category":"DatabaseManager","message":"✅ PostgreSQL Connection Pool Initialized Successfully.","metadata":{},"environment":"production"}
{"timestamp":"2026-08-29T07:51:37.717Z","level":"INFO","category":"EngineRegistry","message":"✅ All 28 Enterprise Engines successfully registered.","metadata":{},"environment":"production"}
{"timestamp":"2026-08-29T07:51:37.760Z","level":"INFO","category":"DatabaseManager","message":"✅ PostgreSQL Connection Pool Initialized Successfully.","metadata":{},"environment":"production"}
{"timestamp":"2026-08-29T07:51:42.980Z","level":"INFO","category":"EngineRegistry","message":"✅ All 28 Enterprise Engines successfully registered.","metadata":{},"environment":"production"}
{"timestamp":"2026-08-29T07:51:43.026Z","level":"INFO","category":"DatabaseManager","message":"✅ PostgreSQL Connection Pool Initialized Successfully.","metadata":{},"environment":"production"}
{"timestamp":"2026-08-29T07:51:44.761Z","level":"INFO","category":"EngineRegistry","message":"✅ All 28 Enterprise Engines successfully registered.","metadata":{},"environment":"production"}
{"timestamp":"2026-08-29T07:51:44.829Z","level":"INFO","category":"DatabaseManager","message":"✅ PostgreSQL Connection Pool Initialized Successfully.","metadata":{},"environment":"production"}
{"timestamp":"2026-08-29T07:52:03.894Z","level":"INFO","category":"EngineRegistry","message":"✅ All 28 Enterprise Engines successfully registered.","metadata":{},"environment":"production"}
{"timestamp":"2026-08-29T07:52:04.031Z","level":"INFO","category":"DatabaseManager","message":"✅ PostgreSQL Connection Pool Initialized Successfully.","metadata":{},"environment":"production"}
{"timestamp":"2026-08-29T07:52:13.926Z","level":"INFO","category":"EngineRegistry","message":"✅ All 28 Enterprise Engines successfully registered.","metadata":{},"environment":"production"}
{"timestamp":"2026-08-29T07:52:13.989Z","level":"INFO","category":"DatabaseManager","message":"✅ PostgreSQL Connection Pool Initialized Successfully.","metadata":{},"environment":"production"}
{"timestamp":"2026-08-29T07:52:18.415Z","level":"INFO","category":"EngineRegistry","message":"✅ All 28 Enterprise Engines successfully registered.","metadata":{},"environment":"production"}
{"timestamp":"2026-08-29T07:52:18.477Z","level":"INFO","category":"DatabaseManager","message":"✅ PostgreSQL Connection Pool Initialized Successfully.","metadata":{},"environment":"production"}
{"timestamp":"2026-08-29T07:52:19.459Z","level":"WARN","category":"DatabaseManager","message":"PostgreSQL query failed: column \"createdAt\" does not exist (SQL: SELECT * FROM tender_daily_reports ORDER BY \"createdAt\" DESC LIMIT 50)","metadata":{},"environment":"production"}
{"timestamp":"2026-08-29T07:52:19.461Z","level":"WARN","category":"DatabaseManager","message":"PostgreSQL query failed: relation \"tender_studies\" does not exist (SQL: SELECT * FROM tender_studies ORDER BY \"createdAt\" DESC LIMIT 50)","metadata":{},"environment":"production"}
{"timestamp":"2026-08-29T07:52:19.496Z","level":"WARN","category":"DatabaseManager","message":"PostgreSQL query failed: column \"createdAt\" does not exist (SQL: SELECT * FROM contract_variation_orders ORDER BY \"createdAt\" DESC LIMIT 50)","metadata":{},"environment":"production"}
{"timestamp":"2026-08-29T07:52:19.507Z","level":"WARN","category":"DatabaseManager","message":"PostgreSQL query failed: column \"createdAt\" does not exist (SQL: SELECT * FROM excavation_permits ORDER BY \"createdAt\" DESC LIMIT 50)","metadata":{},"environment":"production"}
{"timestamp":"2026-08-29T07:52:19.525Z","level":"WARN","category":"DatabaseManager","message":"PostgreSQL query failed: column \"createdAt\" does not exist (SQL: SELECT * FROM bank_guarantees ORDER BY \"createdAt\" DESC LIMIT 50)","metadata":{},"environment":"production"}
{"timestamp":"2026-08-29T07:52:19.551Z","level":"WARN","category":"DatabaseManager","message":"PostgreSQL query failed: column \"createdAt\" does not exist (SQL: SELECT * FROM structural_assets ORDER BY \"createdAt\" DESC LIMIT 50)","metadata":{},"environment":"production"}
{"timestamp":"2026-08-29T07:52:19.556Z","level":"WARN","category":"DatabaseManager","message":"PostgreSQL query failed: column \"createdAt\" does not exist (SQL: SELECT * FROM infrastructure_networks ORDER BY \"createdAt\" DESC LIMIT 50)","metadata":{},"environment":"production"}
{"timestamp":"2026-08-29T07:52:19.557Z","level":"WARN","category":"DatabaseManager","message":"PostgreSQL query failed: column \"createdAt\" does not exist (SQL: SELECT * FROM energy_assets ORDER BY \"createdAt\" DESC LIMIT 50)","metadata":{},"environment":"production"}
{"timestamp":"2026-08-29T07:52:19.716Z","level":"WARN","category":"DatabaseManager","message":"PostgreSQL query failed: relation \"committee_reports\" does not exist (SQL: SELECT * FROM committee_reports ORDER BY \"createdAt\" DESC LIMIT 50)","metadata":{},"environment":"production"}
{"timestamp":"2026-08-29T07:52:19.844Z","level":"WARN","category":"DatabaseManager","message":"PostgreSQL query failed: relation \"tender_studies\" does not exist (SQL: SELECT * FROM tender_studies WHERE id::text = ANY($1::text[]))","metadata":{},"environment":"production"}
{"timestamp":"2026-08-29T07:52:19.928Z","level":"WARN","category":"DatabaseManager","message":"PostgreSQL query failed: relation \"variation_orders\" does not exist (SQL: SELECT * FROM variation_orders WHERE id::text = ANY($1::text[]))","metadata":{},"environment":"production"}
{"timestamp":"2026-08-29T07:52:20.033Z","level":"WARN","category":"DatabaseManager","message":"PostgreSQL query failed: relation \"committee_reports\" does not exist (SQL: SELECT * FROM committee_reports WHERE id::text = ANY($1::text[]))","metadata":{},"environment":"production"}
{"timestamp":"2026-08-29T07:52:20.548Z","level":"INFO","category":"EngineRegistry","message":"✅ All 28 Enterprise Engines successfully registered.","metadata":{},"environment":"production"}
{"timestamp":"2026-08-29T07:52:20.739Z","level":"INFO","category":"DatabaseManager","message":"✅ PostgreSQL Connection Pool Initialized Successfully.","metadata":{},"environment":"production"}
{"timestamp":"2026-08-29T07:52:28.996Z","level":"INFO","category":"EngineRegistry","message":"✅ All 28 Enterprise Engines successfully registered.","metadata":{},"environment":"production"}
{"timestamp":"2026-08-29T07:52:29.091Z","level":"INFO","category":"DatabaseManager","message":"✅ PostgreSQL Connection Pool Initialized Successfully.","metadata":{},"environment":"production"}
{"timestamp":"2026-08-29T07:52:33.175Z","level":"INFO","category":"EngineRegistry","message":"✅ All 28 Enterprise Engines successfully registered.","metadata":{},"environment":"production"}
{"timestamp":"2026-08-29T07:52:33.257Z","level":"INFO","category":"DatabaseManager","message":"✅ PostgreSQL Connection Pool Initialized Successfully.","metadata":{},"environment":"production"}
{"timestamp":"2026-08-29T07:52:35.687Z","level":"INFO","category":"EngineRegistry","message":"✅ All 28 Enterprise Engines successfully registered.","metadata":{},"environment":"production"}
{"timestamp":"2026-08-29T07:52:39.730Z","level":"INFO","category":"EngineRegistry","message":"✅ All 28 Enterprise Engines successfully registered.","metadata":{},"environment":"production"}
{"timestamp":"2026-08-29T07:52:40.731Z","level":"INFO","category":"EngineRegistry","message":"✅ All 28 Enterprise Engines successfully registered.","metadata":{},"environment":"production"}
{"timestamp":"2026-08-29T07:52:44.073Z","level":"INFO","category":"EngineRegistry","message":"✅ All 28 Enterprise Engines successfully registered.","metadata":{},"environment":"production"}
{"timestamp":"2026-08-29T07:52:45.125Z","level":"INFO","category":"EngineRegistry","message":"✅ All 28 Enterprise Engines successfully registered.","metadata":{},"environment":"production"}
{"timestamp":"2026-08-29T07:52:45.820Z","level":"INFO","category":"EngineRegistry","message":"✅ All 28 Enterprise Engines successfully registered.","metadata":{},"environment":"production"}
{"timestamp":"2026-08-29T07:52:45.934Z","level":"INFO","category":"DatabaseManager","message":"✅ PostgreSQL Connection Pool Initialized Successfully.","metadata":{},"environment":"production"}
{"timestamp":"2026-08-29T07:52:46.875Z","level":"INFO","category":"EngineRegistry","message":"✅ All 28 Enterprise Engines successfully registered.","metadata":{},"environment":"production"}
{"timestamp":"2026-08-29T07:52:48.296Z","level":"INFO","category":"EngineRegistry","message":"✅ All 28 Enterprise Engines successfully registered.","metadata":{},"environment":"production"}
{"timestamp":"2026-08-29T07:52:49.152Z","level":"INFO","category":"EngineRegistry","message":"✅ All 28 Enterprise Engines successfully registered.","metadata":{},"environment":"production"}
{"timestamp":"2026-08-29T07:52:49.917Z","level":"INFO","category":"EngineRegistry","message":"✅ All 28 Enterprise Engines successfully registered.","metadata":{},"environment":"production"}
{"timestamp":"2026-08-29T07:52:49.999Z","level":"INFO","category":"DatabaseManager","message":"✅ PostgreSQL Connection Pool Initialized Successfully.","metadata":{},"environment":"production"}
{"timestamp":"2026-08-29T07:52:51.150Z","level":"INFO","category":"EngineRegistry","message":"✅ All 28 Enterprise Engines successfully registered.","metadata":{},"environment":"production"}
{"timestamp":"2026-08-29T07:52:51.396Z","level":"INFO","category":"DatabaseManager","message":"✅ PostgreSQL Connection Pool Initialized Successfully.","metadata":{},"environment":"production"}
{"timestamp":"2026-08-29T07:52:52.816Z","level":"WARN","category":"DatabaseManager","message":"PostgreSQL query failed: column \"createdAt\" does not exist (SQL: SELECT * FROM tender_daily_reports ORDER BY \"createdAt\" DESC LIMIT 50)","metadata":{},"environment":"production"}
{"timestamp":"2026-08-29T07:52:52.818Z","level":"WARN","category":"DatabaseManager","message":"PostgreSQL query failed: relation \"tender_studies\" does not exist (SQL: SELECT * FROM tender_studies ORDER BY \"createdAt\" DESC LIMIT 50)","metadata":{},"environment":"production"}
{"timestamp":"2026-08-29T07:52:52.834Z","level":"WARN","category":"DatabaseManager","message":"PostgreSQL query failed: column \"createdAt\" does not exist (SQL: SELECT * FROM contract_variation_orders ORDER BY \"createdAt\" DESC LIMIT 50)","metadata":{},"environment":"production"}
{"timestamp":"2026-08-29T07:52:52.847Z","level":"WARN","category":"DatabaseManager","message":"PostgreSQL query failed: column \"createdAt\" does not exist (SQL: SELECT * FROM excavation_permits ORDER BY \"createdAt\" DESC LIMIT 50)","metadata":{},"environment":"production"}
{"timestamp":"2026-08-29T07:52:52.866Z","level":"WARN","category":"DatabaseManager","message":"PostgreSQL query failed: column \"createdAt\" does not exist (SQL: SELECT * FROM bank_guarantees ORDER BY \"createdAt\" DESC LIMIT 50)","metadata":{},"environment":"production"}
{"timestamp":"2026-08-29T07:52:52.896Z","level":"WARN","category":"DatabaseManager","message":"PostgreSQL query failed: column \"createdAt\" does not exist (SQL: SELECT * FROM structural_assets ORDER BY \"createdAt\" DESC LIMIT 50)","metadata":{},"environment":"production"}
{"timestamp":"2026-08-29T07:52:52.898Z","level":"WARN","category":"DatabaseManager","message":"PostgreSQL query failed: column \"createdAt\" does not exist (SQL: SELECT * FROM infrastructure_networks ORDER BY \"createdAt\" DESC LIMIT 50)","metadata":{},"environment":"production"}
{"timestamp":"2026-08-29T07:52:52.899Z","level":"WARN","category":"DatabaseManager","message":"PostgreSQL query failed: column \"createdAt\" does not exist (SQL: SELECT * FROM energy_assets ORDER BY \"createdAt\" DESC LIMIT 50)","metadata":{},"environment":"production"}
{"timestamp":"2026-08-29T07:52:53.249Z","level":"WARN","category":"DatabaseManager","message":"PostgreSQL query failed: relation \"committee_reports\" does not exist (SQL: SELECT * FROM committee_reports ORDER BY \"createdAt\" DESC LIMIT 50)","metadata":{},"environment":"production"}
{"timestamp":"2026-08-29T07:52:53.483Z","level":"WARN","category":"DatabaseManager","message":"PostgreSQL query failed: relation \"tender_studies\" does not exist (SQL: SELECT * FROM tender_studies WHERE id::text = ANY($1::text[]))","metadata":{},"environment":"production"}
{"timestamp":"2026-08-29T07:52:53.591Z","level":"WARN","category":"DatabaseManager","message":"PostgreSQL query failed: relation \"variation_orders\" does not exist (SQL: SELECT * FROM variation_orders WHERE id::text = ANY($1::text[]))","metadata":{},"environment":"production"}
{"timestamp":"2026-08-29T07:52:53.753Z","level":"WARN","category":"DatabaseManager","message":"PostgreSQL query failed: relation \"committee_reports\" does not exist (SQL: SELECT * FROM committee_reports WHERE id::text = ANY($1::text[]))","metadata":{},"environment":"production"}
{"timestamp":"2026-08-29T07:52:54.195Z","level":"INFO","category":"EngineRegistry","message":"✅ All 28 Enterprise Engines successfully registered.","metadata":{},"environment":"production"}
{"timestamp":"2026-08-29T07:52:54.261Z","level":"INFO","category":"DatabaseManager","message":"✅ PostgreSQL Connection Pool Initialized Successfully.","metadata":{},"environment":"production"}
{"timestamp":"2026-08-29T07:53:00.869Z","level":"INFO","category":"EngineRegistry","message":"✅ All 28 Enterprise Engines successfully registered.","metadata":{},"environment":"production"}
{"timestamp":"2026-08-29T07:53:00.955Z","level":"INFO","category":"DatabaseManager","message":"✅ PostgreSQL Connection Pool Initialized Successfully.","metadata":{},"environment":"production"}
{"timestamp":"2026-08-29T07:53:22.338Z","level":"INFO","category":"EngineRegistry","message":"✅ All 28 Enterprise Engines successfully registered.","metadata":{},"environment":"production"}
{"timestamp":"2026-08-29T07:53:22.407Z","level":"INFO","category":"DatabaseManager","message":"✅ PostgreSQL Connection Pool Initialized Successfully.","metadata":{},"environment":"production"}
{"timestamp":"2026-08-29T07:53:35.856Z","level":"INFO","category":"EngineRegistry","message":"✅ All 28 Enterprise Engines successfully registered.","metadata":{},"environment":"production"}
{"timestamp":"2026-08-29T07:53:35.920Z","level":"INFO","category":"DatabaseManager","message":"✅ PostgreSQL Connection Pool Initialized Successfully.","metadata":{},"environment":"production"}
{"timestamp":"2026-08-29T07:53:38.544Z","level":"INFO","category":"EngineRegistry","message":"✅ All 28 Enterprise Engines successfully registered.","metadata":{},"environment":"production"}
{"timestamp":"2026-08-29T07:53:38.619Z","level":"INFO","category":"DatabaseManager","message":"✅ PostgreSQL Connection Pool Initialized Successfully.","metadata":{},"environment":"production"}
{"timestamp":"2026-08-29T07:53:39.772Z","level":"INFO","category":"EngineRegistry","message":"✅ All 28 Enterprise Engines successfully registered.","metadata":{},"environment":"production"}
{"timestamp":"2026-08-29T07:53:43.617Z","level":"INFO","category":"EngineRegistry","message":"✅ All 28 Enterprise Engines successfully registered.","metadata":{},"environment":"production"}
{"timestamp":"2026-08-29T07:53:43.698Z","level":"INFO","category":"DatabaseManager","message":"✅ PostgreSQL Connection Pool Initialized Successfully.","metadata":{},"environment":"production"}
{"timestamp":"2026-08-29T07:53:45.248Z","level":"INFO","category":"EngineRegistry","message":"✅ All 28 Enterprise Engines successfully registered.","metadata":{},"environment":"production"}
{"timestamp":"2026-08-29T07:53:45.943Z","level":"INFO","category":"EngineRegistry","message":"✅ All 28 Enterprise Engines successfully registered.","metadata":{},"environment":"production"}
{"timestamp":"2026-08-29T07:53:46.025Z","level":"INFO","category":"DatabaseManager","message":"✅ PostgreSQL Connection Pool Initialized Successfully.","metadata":{},"environment":"production"}
{"timestamp":"2026-08-29T07:53:47.228Z","level":"INFO","category":"EngineRegistry","message":"✅ All 28 Enterprise Engines successfully registered.","metadata":{},"environment":"production"}
{"timestamp":"2026-08-29T07:53:49.669Z","level":"INFO","category":"EngineRegistry","message":"✅ All 28 Enterprise Engines successfully registered.","metadata":{},"environment":"production"}
{"timestamp":"2026-08-29T07:53:49.729Z","level":"INFO","category":"DatabaseManager","message":"✅ PostgreSQL Connection Pool Initialized Successfully.","metadata":{},"environment":"production"}
{"timestamp":"2026-08-29T07:53:50.705Z","level":"INFO","category":"EngineRegistry","message":"✅ All 28 Enterprise Engines successfully registered.","metadata":{},"environment":"production"}
{"timestamp":"2026-08-29T07:53:50.764Z","level":"INFO","category":"DatabaseManager","message":"✅ PostgreSQL Connection Pool Initialized Successfully.","metadata":{},"environment":"production"}
{"timestamp":"2026-08-29T07:53:52.104Z","level":"WARN","category":"DatabaseManager","message":"PostgreSQL query failed: column \"createdAt\" does not exist (SQL: SELECT * FROM tender_daily_reports ORDER BY \"createdAt\" DESC LIMIT 50)","metadata":{},"environment":"production"}
{"timestamp":"2026-08-29T07:53:52.106Z","level":"WARN","category":"DatabaseManager","message":"PostgreSQL query failed: relation \"tender_studies\" does not exist (SQL: SELECT * FROM tender_studies ORDER BY \"createdAt\" DESC LIMIT 50)","metadata":{},"environment":"production"}
{"timestamp":"2026-08-29T07:53:52.120Z","level":"WARN","category":"DatabaseManager","message":"PostgreSQL query failed: column \"createdAt\" does not exist (SQL: SELECT * FROM contract_variation_orders ORDER BY \"createdAt\" DESC LIMIT 50)","metadata":{},"environment":"production"}
{"timestamp":"2026-08-29T07:53:52.132Z","level":"WARN","category":"DatabaseManager","message":"PostgreSQL query failed: column \"createdAt\" does not exist (SQL: SELECT * FROM excavation_permits ORDER BY \"createdAt\" DESC LIMIT 50)","metadata":{},"environment":"production"}
{"timestamp":"2026-08-29T07:53:52.157Z","level":"WARN","category":"DatabaseManager","message":"PostgreSQL query failed: column \"createdAt\" does not exist (SQL: SELECT * FROM bank_guarantees ORDER BY \"createdAt\" DESC LIMIT 50)","metadata":{},"environment":"production"}
{"timestamp":"2026-08-29T07:53:52.188Z","level":"WARN","category":"DatabaseManager","message":"PostgreSQL query failed: column \"createdAt\" does not exist (SQL: SELECT * FROM structural_assets ORDER BY \"createdAt\" DESC LIMIT 50)","metadata":{},"environment":"production"}
{"timestamp":"2026-08-29T07:53:52.190Z","level":"WARN","category":"DatabaseManager","message":"PostgreSQL query failed: column \"createdAt\" does not exist (SQL: SELECT * FROM infrastructure_networks ORDER BY \"createdAt\" DESC LIMIT 50)","metadata":{},"environment":"production"}
{"timestamp":"2026-08-29T07:53:52.192Z","level":"WARN","category":"DatabaseManager","message":"PostgreSQL query failed: column \"createdAt\" does not exist (SQL: SELECT * FROM energy_assets ORDER BY \"createdAt\" DESC LIMIT 50)","metadata":{},"environment":"production"}
{"timestamp":"2026-08-29T07:53:52.420Z","level":"WARN","category":"DatabaseManager","message":"PostgreSQL query failed: relation \"committee_reports\" does not exist (SQL: SELECT * FROM committee_reports ORDER BY \"createdAt\" DESC LIMIT 50)","metadata":{},"environment":"production"}
{"timestamp":"2026-08-29T07:53:52.537Z","level":"WARN","category":"DatabaseManager","message":"PostgreSQL query failed: relation \"tender_studies\" does not exist (SQL: SELECT * FROM tender_studies WHERE id::text = ANY($1::text[]))","metadata":{},"environment":"production"}
{"timestamp":"2026-08-29T07:53:52.818Z","level":"WARN","category":"DatabaseManager","message":"PostgreSQL query failed: relation \"variation_orders\" does not exist (SQL: SELECT * FROM variation_orders WHERE id::text = ANY($1::text[]))","metadata":{},"environment":"production"}
{"timestamp":"2026-08-29T07:53:52.992Z","level":"WARN","category":"DatabaseManager","message":"PostgreSQL query failed: relation \"committee_reports\" does not exist (SQL: SELECT * FROM committee_reports WHERE id::text = ANY($1::text[]))","metadata":{},"environment":"production"}
{"timestamp":"2026-08-29T07:53:53.489Z","level":"INFO","category":"EngineRegistry","message":"✅ All 28 Enterprise Engines successfully registered.","metadata":{},"environment":"production"}
{"timestamp":"2026-08-29T07:53:53.553Z","level":"INFO","category":"DatabaseManager","message":"✅ PostgreSQL Connection Pool Initialized Successfully.","metadata":{},"environment":"production"}
{"timestamp":"2026-08-29T07:53:58.964Z","level":"INFO","category":"EngineRegistry","message":"✅ All 28 Enterprise Engines successfully registered.","metadata":{},"environment":"production"}
{"timestamp":"2026-08-29T07:53:59.045Z","level":"INFO","category":"DatabaseManager","message":"✅ PostgreSQL Connection Pool Initialized Successfully.","metadata":{},"environment":"production"}
{"timestamp":"2026-08-29T07:56:42.005Z","level":"INFO","category":"EngineRegistry","message":"✅ All 28 Enterprise Engines successfully registered.","metadata":{},"environment":"production"}
{"timestamp":"2026-08-29T07:56:42.053Z","level":"INFO","category":"DatabaseManager","message":"✅ PostgreSQL Connection Pool Initialized Successfully.","metadata":{},"environment":"production"}
{"timestamp":"2026-08-29T07:56:47.208Z","level":"INFO","category":"EngineRegistry","message":"✅ All 28 Enterprise Engines successfully registered.","metadata":{},"environment":"production"}
{"timestamp":"2026-08-29T07:56:47.264Z","level":"INFO","category":"DatabaseManager","message":"✅ PostgreSQL Connection Pool Initialized Successfully.","metadata":{},"environment":"production"}
{"timestamp":"2026-08-29T07:56:53.127Z","level":"INFO","category":"EngineRegistry","message":"✅ All 28 Enterprise Engines successfully registered.","metadata":{},"environment":"production"}
{"timestamp":"2026-08-29T07:56:53.187Z","level":"INFO","category":"DatabaseManager","message":"✅ PostgreSQL Connection Pool Initialized Successfully.","metadata":{},"environment":"production"}
{"timestamp":"2026-08-29T07:56:58.598Z","level":"INFO","category":"EngineRegistry","message":"✅ All 28 Enterprise Engines successfully registered.","metadata":{},"environment":"production"}
{"timestamp":"2026-08-29T07:56:58.652Z","level":"INFO","category":"DatabaseManager","message":"✅ PostgreSQL Connection Pool Initialized Successfully.","metadata":{},"environment":"production"}
{"timestamp":"2026-08-29T07:57:04.718Z","level":"INFO","category":"EngineRegistry","message":"✅ All 28 Enterprise Engines successfully registered.","metadata":{},"environment":"production"}
{"timestamp":"2026-08-29T07:57:04.793Z","level":"INFO","category":"DatabaseManager","message":"✅ PostgreSQL Connection Pool Initialized Successfully.","metadata":{},"environment":"production"}
{"timestamp":"2026-08-29T07:57:10.161Z","level":"INFO","category":"EngineRegistry","message":"✅ All 28 Enterprise Engines successfully registered.","metadata":{},"environment":"production"}
{"timestamp":"2026-08-29T07:57:10.223Z","level":"INFO","category":"DatabaseManager","message":"✅ PostgreSQL Connection Pool Initialized Successfully.","metadata":{},"environment":"production"}
{"timestamp":"2026-08-29T07:57:16.347Z","level":"INFO","category":"EngineRegistry","message":"✅ All 28 Enterprise Engines successfully registered.","metadata":{},"environment":"production"}
{"timestamp":"2026-08-29T07:57:16.502Z","level":"INFO","category":"DatabaseManager","message":"✅ PostgreSQL Connection Pool Initialized Successfully.","metadata":{},"environment":"production"}
{"timestamp":"2026-08-29T07:57:22.105Z","level":"INFO","category":"EngineRegistry","message":"✅ All 28 Enterprise Engines successfully registered.","metadata":{},"environment":"production"}
{"timestamp":"2026-08-29T07:57:22.161Z","level":"INFO","category":"DatabaseManager","message":"✅ PostgreSQL Connection Pool Initialized Successfully.","metadata":{},"environment":"production"}
{"timestamp":"2026-08-29T07:57:27.365Z","level":"INFO","category":"EngineRegistry","message":"✅ All 28 Enterprise Engines successfully registered.","metadata":{},"environment":"production"}
{"timestamp":"2026-08-29T07:57:27.422Z","level":"INFO","category":"DatabaseManager","message":"✅ PostgreSQL Connection Pool Initialized Successfully.","metadata":{},"environment":"production"}
{"timestamp":"2026-08-29T07:57:33.367Z","level":"INFO","category":"EngineRegistry","message":"✅ All 28 Enterprise Engines successfully registered.","metadata":{},"environment":"production"}
{"timestamp":"2026-08-29T07:57:33.417Z","level":"INFO","category":"DatabaseManager","message":"✅ PostgreSQL Connection Pool Initialized Successfully.","metadata":{},"environment":"production"}
{"timestamp":"2026-08-29T07:57:38.669Z","level":"INFO","category":"EngineRegistry","message":"✅ All 28 Enterprise Engines successfully registered.","metadata":{},"environment":"production"}
{"timestamp":"2026-08-29T07:57:38.732Z","level":"INFO","category":"DatabaseManager","message":"✅ PostgreSQL Connection Pool Initialized Successfully.","metadata":{},"environment":"production"}
{"timestamp":"2026-08-29T07:57:43.230Z","level":"INFO","category":"EngineRegistry","message":"✅ All 28 Enterprise Engines successfully registered.","metadata":{},"environment":"production"}
{"timestamp":"2026-08-29T07:57:43.394Z","level":"INFO","category":"DatabaseManager","message":"✅ PostgreSQL Connection Pool Initialized Successfully.","metadata":{},"environment":"production"}
{"timestamp":"2026-08-29T07:57:48.249Z","level":"INFO","category":"EngineRegistry","message":"✅ All 28 Enterprise Engines successfully registered.","metadata":{},"environment":"production"}
{"timestamp":"2026-08-29T07:57:48.440Z","level":"INFO","category":"DatabaseManager","message":"✅ PostgreSQL Connection Pool Initialized Successfully.","metadata":{},"environment":"production"}
{"timestamp":"2026-08-29T07:57:52.659Z","level":"INFO","category":"EngineRegistry","message":"✅ All 28 Enterprise Engines successfully registered.","metadata":{},"environment":"production"}
{"timestamp":"2026-08-29T07:57:52.713Z","level":"INFO","category":"DatabaseManager","message":"✅ PostgreSQL Connection Pool Initialized Successfully.","metadata":{},"environment":"production"}
{"timestamp":"2026-08-29T07:57:58.273Z","level":"INFO","category":"EngineRegistry","message":"✅ All 28 Enterprise Engines successfully registered.","metadata":{},"environment":"production"}
{"timestamp":"2026-08-29T07:57:58.323Z","level":"INFO","category":"DatabaseManager","message":"✅ PostgreSQL Connection Pool Initialized Successfully.","metadata":{},"environment":"production"}
{"timestamp":"2026-08-29T07:58:03.253Z","level":"INFO","category":"EngineRegistry","message":"✅ All 28 Enterprise Engines successfully registered.","metadata":{},"environment":"production"}
{"timestamp":"2026-08-29T07:58:03.309Z","level":"INFO","category":"DatabaseManager","message":"✅ PostgreSQL Connection Pool Initialized Successfully.","metadata":{},"environment":"production"}
{"timestamp":"2026-08-29T07:58:08.454Z","level":"INFO","category":"EngineRegistry","message":"✅ All 28 Enterprise Engines successfully registered.","metadata":{},"environment":"production"}
{"timestamp":"2026-08-29T07:58:08.506Z","level":"INFO","category":"DatabaseManager","message":"✅ PostgreSQL Connection Pool Initialized Successfully.","metadata":{},"environment":"production"}
{"timestamp":"2026-08-29T07:58:13.343Z","level":"INFO","category":"EngineRegistry","message":"✅ All 28 Enterprise Engines successfully registered.","metadata":{},"environment":"production"}
{"timestamp":"2026-08-29T07:58:13.407Z","level":"INFO","category":"DatabaseManager","message":"✅ PostgreSQL Connection Pool Initialized Successfully.","metadata":{},"environment":"production"}
{"timestamp":"2026-08-29T07:58:44.084Z","level":"INFO","category":"EngineRegistry","message":"✅ All 28 Enterprise Engines successfully registered.","metadata":{},"environment":"production"}
{"timestamp":"2026-08-29T07:58:44.147Z","level":"INFO","category":"DatabaseManager","message":"✅ PostgreSQL Connection Pool Initialized Successfully.","metadata":{},"environment":"production"}
{"timestamp":"2026-08-29T07:58:46.826Z","level":"INFO","category":"EngineRegistry","message":"✅ All 28 Enterprise Engines successfully registered.","metadata":{},"environment":"production"}
{"timestamp":"2026-08-29T07:58:46.900Z","level":"INFO","category":"DatabaseManager","message":"✅ PostgreSQL Connection Pool Initialized Successfully.","metadata":{},"environment":"production"}
{"timestamp":"2026-08-29T07:58:51.373Z","level":"INFO","category":"EngineRegistry","message":"✅ All 28 Enterprise Engines successfully registered.","metadata":{},"environment":"production"}
{"timestamp":"2026-08-29T07:58:51.544Z","level":"INFO","category":"DatabaseManager","message":"✅ PostgreSQL Connection Pool Initialized Successfully.","metadata":{},"environment":"production"}
{"timestamp":"2026-08-29T07:58:54.120Z","level":"INFO","category":"EngineRegistry","message":"✅ All 28 Enterprise Engines successfully registered.","metadata":{},"environment":"production"}
{"timestamp":"2026-08-29T07:58:54.188Z","level":"INFO","category":"DatabaseManager","message":"✅ PostgreSQL Connection Pool Initialized Successfully.","metadata":{},"environment":"production"}
{"timestamp":"2026-08-29T07:58:56.192Z","level":"INFO","category":"EngineRegistry","message":"✅ All 28 Enterprise Engines successfully registered.","metadata":{},"environment":"production"}
{"timestamp":"2026-08-29T07:58:57.664Z","level":"INFO","category":"EngineRegistry","message":"✅ All 28 Enterprise Engines successfully registered.","metadata":{},"environment":"production"}
{"timestamp":"2026-08-29T07:58:59.565Z","level":"INFO","category":"EngineRegistry","message":"✅ All 28 Enterprise Engines successfully registered.","metadata":{},"environment":"production"}
{"timestamp":"2026-08-29T07:59:01.748Z","level":"INFO","category":"EngineRegistry","message":"✅ All 28 Enterprise Engines successfully registered.","metadata":{},"environment":"production"}
{"timestamp":"2026-08-29T07:59:03.240Z","level":"INFO","category":"EngineRegistry","message":"✅ All 28 Enterprise Engines successfully registered.","metadata":{},"environment":"production"}
{"timestamp":"2026-08-29T07:59:04.106Z","level":"INFO","category":"EngineRegistry","message":"✅ All 28 Enterprise Engines successfully registered.","metadata":{},"environment":"production"}
{"timestamp":"2026-08-29T07:59:04.361Z","level":"INFO","category":"DatabaseManager","message":"✅ PostgreSQL Connection Pool Initialized Successfully.","metadata":{},"environment":"production"}
{"timestamp":"2026-08-29T07:59:05.639Z","level":"INFO","category":"EngineRegistry","message":"✅ All 28 Enterprise Engines successfully registered.","metadata":{},"environment":"production"}
{"timestamp":"2026-08-29T07:59:05.701Z","level":"INFO","category":"DatabaseManager","message":"✅ PostgreSQL Connection Pool Initialized Successfully.","metadata":{},"environment":"production"}
{"timestamp":"2026-08-29T07:59:07.037Z","level":"INFO","category":"EngineRegistry","message":"✅ All 28 Enterprise Engines successfully registered.","metadata":{},"environment":"production"}
{"timestamp":"2026-08-29T07:59:07.107Z","level":"INFO","category":"DatabaseManager","message":"✅ PostgreSQL Connection Pool Initialized Successfully.","metadata":{},"environment":"production"}
{"timestamp":"2026-08-29T07:59:08.404Z","level":"WARN","category":"DatabaseManager","message":"PostgreSQL query failed: column \"createdAt\" does not exist (SQL: SELECT * FROM tender_daily_reports ORDER BY \"createdAt\" DESC LIMIT 50)","metadata":{},"environment":"production"}
{"timestamp":"2026-08-29T07:59:08.406Z","level":"WARN","category":"DatabaseManager","message":"PostgreSQL query failed: relation \"tender_studies\" does not exist (SQL: SELECT * FROM tender_studies ORDER BY \"createdAt\" DESC LIMIT 50)","metadata":{},"environment":"production"}
{"timestamp":"2026-08-29T07:59:08.421Z","level":"WARN","category":"DatabaseManager","message":"PostgreSQL query failed: column \"createdAt\" does not exist (SQL: SELECT * FROM contract_variation_orders ORDER BY \"createdAt\" DESC LIMIT 50)","metadata":{},"environment":"production"}
{"timestamp":"2026-08-29T07:59:08.432Z","level":"WARN","category":"DatabaseManager","message":"PostgreSQL query failed: column \"createdAt\" does not exist (SQL: SELECT * FROM excavation_permits ORDER BY \"createdAt\" DESC LIMIT 50)","metadata":{},"environment":"production"}
{"timestamp":"2026-08-29T07:59:08.464Z","level":"WARN","category":"DatabaseManager","message":"PostgreSQL query failed: column \"createdAt\" does not exist (SQL: SELECT * FROM bank_guarantees ORDER BY \"createdAt\" DESC LIMIT 50)","metadata":{},"environment":"production"}
{"timestamp":"2026-08-29T07:59:08.492Z","level":"WARN","category":"DatabaseManager","message":"PostgreSQL query failed: column \"createdAt\" does not exist (SQL: SELECT * FROM structural_assets ORDER BY \"createdAt\" DESC LIMIT 50)","metadata":{},"environment":"production"}
{"timestamp":"2026-08-29T07:59:08.494Z","level":"WARN","category":"DatabaseManager","message":"PostgreSQL query failed: column \"createdAt\" does not exist (SQL: SELECT * FROM infrastructure_networks ORDER BY \"createdAt\" DESC LIMIT 50)","metadata":{},"environment":"production"}
{"timestamp":"2026-08-29T07:59:08.495Z","level":"WARN","category":"DatabaseManager","message":"PostgreSQL query failed: column \"createdAt\" does not exist (SQL: SELECT * FROM energy_assets ORDER BY \"createdAt\" DESC LIMIT 50)","metadata":{},"environment":"production"}
{"timestamp":"2026-08-29T07:59:08.669Z","level":"WARN","category":"DatabaseManager","message":"PostgreSQL query failed: relation \"committee_reports\" does not exist (SQL: SELECT * FROM committee_reports ORDER BY \"createdAt\" DESC LIMIT 50)","metadata":{},"environment":"production"}
{"timestamp":"2026-08-29T07:59:08.837Z","level":"WARN","category":"DatabaseManager","message":"PostgreSQL query failed: relation \"tender_studies\" does not exist (SQL: SELECT * FROM tender_studies WHERE id::text = ANY($1::text[]))","metadata":{},"environment":"production"}
{"timestamp":"2026-08-29T07:59:09.075Z","level":"WARN","category":"DatabaseManager","message":"PostgreSQL query failed: relation \"variation_orders\" does not exist (SQL: SELECT * FROM variation_orders WHERE id::text = ANY($1::text[]))","metadata":{},"environment":"production"}
{"timestamp":"2026-08-29T07:59:09.192Z","level":"WARN","category":"DatabaseManager","message":"PostgreSQL query failed: relation \"committee_reports\" does not exist (SQL: SELECT * FROM committee_reports WHERE id::text = ANY($1::text[]))","metadata":{},"environment":"production"}
{"timestamp":"2026-08-29T07:59:09.671Z","level":"INFO","category":"EngineRegistry","message":"✅ All 28 Enterprise Engines successfully registered.","metadata":{},"environment":"production"}
{"timestamp":"2026-08-29T07:59:09.743Z","level":"INFO","category":"DatabaseManager","message":"✅ PostgreSQL Connection Pool Initialized Successfully.","metadata":{},"environment":"production"}
{"timestamp":"2026-08-29T07:59:16.208Z","level":"INFO","category":"EngineRegistry","message":"✅ All 28 Enterprise Engines successfully registered.","metadata":{},"environment":"production"}
{"timestamp":"2026-08-29T07:59:16.274Z","level":"INFO","category":"DatabaseManager","message":"✅ PostgreSQL Connection Pool Initialized Successfully.","metadata":{},"environment":"production"}
{"timestamp":"2026-08-29T07:59:51.189Z","level":"INFO","category":"EngineRegistry","message":"✅ All 28 Enterprise Engines successfully registered.","metadata":{},"environment":"production"}
{"timestamp":"2026-08-29T07:59:51.253Z","level":"INFO","category":"DatabaseManager","message":"✅ PostgreSQL Connection Pool Initialized Successfully.","metadata":{},"environment":"production"}
{"timestamp":"2026-08-29T07:59:56.217Z","level":"INFO","category":"EngineRegistry","message":"✅ All 28 Enterprise Engines successfully registered.","metadata":{},"environment":"production"}
{"timestamp":"2026-08-29T07:59:56.272Z","level":"INFO","category":"DatabaseManager","message":"✅ PostgreSQL Connection Pool Initialized Successfully.","metadata":{},"environment":"production"}
{"timestamp":"2026-08-29T08:00:03.506Z","level":"INFO","category":"EngineRegistry","message":"✅ All 28 Enterprise Engines successfully registered.","metadata":{},"environment":"production"}
{"timestamp":"2026-08-29T08:00:03.552Z","level":"INFO","category":"DatabaseManager","message":"✅ PostgreSQL Connection Pool Initialized Successfully.","metadata":{},"environment":"production"}
{"timestamp":"2026-08-29T08:00:08.505Z","level":"INFO","category":"EngineRegistry","message":"✅ All 28 Enterprise Engines successfully registered.","metadata":{},"environment":"production"}
{"timestamp":"2026-08-29T08:00:08.671Z","level":"INFO","category":"DatabaseManager","message":"✅ PostgreSQL Connection Pool Initialized Successfully.","metadata":{},"environment":"production"}
{"timestamp":"2026-08-29T08:00:14.595Z","level":"INFO","category":"EngineRegistry","message":"✅ All 28 Enterprise Engines successfully registered.","metadata":{},"environment":"production"}
{"timestamp":"2026-08-29T08:00:14.647Z","level":"INFO","category":"DatabaseManager","message":"✅ PostgreSQL Connection Pool Initialized Successfully.","metadata":{},"environment":"production"}
{"timestamp":"2026-08-29T08:00:19.336Z","level":"INFO","category":"EngineRegistry","message":"✅ All 28 Enterprise Engines successfully registered.","metadata":{},"environment":"production"}
{"timestamp":"2026-08-29T08:00:19.395Z","level":"INFO","category":"DatabaseManager","message":"✅ PostgreSQL Connection Pool Initialized Successfully.","metadata":{},"environment":"production"}
{"timestamp":"2026-08-29T08:00:38.107Z","level":"INFO","category":"EngineRegistry","message":"✅ All 28 Enterprise Engines successfully registered.","metadata":{},"environment":"production"}
{"timestamp":"2026-08-29T08:00:38.163Z","level":"INFO","category":"DatabaseManager","message":"✅ PostgreSQL Connection Pool Initialized Successfully.","metadata":{},"environment":"production"}
{"timestamp":"2026-08-29T08:00:45.204Z","level":"INFO","category":"EngineRegistry","message":"✅ All 28 Enterprise Engines successfully registered.","metadata":{},"environment":"production"}
{"timestamp":"2026-08-29T08:00:45.257Z","level":"INFO","category":"DatabaseManager","message":"✅ PostgreSQL Connection Pool Initialized Successfully.","metadata":{},"environment":"production"}
{"timestamp":"2026-08-29T08:00:56.072Z","level":"INFO","category":"EngineRegistry","message":"✅ All 28 Enterprise Engines successfully registered.","metadata":{},"environment":"production"}
{"timestamp":"2026-08-29T08:00:56.123Z","level":"INFO","category":"DatabaseManager","message":"✅ PostgreSQL Connection Pool Initialized Successfully.","metadata":{},"environment":"production"}
{"timestamp":"2026-08-29T08:01:03.264Z","level":"INFO","category":"EngineRegistry","message":"✅ All 28 Enterprise Engines successfully registered.","metadata":{},"environment":"production"}
{"timestamp":"2026-08-29T08:01:03.315Z","level":"INFO","category":"DatabaseManager","message":"✅ PostgreSQL Connection Pool Initialized Successfully.","metadata":{},"environment":"production"}
{"timestamp":"2026-08-29T08:01:08.320Z","level":"INFO","category":"EngineRegistry","message":"✅ All 28 Enterprise Engines successfully registered.","metadata":{},"environment":"production"}
{"timestamp":"2026-08-29T08:01:08.375Z","level":"INFO","category":"DatabaseManager","message":"✅ PostgreSQL Connection Pool Initialized Successfully.","metadata":{},"environment":"production"}
{"timestamp":"2026-08-29T08:01:08.698Z","level":"INFO","category":"EngineRegistry","message":"✅ All 28 Enterprise Engines successfully registered.","metadata":{},"environment":"production"}
{"timestamp":"2026-08-29T08:01:08.743Z","level":"INFO","category":"DatabaseManager","message":"✅ PostgreSQL Connection Pool Initialized Successfully.","metadata":{},"environment":"production"}
{"timestamp":"2026-08-29T08:01:09.808Z","level":"INFO","category":"EngineRegistry","message":"✅ All 28 Enterprise Engines successfully registered.","metadata":{},"environment":"production"}
{"timestamp":"2026-08-29T08:01:09.862Z","level":"INFO","category":"DatabaseManager","message":"✅ PostgreSQL Connection Pool Initialized Successfully.","metadata":{},"environment":"production"}
{"timestamp":"2026-08-29T08:01:09.960Z","level":"INFO","category":"EngineRegistry","message":"✅ All 28 Enterprise Engines successfully registered.","metadata":{},"environment":"production"}
{"timestamp":"2026-08-29T08:01:10.004Z","level":"INFO","category":"DatabaseManager","message":"✅ PostgreSQL Connection Pool Initialized Successfully.","metadata":{},"environment":"production"}
{"timestamp":"2026-08-29T08:01:11.272Z","level":"INFO","category":"EngineRegistry","message":"✅ All 28 Enterprise Engines successfully registered.","metadata":{},"environment":"production"}
{"timestamp":"2026-08-29T08:01:11.342Z","level":"INFO","category":"DatabaseManager","message":"✅ PostgreSQL Connection Pool Initialized Successfully.","metadata":{},"environment":"production"}
{"timestamp":"2026-08-29T08:01:24.395Z","level":"INFO","category":"EngineRegistry","message":"✅ All 28 Enterprise Engines successfully registered.","metadata":{},"environment":"production"}
{"timestamp":"2026-08-29T08:01:24.438Z","level":"INFO","category":"DatabaseManager","message":"✅ PostgreSQL Connection Pool Initialized Successfully.","metadata":{},"environment":"production"}
{"timestamp":"2026-08-29T08:01:26.188Z","level":"INFO","category":"EngineRegistry","message":"✅ All 28 Enterprise Engines successfully registered.","metadata":{},"environment":"production"}
{"timestamp":"2026-08-29T08:01:26.231Z","level":"INFO","category":"DatabaseManager","message":"✅ PostgreSQL Connection Pool Initialized Successfully.","metadata":{},"environment":"production"}
{"timestamp":"2026-08-29T08:01:27.381Z","level":"INFO","category":"EngineRegistry","message":"✅ All 28 Enterprise Engines successfully registered.","metadata":{},"environment":"production"}
{"timestamp":"2026-08-29T08:01:27.433Z","level":"INFO","category":"DatabaseManager","message":"✅ PostgreSQL Connection Pool Initialized Successfully.","metadata":{},"environment":"production"}
{"timestamp":"2026-08-29T08:01:37.759Z","level":"INFO","category":"EngineRegistry","message":"✅ All 28 Enterprise Engines successfully registered.","metadata":{},"environment":"production"}
{"timestamp":"2026-08-29T08:01:37.803Z","level":"INFO","category":"DatabaseManager","message":"✅ PostgreSQL Connection Pool Initialized Successfully.","metadata":{},"environment":"production"}
{"timestamp":"2026-08-29T08:01:40.246Z","level":"INFO","category":"EngineRegistry","message":"✅ All 28 Enterprise Engines successfully registered.","metadata":{},"environment":"production"}
{"timestamp":"2026-08-29T08:01:40.294Z","level":"INFO","category":"DatabaseManager","message":"✅ PostgreSQL Connection Pool Initialized Successfully.","metadata":{},"environment":"production"}
{"timestamp":"2026-08-29T08:01:42.773Z","level":"INFO","category":"EngineRegistry","message":"✅ All 28 Enterprise Engines successfully registered.","metadata":{},"environment":"production"}
{"timestamp":"2026-08-29T08:01:42.930Z","level":"INFO","category":"DatabaseManager","message":"✅ PostgreSQL Connection Pool Initialized Successfully.","metadata":{},"environment":"production"}
{"timestamp":"2026-08-29T08:01:44.361Z","level":"INFO","category":"EngineRegistry","message":"✅ All 28 Enterprise Engines successfully registered.","metadata":{},"environment":"production"}
{"timestamp":"2026-08-29T08:01:44.411Z","level":"INFO","category":"DatabaseManager","message":"✅ PostgreSQL Connection Pool Initialized Successfully.","metadata":{},"environment":"production"}
{"timestamp":"2026-08-29T08:01:45.768Z","level":"INFO","category":"EngineRegistry","message":"✅ All 28 Enterprise Engines successfully registered.","metadata":{},"environment":"production"}
{"timestamp":"2026-08-29T08:01:45.961Z","level":"INFO","category":"DatabaseManager","message":"✅ PostgreSQL Connection Pool Initialized Successfully.","metadata":{},"environment":"production"}
{"timestamp":"2026-08-29T08:01:52.397Z","level":"INFO","category":"EngineRegistry","message":"✅ All 28 Enterprise Engines successfully registered.","metadata":{},"environment":"production"}
{"timestamp":"2026-08-29T08:01:52.452Z","level":"INFO","category":"DatabaseManager","message":"✅ PostgreSQL Connection Pool Initialized Successfully.","metadata":{},"environment":"production"}
{"timestamp":"2026-08-29T08:01:58.263Z","level":"INFO","category":"EngineRegistry","message":"✅ All 28 Enterprise Engines successfully registered.","metadata":{},"environment":"production"}
{"timestamp":"2026-08-29T08:01:58.315Z","level":"INFO","category":"DatabaseManager","message":"✅ PostgreSQL Connection Pool Initialized Successfully.","metadata":{},"environment":"production"}
{"timestamp":"2026-08-29T08:02:02.870Z","level":"INFO","category":"EngineRegistry","message":"✅ All 28 Enterprise Engines successfully registered.","metadata":{},"environment":"production"}
{"timestamp":"2026-08-29T08:02:02.914Z","level":"INFO","category":"DatabaseManager","message":"✅ PostgreSQL Connection Pool Initialized Successfully.","metadata":{},"environment":"production"}
{"timestamp":"2026-08-29T08:02:03.948Z","level":"INFO","category":"EngineRegistry","message":"✅ All 28 Enterprise Engines successfully registered.","metadata":{},"environment":"production"}
{"timestamp":"2026-08-29T08:02:03.996Z","level":"INFO","category":"DatabaseManager","message":"✅ PostgreSQL Connection Pool Initialized Successfully.","metadata":{},"environment":"production"}
{"timestamp":"2026-08-29T08:02:12.028Z","level":"INFO","category":"EngineRegistry","message":"✅ All 28 Enterprise Engines successfully registered.","metadata":{},"environment":"production"}
{"timestamp":"2026-08-29T08:02:12.082Z","level":"INFO","category":"DatabaseManager","message":"✅ PostgreSQL Connection Pool Initialized Successfully.","metadata":{},"environment":"production"}
{"timestamp":"2026-08-29T08:02:15.701Z","level":"INFO","category":"EngineRegistry","message":"✅ All 28 Enterprise Engines successfully registered.","metadata":{},"environment":"production"}
{"timestamp":"2026-08-29T08:02:15.747Z","level":"INFO","category":"DatabaseManager","message":"✅ PostgreSQL Connection Pool Initialized Successfully.","metadata":{},"environment":"production"}
{"timestamp":"2026-08-29T08:02:16.811Z","level":"INFO","category":"EngineRegistry","message":"✅ All 28 Enterprise Engines successfully registered.","metadata":{},"environment":"production"}
{"timestamp":"2026-08-29T08:02:16.860Z","level":"INFO","category":"DatabaseManager","message":"✅ PostgreSQL Connection Pool Initialized Successfully.","metadata":{},"environment":"production"}
{"timestamp":"2026-08-29T08:02:47.886Z","level":"INFO","category":"EngineRegistry","message":"✅ All 28 Enterprise Engines successfully registered.","metadata":{},"environment":"production"}
{"timestamp":"2026-08-29T08:02:47.943Z","level":"INFO","category":"DatabaseManager","message":"✅ PostgreSQL Connection Pool Initialized Successfully.","metadata":{},"environment":"production"}
{"timestamp":"2026-08-29T08:02:52.137Z","level":"INFO","category":"EngineRegistry","message":"✅ All 28 Enterprise Engines successfully registered.","metadata":{},"environment":"production"}
{"timestamp":"2026-08-29T08:02:52.183Z","level":"INFO","category":"DatabaseManager","message":"✅ PostgreSQL Connection Pool Initialized Successfully.","metadata":{},"environment":"production"}
{"timestamp":"2026-08-29T08:02:53.417Z","level":"INFO","category":"EngineRegistry","message":"✅ All 28 Enterprise Engines successfully registered.","metadata":{},"environment":"production"}
{"timestamp":"2026-08-29T08:02:53.464Z","level":"INFO","category":"DatabaseManager","message":"✅ PostgreSQL Connection Pool Initialized Successfully.","metadata":{},"environment":"production"}
{"timestamp":"2026-08-29T08:03:14.216Z","level":"INFO","category":"DatabaseManager","message":"✅ PostgreSQL Connection Pool Initialized Successfully.","metadata":{},"environment":"production"}
{"timestamp":"2026-08-29T08:03:19.281Z","level":"INFO","category":"EngineRegistry","message":"✅ All 28 Enterprise Engines successfully registered.","metadata":{},"environment":"production"}
{"timestamp":"2026-08-29T08:03:19.454Z","level":"INFO","category":"DatabaseManager","message":"✅ PostgreSQL Connection Pool Initialized Successfully.","metadata":{},"environment":"production"}
{"timestamp":"2026-08-29T08:03:23.543Z","level":"INFO","category":"EngineRegistry","message":"✅ All 28 Enterprise Engines successfully registered.","metadata":{},"environment":"production"}
{"timestamp":"2026-08-29T08:03:23.589Z","level":"INFO","category":"DatabaseManager","message":"✅ PostgreSQL Connection Pool Initialized Successfully.","metadata":{},"environment":"production"}
{"timestamp":"2026-08-29T08:03:24.614Z","level":"INFO","category":"EngineRegistry","message":"✅ All 28 Enterprise Engines successfully registered.","metadata":{},"environment":"production"}
{"timestamp":"2026-08-29T08:03:24.671Z","level":"INFO","category":"DatabaseManager","message":"✅ PostgreSQL Connection Pool Initialized Successfully.","metadata":{},"environment":"production"}
{"timestamp":"2026-08-29T08:03:29.743Z","level":"INFO","category":"EngineRegistry","message":"✅ All 28 Enterprise Engines successfully registered.","metadata":{},"environment":"production"}
{"timestamp":"2026-08-29T08:03:29.801Z","level":"INFO","category":"DatabaseManager","message":"✅ PostgreSQL Connection Pool Initialized Successfully.","metadata":{},"environment":"production"}
{"timestamp":"2026-08-29T08:03:30.719Z","level":"INFO","category":"EngineRegistry","message":"✅ All 28 Enterprise Engines successfully registered.","metadata":{},"environment":"production"}
{"timestamp":"2026-08-29T08:03:31.423Z","level":"INFO","category":"EngineRegistry","message":"✅ All 28 Enterprise Engines successfully registered.","metadata":{},"environment":"production"}
{"timestamp":"2026-08-29T08:03:32.719Z","level":"INFO","category":"EngineRegistry","message":"✅ All 28 Enterprise Engines successfully registered.","metadata":{},"environment":"production"}
{"timestamp":"2026-08-29T08:03:32.799Z","level":"INFO","category":"DatabaseManager","message":"✅ PostgreSQL Connection Pool Initialized Successfully.","metadata":{},"environment":"production"}
{"timestamp":"2026-08-29T08:03:37.200Z","level":"INFO","category":"EngineRegistry","message":"✅ All 28 Enterprise Engines successfully registered.","metadata":{},"environment":"production"}
{"timestamp":"2026-08-29T08:03:37.274Z","level":"INFO","category":"DatabaseManager","message":"✅ PostgreSQL Connection Pool Initialized Successfully.","metadata":{},"environment":"production"}
{"timestamp":"2026-08-29T08:03:39.868Z","level":"INFO","category":"EngineRegistry","message":"✅ All 28 Enterprise Engines successfully registered.","metadata":{},"environment":"production"}
{"timestamp":"2026-08-29T08:03:39.943Z","level":"INFO","category":"DatabaseManager","message":"✅ PostgreSQL Connection Pool Initialized Successfully.","metadata":{},"environment":"production"}
{"timestamp":"2026-08-29T08:03:45.137Z","level":"INFO","category":"EngineRegistry","message":"✅ All 28 Enterprise Engines successfully registered.","metadata":{},"environment":"production"}
{"timestamp":"2026-08-29T08:03:47.545Z","level":"INFO","category":"EngineRegistry","message":"✅ All 28 Enterprise Engines successfully registered.","metadata":{},"environment":"production"}
{"timestamp":"2026-08-29T08:03:48.974Z","level":"INFO","category":"EngineRegistry","message":"✅ All 28 Enterprise Engines successfully registered.","metadata":{},"environment":"production"}
{"timestamp":"2026-08-29T08:03:49.294Z","level":"INFO","category":"DatabaseManager","message":"✅ PostgreSQL Connection Pool Initialized Successfully.","metadata":{},"environment":"production"}
{"timestamp":"2026-08-29T08:03:50.073Z","level":"INFO","category":"EngineRegistry","message":"✅ All 28 Enterprise Engines successfully registered.","metadata":{},"environment":"production"}
{"timestamp":"2026-08-29T08:03:50.213Z","level":"INFO","category":"DatabaseManager","message":"✅ PostgreSQL Connection Pool Initialized Successfully.","metadata":{},"environment":"production"}
{"timestamp":"2026-08-29T08:03:51.037Z","level":"INFO","category":"EngineRegistry","message":"✅ All 28 Enterprise Engines successfully registered.","metadata":{},"environment":"production"}
{"timestamp":"2026-08-29T08:03:51.801Z","level":"INFO","category":"EngineRegistry","message":"✅ All 28 Enterprise Engines successfully registered.","metadata":{},"environment":"production"}
{"timestamp":"2026-08-29T08:03:51.885Z","level":"INFO","category":"DatabaseManager","message":"✅ PostgreSQL Connection Pool Initialized Successfully.","metadata":{},"environment":"production"}
{"timestamp":"2026-08-29T08:03:53.376Z","level":"INFO","category":"EngineRegistry","message":"✅ All 28 Enterprise Engines successfully registered.","metadata":{},"environment":"production"}
{"timestamp":"2026-08-29T08:03:53.472Z","level":"INFO","category":"DatabaseManager","message":"✅ PostgreSQL Connection Pool Initialized Successfully.","metadata":{},"environment":"production"}
{"timestamp":"2026-08-29T08:03:55.199Z","level":"WARN","category":"DatabaseManager","message":"PostgreSQL query failed: column \"createdAt\" does not exist (SQL: SELECT * FROM tender_daily_reports ORDER BY \"createdAt\" DESC LIMIT 50)","metadata":{},"environment":"production"}
{"timestamp":"2026-08-29T08:03:55.201Z","level":"WARN","category":"DatabaseManager","message":"PostgreSQL query failed: relation \"tender_studies\" does not exist (SQL: SELECT * FROM tender_studies ORDER BY \"createdAt\" DESC LIMIT 50)","metadata":{},"environment":"production"}
{"timestamp":"2026-08-29T08:03:55.210Z","level":"WARN","category":"DatabaseManager","message":"PostgreSQL query failed: column \"createdAt\" does not exist (SQL: SELECT * FROM contract_variation_orders ORDER BY \"createdAt\" DESC LIMIT 50)","metadata":{},"environment":"production"}
{"timestamp":"2026-08-29T08:03:55.221Z","level":"WARN","category":"DatabaseManager","message":"PostgreSQL query failed: column \"createdAt\" does not exist (SQL: SELECT * FROM excavation_permits ORDER BY \"createdAt\" DESC LIMIT 50)","metadata":{},"environment":"production"}
{"timestamp":"2026-08-29T08:03:55.239Z","level":"WARN","category":"DatabaseManager","message":"PostgreSQL query failed: column \"createdAt\" does not exist (SQL: SELECT * FROM bank_guarantees ORDER BY \"createdAt\" DESC LIMIT 50)","metadata":{},"environment":"production"}
{"timestamp":"2026-08-29T08:03:55.268Z","level":"WARN","category":"DatabaseManager","message":"PostgreSQL query failed: column \"createdAt\" does not exist (SQL: SELECT * FROM structural_assets ORDER BY \"createdAt\" DESC LIMIT 50)","metadata":{},"environment":"production"}
{"timestamp":"2026-08-29T08:03:55.270Z","level":"WARN","category":"DatabaseManager","message":"PostgreSQL query failed: column \"createdAt\" does not exist (SQL: SELECT * FROM infrastructure_networks ORDER BY \"createdAt\" DESC LIMIT 50)","metadata":{},"environment":"production"}
{"timestamp":"2026-08-29T08:03:55.271Z","level":"WARN","category":"DatabaseManager","message":"PostgreSQL query failed: column \"createdAt\" does not exist (SQL: SELECT * FROM energy_assets ORDER BY \"createdAt\" DESC LIMIT 50)","metadata":{},"environment":"production"}
{"timestamp":"2026-08-29T08:03:55.418Z","level":"WARN","category":"DatabaseManager","message":"PostgreSQL query failed: relation \"committee_reports\" does not exist (SQL: SELECT * FROM committee_reports ORDER BY \"createdAt\" DESC LIMIT 50)","metadata":{},"environment":"production"}
{"timestamp":"2026-08-29T08:03:55.700Z","level":"WARN","category":"DatabaseManager","message":"PostgreSQL query failed: relation \"tender_studies\" does not exist (SQL: SELECT * FROM tender_studies WHERE id::text = ANY($1::text[]))","metadata":{},"environment":"production"}
{"timestamp":"2026-08-29T08:03:55.790Z","level":"WARN","category":"DatabaseManager","message":"PostgreSQL query failed: relation \"variation_orders\" does not exist (SQL: SELECT * FROM variation_orders WHERE id::text = ANY($1::text[]))","metadata":{},"environment":"production"}
{"timestamp":"2026-08-29T08:03:55.885Z","level":"WARN","category":"DatabaseManager","message":"PostgreSQL query failed: relation \"committee_reports\" does not exist (SQL: SELECT * FROM committee_reports WHERE id::text = ANY($1::text[]))","metadata":{},"environment":"production"}
{"timestamp":"2026-08-29T08:03:56.294Z","level":"INFO","category":"EngineRegistry","message":"✅ All 28 Enterprise Engines successfully registered.","metadata":{},"environment":"production"}
{"timestamp":"2026-08-29T08:03:56.377Z","level":"INFO","category":"DatabaseManager","message":"✅ PostgreSQL Connection Pool Initialized Successfully.","metadata":{},"environment":"production"}
{"timestamp":"2026-08-29T08:03:56.933Z","level":"INFO","category":"EngineRegistry","message":"✅ All 28 Enterprise Engines successfully registered.","metadata":{},"environment":"production"}
{"timestamp":"2026-08-29T08:03:56.995Z","level":"INFO","category":"DatabaseManager","message":"✅ PostgreSQL Connection Pool Initialized Successfully.","metadata":{},"environment":"production"}
{"timestamp":"2026-08-29T08:03:58.850Z","level":"INFO","category":"EngineRegistry","message":"✅ All 28 Enterprise Engines successfully registered.","metadata":{},"environment":"production"}
{"timestamp":"2026-08-29T08:03:58.907Z","level":"INFO","category":"DatabaseManager","message":"✅ PostgreSQL Connection Pool Initialized Successfully.","metadata":{},"environment":"production"}
{"timestamp":"2026-08-29T08:03:58.955Z","level":"INFO","category":"EngineRegistry","message":"✅ All 28 Enterprise Engines successfully registered.","metadata":{},"environment":"production"}
{"timestamp":"2026-08-29T08:03:59.037Z","level":"INFO","category":"DatabaseManager","message":"✅ PostgreSQL Connection Pool Initialized Successfully.","metadata":{},"environment":"production"}
{"timestamp":"2026-08-29T08:04:04.186Z","level":"INFO","category":"EngineRegistry","message":"✅ All 28 Enterprise Engines successfully registered.","metadata":{},"environment":"production"}
{"timestamp":"2026-08-29T08:04:04.314Z","level":"INFO","category":"DatabaseManager","message":"✅ PostgreSQL Connection Pool Initialized Successfully.","metadata":{},"environment":"production"}
{"timestamp":"2026-08-29T08:04:15.091Z","level":"INFO","category":"EngineRegistry","message":"✅ All 28 Enterprise Engines successfully registered.","metadata":{},"environment":"production"}
{"timestamp":"2026-08-29T08:04:15.142Z","level":"INFO","category":"DatabaseManager","message":"✅ PostgreSQL Connection Pool Initialized Successfully.","metadata":{},"environment":"production"}
{"timestamp":"2026-08-29T08:04:19.277Z","level":"INFO","category":"EngineRegistry","message":"✅ All 28 Enterprise Engines successfully registered.","metadata":{},"environment":"production"}
{"timestamp":"2026-08-29T08:04:19.322Z","level":"INFO","category":"DatabaseManager","message":"✅ PostgreSQL Connection Pool Initialized Successfully.","metadata":{},"environment":"production"}
{"timestamp":"2026-08-29T08:04:23.461Z","level":"INFO","category":"EngineRegistry","message":"✅ All 28 Enterprise Engines successfully registered.","metadata":{},"environment":"production"}
{"timestamp":"2026-08-29T08:04:23.517Z","level":"INFO","category":"DatabaseManager","message":"✅ PostgreSQL Connection Pool Initialized Successfully.","metadata":{},"environment":"production"}
{"timestamp":"2026-08-29T08:04:24.813Z","level":"INFO","category":"EngineRegistry","message":"✅ All 28 Enterprise Engines successfully registered.","metadata":{},"environment":"production"}
{"timestamp":"2026-08-29T08:04:26.633Z","level":"INFO","category":"EngineRegistry","message":"✅ All 28 Enterprise Engines successfully registered.","metadata":{},"environment":"production"}
{"timestamp":"2026-08-29T08:04:26.714Z","level":"INFO","category":"DatabaseManager","message":"✅ PostgreSQL Connection Pool Initialized Successfully.","metadata":{},"environment":"production"}
{"timestamp":"2026-08-29T08:04:30.796Z","level":"INFO","category":"EngineRegistry","message":"✅ All 28 Enterprise Engines successfully registered.","metadata":{},"environment":"production"}
{"timestamp":"2026-08-29T08:04:30.881Z","level":"INFO","category":"DatabaseManager","message":"✅ PostgreSQL Connection Pool Initialized Successfully.","metadata":{},"environment":"production"}
{"timestamp":"2026-08-29T08:04:33.439Z","level":"INFO","category":"EngineRegistry","message":"✅ All 28 Enterprise Engines successfully registered.","metadata":{},"environment":"production"}
{"timestamp":"2026-08-29T08:04:33.504Z","level":"INFO","category":"DatabaseManager","message":"✅ PostgreSQL Connection Pool Initialized Successfully.","metadata":{},"environment":"production"}
{"timestamp":"2026-08-29T08:04:35.247Z","level":"INFO","category":"EngineRegistry","message":"✅ All 28 Enterprise Engines successfully registered.","metadata":{},"environment":"production"}
{"timestamp":"2026-08-29T08:04:37.779Z","level":"INFO","category":"EngineRegistry","message":"✅ All 28 Enterprise Engines successfully registered.","metadata":{},"environment":"production"}
{"timestamp":"2026-08-29T08:04:38.340Z","level":"INFO","category":"EngineRegistry","message":"✅ All 28 Enterprise Engines successfully registered.","metadata":{},"environment":"production"}
{"timestamp":"2026-08-29T08:04:40.929Z","level":"INFO","category":"EngineRegistry","message":"✅ All 28 Enterprise Engines successfully registered.","metadata":{},"environment":"production"}
{"timestamp":"2026-08-29T08:04:41.047Z","level":"INFO","category":"DatabaseManager","message":"✅ PostgreSQL Connection Pool Initialized Successfully.","metadata":{},"environment":"production"}
{"timestamp":"2026-08-29T08:04:41.688Z","level":"INFO","category":"EngineRegistry","message":"✅ All 28 Enterprise Engines successfully registered.","metadata":{},"environment":"production"}
{"timestamp":"2026-08-29T08:04:43.492Z","level":"INFO","category":"EngineRegistry","message":"✅ All 28 Enterprise Engines successfully registered.","metadata":{},"environment":"production"}
{"timestamp":"2026-08-29T08:04:43.644Z","level":"INFO","category":"DatabaseManager","message":"✅ PostgreSQL Connection Pool Initialized Successfully.","metadata":{},"environment":"production"}
{"timestamp":"2026-08-29T08:04:44.382Z","level":"INFO","category":"EngineRegistry","message":"✅ All 28 Enterprise Engines successfully registered.","metadata":{},"environment":"production"}
{"timestamp":"2026-08-29T08:04:44.491Z","level":"INFO","category":"DatabaseManager","message":"✅ PostgreSQL Connection Pool Initialized Successfully.","metadata":{},"environment":"production"}
{"timestamp":"2026-08-29T08:04:45.111Z","level":"INFO","category":"EngineRegistry","message":"✅ All 28 Enterprise Engines successfully registered.","metadata":{},"environment":"production"}
{"timestamp":"2026-08-29T08:04:45.184Z","level":"INFO","category":"DatabaseManager","message":"✅ PostgreSQL Connection Pool Initialized Successfully.","metadata":{},"environment":"production"}
{"timestamp":"2026-08-29T08:04:46.177Z","level":"INFO","category":"EngineRegistry","message":"✅ All 28 Enterprise Engines successfully registered.","metadata":{},"environment":"production"}
{"timestamp":"2026-08-29T08:04:46.233Z","level":"INFO","category":"DatabaseManager","message":"✅ PostgreSQL Connection Pool Initialized Successfully.","metadata":{},"environment":"production"}
{"timestamp":"2026-08-29T08:04:47.683Z","level":"WARN","category":"DatabaseManager","message":"PostgreSQL query failed: column \"createdAt\" does not exist (SQL: SELECT * FROM tender_daily_reports ORDER BY \"createdAt\" DESC LIMIT 50)","metadata":{},"environment":"production"}
{"timestamp":"2026-08-29T08:04:47.685Z","level":"WARN","category":"DatabaseManager","message":"PostgreSQL query failed: relation \"tender_studies\" does not exist (SQL: SELECT * FROM tender_studies ORDER BY \"createdAt\" DESC LIMIT 50)","metadata":{},"environment":"production"}
{"timestamp":"2026-08-29T08:04:47.695Z","level":"WARN","category":"DatabaseManager","message":"PostgreSQL query failed: column \"createdAt\" does not exist (SQL: SELECT * FROM contract_variation_orders ORDER BY \"createdAt\" DESC LIMIT 50)","metadata":{},"environment":"production"}
{"timestamp":"2026-08-29T08:04:47.703Z","level":"WARN","category":"DatabaseManager","message":"PostgreSQL query failed: column \"createdAt\" does not exist (SQL: SELECT * FROM excavation_permits ORDER BY \"createdAt\" DESC LIMIT 50)","metadata":{},"environment":"production"}
{"timestamp":"2026-08-29T08:04:47.726Z","level":"WARN","category":"DatabaseManager","message":"PostgreSQL query failed: column \"createdAt\" does not exist (SQL: SELECT * FROM bank_guarantees ORDER BY \"createdAt\" DESC LIMIT 50)","metadata":{},"environment":"production"}
{"timestamp":"2026-08-29T08:04:47.748Z","level":"WARN","category":"DatabaseManager","message":"PostgreSQL query failed: column \"createdAt\" does not exist (SQL: SELECT * FROM structural_assets ORDER BY \"createdAt\" DESC LIMIT 50)","metadata":{},"environment":"production"}
{"timestamp":"2026-08-29T08:04:47.750Z","level":"WARN","category":"DatabaseManager","message":"PostgreSQL query failed: column \"createdAt\" does not exist (SQL: SELECT * FROM infrastructure_networks ORDER BY \"createdAt\" DESC LIMIT 50)","metadata":{},"environment":"production"}
{"timestamp":"2026-08-29T08:04:47.752Z","level":"WARN","category":"DatabaseManager","message":"PostgreSQL query failed: column \"createdAt\" does not exist (SQL: SELECT * FROM energy_assets ORDER BY \"createdAt\" DESC LIMIT 50)","metadata":{},"environment":"production"}
{"timestamp":"2026-08-29T08:04:47.875Z","level":"WARN","category":"DatabaseManager","message":"PostgreSQL query failed: relation \"committee_reports\" does not exist (SQL: SELECT * FROM committee_reports ORDER BY \"createdAt\" DESC LIMIT 50)","metadata":{},"environment":"production"}
{"timestamp":"2026-08-29T08:04:48.060Z","level":"WARN","category":"DatabaseManager","message":"PostgreSQL query failed: relation \"tender_studies\" does not exist (SQL: SELECT * FROM tender_studies WHERE id::text = ANY($1::text[]))","metadata":{},"environment":"production"}
{"timestamp":"2026-08-29T08:04:48.168Z","level":"WARN","category":"DatabaseManager","message":"PostgreSQL query failed: relation \"variation_orders\" does not exist (SQL: SELECT * FROM variation_orders WHERE id::text = ANY($1::text[]))","metadata":{},"environment":"production"}
{"timestamp":"2026-08-29T08:04:48.282Z","level":"WARN","category":"DatabaseManager","message":"PostgreSQL query failed: relation \"committee_reports\" does not exist (SQL: SELECT * FROM committee_reports WHERE id::text = ANY($1::text[]))","metadata":{},"environment":"production"}
{"timestamp":"2026-08-29T08:04:48.735Z","level":"INFO","category":"EngineRegistry","message":"✅ All 28 Enterprise Engines successfully registered.","metadata":{},"environment":"production"}
{"timestamp":"2026-08-29T08:04:48.812Z","level":"INFO","category":"DatabaseManager","message":"✅ PostgreSQL Connection Pool Initialized Successfully.","metadata":{},"environment":"production"}
{"timestamp":"2026-08-29T08:04:49.245Z","level":"INFO","category":"EngineRegistry","message":"✅ All 28 Enterprise Engines successfully registered.","metadata":{},"environment":"production"}
{"timestamp":"2026-08-29T08:04:49.296Z","level":"INFO","category":"DatabaseManager","message":"✅ PostgreSQL Connection Pool Initialized Successfully.","metadata":{},"environment":"production"}
{"timestamp":"2026-08-29T08:04:50.892Z","level":"INFO","category":"EngineRegistry","message":"✅ All 28 Enterprise Engines successfully registered.","metadata":{},"environment":"production"}
{"timestamp":"2026-08-29T08:04:50.945Z","level":"INFO","category":"DatabaseManager","message":"✅ PostgreSQL Connection Pool Initialized Successfully.","metadata":{},"environment":"production"}
{"timestamp":"2026-08-29T08:04:50.997Z","level":"INFO","category":"EngineRegistry","message":"✅ All 28 Enterprise Engines successfully registered.","metadata":{},"environment":"production"}
{"timestamp":"2026-08-29T08:04:51.055Z","level":"INFO","category":"DatabaseManager","message":"✅ PostgreSQL Connection Pool Initialized Successfully.","metadata":{},"environment":"production"}
{"timestamp":"2026-08-29T08:04:55.566Z","level":"INFO","category":"EngineRegistry","message":"✅ All 28 Enterprise Engines successfully registered.","metadata":{},"environment":"production"}
{"timestamp":"2026-08-29T08:04:55.728Z","level":"INFO","category":"DatabaseManager","message":"✅ PostgreSQL Connection Pool Initialized Successfully.","metadata":{},"environment":"production"}
{"timestamp":"2026-08-29T08:20:33.672Z","level":"INFO","category":"EngineRegistry","message":"✅ All 28 Enterprise Engines successfully registered.","metadata":{},"environment":"production"}
{"timestamp":"2026-08-29T08:20:33.724Z","level":"INFO","category":"DatabaseManager","message":"✅ PostgreSQL Connection Pool Initialized Successfully.","metadata":{},"environment":"production"}
{"timestamp":"2026-08-29T08:20:39.517Z","level":"INFO","category":"EngineRegistry","message":"✅ All 28 Enterprise Engines successfully registered.","metadata":{},"environment":"production"}
{"timestamp":"2026-08-29T08:20:39.567Z","level":"INFO","category":"DatabaseManager","message":"✅ PostgreSQL Connection Pool Initialized Successfully.","metadata":{},"environment":"production"}
{"timestamp":"2026-08-29T08:20:51.820Z","level":"INFO","category":"EngineRegistry","message":"✅ All 28 Enterprise Engines successfully registered.","metadata":{},"environment":"production"}
{"timestamp":"2026-08-29T08:20:51.869Z","level":"INFO","category":"DatabaseManager","message":"✅ PostgreSQL Connection Pool Initialized Successfully.","metadata":{},"environment":"production"}
{"timestamp":"2026-08-29T08:20:57.980Z","level":"INFO","category":"EngineRegistry","message":"✅ All 28 Enterprise Engines successfully registered.","metadata":{},"environment":"production"}
{"timestamp":"2026-08-29T08:20:58.034Z","level":"INFO","category":"DatabaseManager","message":"✅ PostgreSQL Connection Pool Initialized Successfully.","metadata":{},"environment":"production"}
{"timestamp":"2026-08-29T08:21:08.351Z","level":"INFO","category":"EngineRegistry","message":"✅ All 28 Enterprise Engines successfully registered.","metadata":{},"environment":"production"}
{"timestamp":"2026-08-29T08:21:08.354Z","level":"ERROR","category":"StartupGuard","message":"❌ Production Preflight Checks Failed with Critical Issues","metadata":{"criticalFailures":["Central Authorization Engine is not available"]},"environment":"production"}
{"timestamp":"2026-08-29T08:21:20.040Z","level":"INFO","category":"EngineRegistry","message":"✅ All 28 Enterprise Engines successfully registered.","metadata":{},"environment":"production"}
{"timestamp":"2026-08-29T08:21:20.118Z","level":"INFO","category":"DatabaseManager","message":"✅ PostgreSQL Connection Pool Initialized Successfully.","metadata":{},"environment":"production"}
{"timestamp":"2026-08-29T08:22:04.089Z","level":"INFO","category":"EngineRegistry","message":"✅ All 28 Enterprise Engines successfully registered.","metadata":{},"environment":"production"}
{"timestamp":"2026-08-29T08:22:04.253Z","level":"INFO","category":"DatabaseManager","message":"✅ PostgreSQL Connection Pool Initialized Successfully.","metadata":{},"environment":"production"}
{"timestamp":"2026-08-29T08:22:13.183Z","level":"INFO","category":"EngineRegistry","message":"✅ All 28 Enterprise Engines successfully registered.","metadata":{},"environment":"production"}
{"timestamp":"2026-08-29T08:22:13.237Z","level":"INFO","category":"DatabaseManager","message":"✅ PostgreSQL Connection Pool Initialized Successfully.","metadata":{},"environment":"production"}
{"timestamp":"2026-08-29T08:22:22.571Z","level":"INFO","category":"EngineRegistry","message":"✅ All 28 Enterprise Engines successfully registered.","metadata":{},"environment":"production"}
{"timestamp":"2026-08-29T08:22:22.635Z","level":"INFO","category":"DatabaseManager","message":"✅ PostgreSQL Connection Pool Initialized Successfully.","metadata":{},"environment":"production"}
{"timestamp":"2026-08-29T08:22:31.202Z","level":"INFO","category":"EngineRegistry","message":"✅ All 28 Enterprise Engines successfully registered.","metadata":{},"environment":"production"}
{"timestamp":"2026-08-29T08:22:31.262Z","level":"INFO","category":"DatabaseManager","message":"✅ PostgreSQL Connection Pool Initialized Successfully.","metadata":{},"environment":"production"}
{"timestamp":"2026-08-29T08:22:39.163Z","level":"INFO","category":"EngineRegistry","message":"✅ All 28 Enterprise Engines successfully registered.","metadata":{},"environment":"production"}
{"timestamp":"2026-08-29T08:22:39.214Z","level":"INFO","category":"DatabaseManager","message":"✅ PostgreSQL Connection Pool Initialized Successfully.","metadata":{},"environment":"production"}
{"timestamp":"2026-08-29T08:22:55.206Z","level":"INFO","category":"EngineRegistry","message":"✅ All 28 Enterprise Engines successfully registered.","metadata":{},"environment":"production"}
{"timestamp":"2026-08-29T08:22:55.366Z","level":"INFO","category":"DatabaseManager","message":"✅ PostgreSQL Connection Pool Initialized Successfully.","metadata":{},"environment":"production"}
{"timestamp":"2026-08-29T08:23:05.077Z","level":"INFO","category":"EngineRegistry","message":"✅ All 28 Enterprise Engines successfully registered.","metadata":{},"environment":"production"}
{"timestamp":"2026-08-29T08:23:05.136Z","level":"INFO","category":"DatabaseManager","message":"✅ PostgreSQL Connection Pool Initialized Successfully.","metadata":{},"environment":"production"}
{"timestamp":"2026-08-29T08:23:10.999Z","level":"INFO","category":"EngineRegistry","message":"✅ All 28 Enterprise Engines successfully registered.","metadata":{},"environment":"production"}
{"timestamp":"2026-08-29T08:23:11.057Z","level":"INFO","category":"DatabaseManager","message":"✅ PostgreSQL Connection Pool Initialized Successfully.","metadata":{},"environment":"production"}
{"timestamp":"2026-08-29T08:23:29.104Z","level":"INFO","category":"EngineRegistry","message":"✅ All 28 Enterprise Engines successfully registered.","metadata":{},"environment":"production"}
{"timestamp":"2026-08-29T08:23:29.159Z","level":"INFO","category":"DatabaseManager","message":"✅ PostgreSQL Connection Pool Initialized Successfully.","metadata":{},"environment":"production"}
{"timestamp":"2026-08-29T08:23:34.910Z","level":"INFO","category":"EngineRegistry","message":"✅ All 28 Enterprise Engines successfully registered.","metadata":{},"environment":"production"}
{"timestamp":"2026-08-29T08:23:34.958Z","level":"INFO","category":"DatabaseManager","message":"✅ PostgreSQL Connection Pool Initialized Successfully.","metadata":{},"environment":"production"}
{"timestamp":"2026-08-29T08:23:38.826Z","level":"INFO","category":"EngineRegistry","message":"✅ All 28 Enterprise Engines successfully registered.","metadata":{},"environment":"production"}
{"timestamp":"2026-08-29T08:23:38.972Z","level":"INFO","category":"DatabaseManager","message":"✅ PostgreSQL Connection Pool Initialized Successfully.","metadata":{},"environment":"production"}
{"timestamp":"2026-08-29T08:23:59.787Z","level":"INFO","category":"EngineRegistry","message":"✅ All 28 Enterprise Engines successfully registered.","metadata":{},"environment":"production"}
{"timestamp":"2026-08-29T08:23:59.840Z","level":"INFO","category":"DatabaseManager","message":"✅ PostgreSQL Connection Pool Initialized Successfully.","metadata":{},"environment":"production"}
{"timestamp":"2026-08-29T08:24:07.949Z","level":"INFO","category":"EngineRegistry","message":"✅ All 28 Enterprise Engines successfully registered.","metadata":{},"environment":"production"}
{"timestamp":"2026-08-29T08:24:11.791Z","level":"INFO","category":"EngineRegistry","message":"✅ All 28 Enterprise Engines successfully registered.","metadata":{},"environment":"production"}
{"timestamp":"2026-08-29T08:24:11.848Z","level":"INFO","category":"DatabaseManager","message":"✅ PostgreSQL Connection Pool Initialized Successfully.","metadata":{},"environment":"production"}
{"timestamp":"2026-08-29T08:24:22.202Z","level":"INFO","category":"EngineRegistry","message":"✅ All 28 Enterprise Engines successfully registered.","metadata":{},"environment":"production"}
{"timestamp":"2026-08-29T08:24:22.250Z","level":"INFO","category":"DatabaseManager","message":"✅ PostgreSQL Connection Pool Initialized Successfully.","metadata":{},"environment":"production"}
{"timestamp":"2026-08-29T08:24:31.013Z","level":"INFO","category":"EngineRegistry","message":"✅ All 28 Enterprise Engines successfully registered.","metadata":{},"environment":"production"}
{"timestamp":"2026-08-29T08:24:31.059Z","level":"INFO","category":"DatabaseManager","message":"✅ PostgreSQL Connection Pool Initialized Successfully.","metadata":{},"environment":"production"}
{"timestamp":"2026-08-29T08:24:43.872Z","level":"INFO","category":"EngineRegistry","message":"✅ All 28 Enterprise Engines successfully registered.","metadata":{},"environment":"production"}
{"timestamp":"2026-08-29T08:24:43.935Z","level":"INFO","category":"DatabaseManager","message":"✅ PostgreSQL Connection Pool Initialized Successfully.","metadata":{},"environment":"production"}
{"timestamp":"2026-08-29T08:24:57.315Z","level":"INFO","category":"EngineRegistry","message":"✅ All 28 Enterprise Engines successfully registered.","metadata":{},"environment":"production"}
{"timestamp":"2026-08-29T08:24:57.364Z","level":"INFO","category":"DatabaseManager","message":"✅ PostgreSQL Connection Pool Initialized Successfully.","metadata":{},"environment":"production"}
{"timestamp":"2026-08-29T08:25:06.827Z","level":"INFO","category":"EngineRegistry","message":"✅ All 28 Enterprise Engines successfully registered.","metadata":{},"environment":"production"}
{"timestamp":"2026-08-29T08:25:06.884Z","level":"INFO","category":"DatabaseManager","message":"✅ PostgreSQL Connection Pool Initialized Successfully.","metadata":{},"environment":"production"}
{"timestamp":"2026-08-29T08:25:11.776Z","level":"INFO","category":"EngineRegistry","message":"✅ All 28 Enterprise Engines successfully registered.","metadata":{},"environment":"production"}
{"timestamp":"2026-08-29T08:25:11.817Z","level":"INFO","category":"DatabaseManager","message":"✅ PostgreSQL Connection Pool Initialized Successfully.","metadata":{},"environment":"production"}
{"timestamp":"2026-08-29T08:25:35.127Z","level":"INFO","category":"EngineRegistry","message":"✅ All 28 Enterprise Engines successfully registered.","metadata":{},"environment":"production"}
{"timestamp":"2026-08-29T08:25:35.175Z","level":"INFO","category":"DatabaseManager","message":"✅ PostgreSQL Connection Pool Initialized Successfully.","metadata":{},"environment":"production"}
{"timestamp":"2026-08-29T08:25:52.033Z","level":"INFO","category":"EngineRegistry","message":"✅ All 28 Enterprise Engines successfully registered.","metadata":{},"environment":"production"}
{"timestamp":"2026-08-29T08:25:52.074Z","level":"INFO","category":"DatabaseManager","message":"✅ PostgreSQL Connection Pool Initialized Successfully.","metadata":{},"environment":"production"}
{"timestamp":"2026-08-29T08:25:53.765Z","level":"INFO","category":"EngineRegistry","message":"✅ All 28 Enterprise Engines successfully registered.","metadata":{},"environment":"production"}
{"timestamp":"2026-08-29T08:25:53.807Z","level":"INFO","category":"DatabaseManager","message":"✅ PostgreSQL Connection Pool Initialized Successfully.","metadata":{},"environment":"production"}
{"timestamp":"2026-08-29T08:25:56.015Z","level":"INFO","category":"EngineRegistry","message":"✅ All 28 Enterprise Engines successfully registered.","metadata":{},"environment":"production"}
{"timestamp":"2026-08-29T08:25:56.099Z","level":"INFO","category":"DatabaseManager","message":"✅ PostgreSQL Connection Pool Initialized Successfully.","metadata":{},"environment":"production"}
{"timestamp":"2026-08-29T08:25:59.131Z","level":"INFO","category":"EngineRegistry","message":"✅ All 28 Enterprise Engines successfully registered.","metadata":{},"environment":"production"}
{"timestamp":"2026-08-29T08:25:59.193Z","level":"INFO","category":"DatabaseManager","message":"✅ PostgreSQL Connection Pool Initialized Successfully.","metadata":{},"environment":"production"}
{"timestamp":"2026-08-29T08:26:03.361Z","level":"INFO","category":"EngineRegistry","message":"✅ All 28 Enterprise Engines successfully registered.","metadata":{},"environment":"production"}
{"timestamp":"2026-08-29T08:26:03.423Z","level":"INFO","category":"DatabaseManager","message":"✅ PostgreSQL Connection Pool Initialized Successfully.","metadata":{},"environment":"production"}
{"timestamp":"2026-08-29T08:26:06.551Z","level":"INFO","category":"EngineRegistry","message":"✅ All 28 Enterprise Engines successfully registered.","metadata":{},"environment":"production"}
{"timestamp":"2026-08-29T08:26:06.626Z","level":"INFO","category":"DatabaseManager","message":"✅ PostgreSQL Connection Pool Initialized Successfully.","metadata":{},"environment":"production"}
{"timestamp":"2026-08-29T08:26:07.671Z","level":"INFO","category":"EngineRegistry","message":"✅ All 28 Enterprise Engines successfully registered.","metadata":{},"environment":"production"}
{"timestamp":"2026-08-29T08:26:09.927Z","level":"INFO","category":"EngineRegistry","message":"✅ All 28 Enterprise Engines successfully registered.","metadata":{},"environment":"production"}
{"timestamp":"2026-08-29T08:26:12.168Z","level":"INFO","category":"EngineRegistry","message":"✅ All 28 Enterprise Engines successfully registered.","metadata":{},"environment":"production"}
{"timestamp":"2026-08-29T08:26:14.089Z","level":"INFO","category":"EngineRegistry","message":"✅ All 28 Enterprise Engines successfully registered.","metadata":{},"environment":"production"}
{"timestamp":"2026-08-29T08:26:14.227Z","level":"INFO","category":"DatabaseManager","message":"✅ PostgreSQL Connection Pool Initialized Successfully.","metadata":{},"environment":"production"}
{"timestamp":"2026-08-29T08:26:16.807Z","level":"INFO","category":"EngineRegistry","message":"✅ All 28 Enterprise Engines successfully registered.","metadata":{},"environment":"production"}
{"timestamp":"2026-08-29T08:26:17.026Z","level":"INFO","category":"DatabaseManager","message":"✅ PostgreSQL Connection Pool Initialized Successfully.","metadata":{},"environment":"production"}
{"timestamp":"2026-08-29T08:26:17.721Z","level":"INFO","category":"EngineRegistry","message":"✅ All 28 Enterprise Engines successfully registered.","metadata":{},"environment":"production"}
{"timestamp":"2026-08-29T08:26:17.839Z","level":"INFO","category":"DatabaseManager","message":"✅ PostgreSQL Connection Pool Initialized Successfully.","metadata":{},"environment":"production"}
{"timestamp":"2026-08-29T08:26:21.131Z","level":"INFO","category":"EngineRegistry","message":"✅ All 28 Enterprise Engines successfully registered.","metadata":{},"environment":"production"}
{"timestamp":"2026-08-29T08:26:21.255Z","level":"INFO","category":"DatabaseManager","message":"✅ PostgreSQL Connection Pool Initialized Successfully.","metadata":{},"environment":"production"}
{"timestamp":"2026-08-29T08:26:24.090Z","level":"INFO","category":"EngineRegistry","message":"✅ All 28 Enterprise Engines successfully registered.","metadata":{},"environment":"production"}
{"timestamp":"2026-08-29T08:26:24.407Z","level":"INFO","category":"DatabaseManager","message":"✅ PostgreSQL Connection Pool Initialized Successfully.","metadata":{},"environment":"production"}
{"timestamp":"2026-08-29T08:26:24.942Z","level":"INFO","category":"EngineRegistry","message":"✅ All 28 Enterprise Engines successfully registered.","metadata":{},"environment":"production"}
{"timestamp":"2026-08-29T08:26:25.059Z","level":"INFO","category":"DatabaseManager","message":"✅ PostgreSQL Connection Pool Initialized Successfully.","metadata":{},"environment":"production"}
{"timestamp":"2026-08-29T08:26:27.491Z","level":"WARN","category":"DatabaseManager","message":"PostgreSQL query failed: column \"createdAt\" does not exist (SQL: SELECT * FROM tender_daily_reports ORDER BY \"createdAt\" DESC LIMIT 50)","metadata":{},"environment":"production"}
{"timestamp":"2026-08-29T08:26:27.523Z","level":"WARN","category":"DatabaseManager","message":"PostgreSQL query failed: relation \"tender_studies\" does not exist (SQL: SELECT * FROM tender_studies ORDER BY \"createdAt\" DESC LIMIT 50)","metadata":{},"environment":"production"}
{"timestamp":"2026-08-29T08:26:27.626Z","level":"WARN","category":"DatabaseManager","message":"PostgreSQL query failed: column \"createdAt\" does not exist (SQL: SELECT * FROM contract_variation_orders ORDER BY \"createdAt\" DESC LIMIT 50)","metadata":{},"environment":"production"}
{"timestamp":"2026-08-29T08:26:27.850Z","level":"WARN","category":"DatabaseManager","message":"PostgreSQL query failed: column \"createdAt\" does not exist (SQL: SELECT * FROM excavation_permits ORDER BY \"createdAt\" DESC LIMIT 50)","metadata":{},"environment":"production"}
{"timestamp":"2026-08-29T08:26:27.942Z","level":"WARN","category":"DatabaseManager","message":"PostgreSQL query failed: column \"createdAt\" does not exist (SQL: SELECT * FROM bank_guarantees ORDER BY \"createdAt\" DESC LIMIT 50)","metadata":{},"environment":"production"}
{"timestamp":"2026-08-29T08:26:27.982Z","level":"WARN","category":"DatabaseManager","message":"PostgreSQL query failed: column \"createdAt\" does not exist (SQL: SELECT * FROM structural_assets ORDER BY \"createdAt\" DESC LIMIT 50)","metadata":{},"environment":"production"}
{"timestamp":"2026-08-29T08:26:27.986Z","level":"WARN","category":"DatabaseManager","message":"PostgreSQL query failed: column \"createdAt\" does not exist (SQL: SELECT * FROM infrastructure_networks ORDER BY \"createdAt\" DESC LIMIT 50)","metadata":{},"environment":"production"}
{"timestamp":"2026-08-29T08:26:28.004Z","level":"WARN","category":"DatabaseManager","message":"PostgreSQL query failed: column \"createdAt\" does not exist (SQL: SELECT * FROM energy_assets ORDER BY \"createdAt\" DESC LIMIT 50)","metadata":{},"environment":"production"}
{"timestamp":"2026-08-29T08:26:28.176Z","level":"WARN","category":"DatabaseManager","message":"PostgreSQL query failed: relation \"committee_reports\" does not exist (SQL: SELECT * FROM committee_reports ORDER BY \"createdAt\" DESC LIMIT 50)","metadata":{},"environment":"production"}
{"timestamp":"2026-08-29T08:26:28.406Z","level":"WARN","category":"DatabaseManager","message":"PostgreSQL query failed: relation \"tender_studies\" does not exist (SQL: SELECT * FROM tender_studies WHERE id::text = ANY($1::text[]))","metadata":{},"environment":"production"}
{"timestamp":"2026-08-29T08:26:28.500Z","level":"WARN","category":"DatabaseManager","message":"PostgreSQL query failed: relation \"variation_orders\" does not exist (SQL: SELECT * FROM variation_orders WHERE id::text = ANY($1::text[]))","metadata":{},"environment":"production"}
{"timestamp":"2026-08-29T08:26:28.712Z","level":"WARN","category":"DatabaseManager","message":"PostgreSQL query failed: relation \"committee_reports\" does not exist (SQL: SELECT * FROM committee_reports WHERE id::text = ANY($1::text[]))","metadata":{},"environment":"production"}
{"timestamp":"2026-08-29T08:26:29.353Z","level":"INFO","category":"EngineRegistry","message":"✅ All 28 Enterprise Engines successfully registered.","metadata":{},"environment":"production"}
{"timestamp":"2026-08-29T08:26:29.456Z","level":"INFO","category":"DatabaseManager","message":"✅ PostgreSQL Connection Pool Initialized Successfully.","metadata":{},"environment":"production"}
{"timestamp":"2026-08-29T08:26:30.239Z","level":"INFO","category":"EngineRegistry","message":"✅ All 28 Enterprise Engines successfully registered.","metadata":{},"environment":"production"}
{"timestamp":"2026-08-29T08:26:30.339Z","level":"INFO","category":"DatabaseManager","message":"✅ PostgreSQL Connection Pool Initialized Successfully.","metadata":{},"environment":"production"}
{"timestamp":"2026-08-29T08:26:33.654Z","level":"INFO","category":"EngineRegistry","message":"✅ All 28 Enterprise Engines successfully registered.","metadata":{},"environment":"production"}
{"timestamp":"2026-08-29T08:26:33.788Z","level":"INFO","category":"DatabaseManager","message":"✅ PostgreSQL Connection Pool Initialized Successfully.","metadata":{},"environment":"production"}
{"timestamp":"2026-08-29T08:26:33.814Z","level":"INFO","category":"EngineRegistry","message":"✅ All 28 Enterprise Engines successfully registered.","metadata":{},"environment":"production"}
{"timestamp":"2026-08-29T08:26:33.951Z","level":"INFO","category":"DatabaseManager","message":"✅ PostgreSQL Connection Pool Initialized Successfully.","metadata":{},"environment":"production"}
{"timestamp":"2026-08-29T08:26:43.908Z","level":"INFO","category":"EngineRegistry","message":"✅ All 28 Enterprise Engines successfully registered.","metadata":{},"environment":"production"}
{"timestamp":"2026-08-29T08:26:44.075Z","level":"INFO","category":"DatabaseManager","message":"✅ PostgreSQL Connection Pool Initialized Successfully.","metadata":{},"environment":"production"}
{"timestamp":"2026-08-29T08:38:59.451Z","level":"INFO","category":"EngineRegistry","message":"✅ All 28 Enterprise Engines successfully registered.","metadata":{},"environment":"production"}
{"timestamp":"2026-08-29T08:38:59.629Z","level":"INFO","category":"DatabaseManager","message":"✅ PostgreSQL Connection Pool Initialized Successfully.","metadata":{},"environment":"production"}
{"timestamp":"2026-08-29T08:39:23.405Z","level":"INFO","category":"EngineRegistry","message":"✅ All 28 Enterprise Engines successfully registered.","metadata":{},"environment":"production"}
{"timestamp":"2026-08-29T08:39:23.503Z","level":"INFO","category":"DatabaseManager","message":"✅ PostgreSQL Connection Pool Initialized Successfully.","metadata":{},"environment":"production"}
{"timestamp":"2026-08-29T16:13:58.032Z","level":"INFO","category":"EngineRegistry","message":"✅ All 28 Enterprise Engines successfully registered.","metadata":{},"environment":"production"}
{"timestamp":"2026-08-29T16:13:58.102Z","level":"INFO","category":"DatabaseManager","message":"✅ PostgreSQL Connection Pool Initialized Successfully.","metadata":{},"environment":"production"}
{"timestamp":"2026-08-29T16:13:59.683Z","level":"WARN","category":"DatabaseManager","message":"PostgreSQL query failed: column \"createdAt\" does not exist (SQL: SELECT * FROM tender_daily_reports ORDER BY \"createdAt\" DESC LIMIT 50)","metadata":{},"environment":"production"}
{"timestamp":"2026-08-29T16:13:59.685Z","level":"WARN","category":"DatabaseManager","message":"PostgreSQL query failed: relation \"tender_studies\" does not exist (SQL: SELECT * FROM tender_studies ORDER BY \"createdAt\" DESC LIMIT 50)","metadata":{},"environment":"production"}
{"timestamp":"2026-08-29T16:13:59.698Z","level":"WARN","category":"DatabaseManager","message":"PostgreSQL query failed: column \"createdAt\" does not exist (SQL: SELECT * FROM contract_variation_orders ORDER BY \"createdAt\" DESC LIMIT 50)","metadata":{},"environment":"production"}
{"timestamp":"2026-08-29T16:13:59.716Z","level":"WARN","category":"DatabaseManager","message":"PostgreSQL query failed: column \"createdAt\" does not exist (SQL: SELECT * FROM excavation_permits ORDER BY \"createdAt\" DESC LIMIT 50)","metadata":{},"environment":"production"}
{"timestamp":"2026-08-29T16:13:59.744Z","level":"WARN","category":"DatabaseManager","message":"PostgreSQL query failed: column \"createdAt\" does not exist (SQL: SELECT * FROM bank_guarantees ORDER BY \"createdAt\" DESC LIMIT 50)","metadata":{},"environment":"production"}
{"timestamp":"2026-08-29T16:13:59.768Z","level":"WARN","category":"DatabaseManager","message":"PostgreSQL query failed: column \"createdAt\" does not exist (SQL: SELECT * FROM structural_assets ORDER BY \"createdAt\" DESC LIMIT 50)","metadata":{},"environment":"production"}
{"timestamp":"2026-08-29T16:13:59.770Z","level":"WARN","category":"DatabaseManager","message":"PostgreSQL query failed: column \"createdAt\" does not exist (SQL: SELECT * FROM infrastructure_networks ORDER BY \"createdAt\" DESC LIMIT 50)","metadata":{},"environment":"production"}
{"timestamp":"2026-08-29T16:13:59.772Z","level":"WARN","category":"DatabaseManager","message":"PostgreSQL query failed: column \"createdAt\" does not exist (SQL: SELECT * FROM energy_assets ORDER BY \"createdAt\" DESC LIMIT 50)","metadata":{},"environment":"production"}
{"timestamp":"2026-08-29T16:13:59.819Z","level":"WARN","category":"DatabaseManager","message":"PostgreSQL query failed: relation \"committee_reports\" does not exist (SQL: SELECT * FROM committee_reports ORDER BY \"createdAt\" DESC LIMIT 50)","metadata":{},"environment":"production"}
{"timestamp":"2026-08-29T16:13:59.880Z","level":"WARN","category":"DatabaseManager","message":"PostgreSQL query failed: relation \"tender_studies\" does not exist (SQL: SELECT * FROM tender_studies WHERE id::text = ANY($1::text[]))","metadata":{},"environment":"production"}
{"timestamp":"2026-08-29T16:13:59.921Z","level":"WARN","category":"DatabaseManager","message":"PostgreSQL query failed: relation \"variation_orders\" does not exist (SQL: SELECT * FROM variation_orders WHERE id::text = ANY($1::text[]))","metadata":{},"environment":"production"}
{"timestamp":"2026-08-29T16:13:59.985Z","level":"WARN","category":"DatabaseManager","message":"PostgreSQL query failed: relation \"committee_reports\" does not exist (SQL: SELECT * FROM committee_reports WHERE id::text = ANY($1::text[]))","metadata":{},"environment":"production"}
{"timestamp":"2026-08-29T19:15:00.580Z","level":"INFO","category":"EngineRegistry","message":"✅ All 28 Enterprise Engines successfully registered.","metadata":{},"environment":"production"}
{"timestamp":"2026-08-29T19:15:00.707Z","level":"INFO","category":"DatabaseManager","message":"✅ PostgreSQL Connection Pool Initialized Successfully.","metadata":{},"environment":"production"}
{"timestamp":"2026-08-29T19:15:04.531Z","level":"INFO","category":"EngineRegistry","message":"✅ All 28 Enterprise Engines successfully registered.","metadata":{},"environment":"production"}
{"timestamp":"2026-08-29T19:15:04.693Z","level":"INFO","category":"DatabaseManager","message":"✅ PostgreSQL Connection Pool Initialized Successfully.","metadata":{},"environment":"production"}
{"timestamp":"2026-08-29T19:19:12.341Z","level":"INFO","category":"EngineRegistry","message":"✅ All 28 Enterprise Engines successfully registered.","metadata":{},"environment":"production"}
{"timestamp":"2026-08-29T19:19:12.400Z","level":"INFO","category":"DatabaseManager","message":"✅ PostgreSQL Connection Pool Initialized Successfully.","metadata":{},"environment":"production"}
{"timestamp":"2026-08-29T19:28:09.391Z","level":"INFO","category":"EngineRegistry","message":"✅ All 28 Enterprise Engines successfully registered.","metadata":{},"environment":"production"}
{"timestamp":"2026-08-29T19:28:09.446Z","level":"INFO","category":"DatabaseManager","message":"✅ PostgreSQL Connection Pool Initialized Successfully.","metadata":{},"environment":"production"}
{"timestamp":"2026-08-29T19:28:14.014Z","level":"INFO","category":"EngineRegistry","message":"✅ All 28 Enterprise Engines successfully registered.","metadata":{},"environment":"production"}
{"timestamp":"2026-08-29T19:28:14.065Z","level":"INFO","category":"DatabaseManager","message":"✅ PostgreSQL Connection Pool Initialized Successfully.","metadata":{},"environment":"production"}
{"timestamp":"2026-08-29T19:37:37.627Z","level":"INFO","category":"EngineRegistry","message":"✅ All 28 Enterprise Engines successfully registered.","metadata":{},"environment":"production"}
{"timestamp":"2026-08-29T19:37:37.677Z","level":"INFO","category":"DatabaseManager","message":"✅ PostgreSQL Connection Pool Initialized Successfully.","metadata":{},"environment":"production"}
{"timestamp":"2026-08-29T19:37:41.787Z","level":"INFO","category":"EngineRegistry","message":"✅ All 28 Enterprise Engines successfully registered.","metadata":{},"environment":"production"}
{"timestamp":"2026-08-29T19:37:41.845Z","level":"INFO","category":"DatabaseManager","message":"✅ PostgreSQL Connection Pool Initialized Successfully.","metadata":{},"environment":"production"}
{"timestamp":"2026-08-29T19:40:19.677Z","level":"WARN","category":"DatabaseManager","message":"PostgreSQL query failed: column \"createdAt\" does not exist (SQL: SELECT * FROM tender_daily_reports ORDER BY \"createdAt\" DESC LIMIT 50)","metadata":{},"environment":"production"}
{"timestamp":"2026-08-29T19:40:19.682Z","level":"WARN","category":"DatabaseManager","message":"PostgreSQL query failed: relation \"tender_studies\" does not exist (SQL: SELECT * FROM tender_studies ORDER BY \"createdAt\" DESC LIMIT 50)","metadata":{},"environment":"production"}
{"timestamp":"2026-08-29T19:40:19.695Z","level":"WARN","category":"DatabaseManager","message":"PostgreSQL query failed: column \"createdAt\" does not exist (SQL: SELECT * FROM contract_variation_orders ORDER BY \"createdAt\" DESC LIMIT 50)","metadata":{},"environment":"production"}
{"timestamp":"2026-08-29T19:40:19.704Z","level":"WARN","category":"DatabaseManager","message":"PostgreSQL query failed: column \"createdAt\" does not exist (SQL: SELECT * FROM excavation_permits ORDER BY \"createdAt\" DESC LIMIT 50)","metadata":{},"environment":"production"}
{"timestamp":"2026-08-29T19:40:19.709Z","level":"WARN","category":"DatabaseManager","message":"PostgreSQL query failed: column \"createdAt\" does not exist (SQL: SELECT * FROM bank_guarantees ORDER BY \"createdAt\" DESC LIMIT 50)","metadata":{},"environment":"production"}
{"timestamp":"2026-08-29T19:40:19.713Z","level":"WARN","category":"DatabaseManager","message":"PostgreSQL query failed: column \"createdAt\" does not exist (SQL: SELECT * FROM structural_assets ORDER BY \"createdAt\" DESC LIMIT 50)","metadata":{},"environment":"production"}
{"timestamp":"2026-08-29T19:40:19.720Z","level":"WARN","category":"DatabaseManager","message":"PostgreSQL query failed: column \"createdAt\" does not exist (SQL: SELECT * FROM infrastructure_networks ORDER BY \"createdAt\" DESC LIMIT 50)","metadata":{},"environment":"production"}
{"timestamp":"2026-08-29T19:40:19.724Z","level":"WARN","category":"DatabaseManager","message":"PostgreSQL query failed: column \"createdAt\" does not exist (SQL: SELECT * FROM energy_assets ORDER BY \"createdAt\" DESC LIMIT 50)","metadata":{},"environment":"production"}
{"timestamp":"2026-08-29T19:40:19.726Z","level":"WARN","category":"DatabaseManager","message":"PostgreSQL query failed: relation \"committee_reports\" does not exist (SQL: SELECT * FROM committee_reports ORDER BY \"createdAt\" DESC LIMIT 50)","metadata":{},"environment":"production"}
{"timestamp":"2026-08-29T19:48:01.368Z","level":"INFO","category":"EngineRegistry","message":"✅ All 28 Enterprise Engines successfully registered.","metadata":{},"environment":"production"}
{"timestamp":"2026-08-29T19:48:01.422Z","level":"INFO","category":"DatabaseManager","message":"✅ PostgreSQL Connection Pool Initialized Successfully.","metadata":{},"environment":"production"}
{"timestamp":"2026-08-29T19:48:50.118Z","level":"INFO","category":"EngineRegistry","message":"✅ All 28 Enterprise Engines successfully registered.","metadata":{},"environment":"production"}
{"timestamp":"2026-08-29T19:48:50.282Z","level":"INFO","category":"DatabaseManager","message":"✅ PostgreSQL Connection Pool Initialized Successfully.","metadata":{},"environment":"production"}
{"timestamp":"2026-08-29T19:48:54.790Z","level":"INFO","category":"EngineRegistry","message":"✅ All 28 Enterprise Engines successfully registered.","metadata":{},"environment":"production"}
{"timestamp":"2026-08-29T19:48:54.834Z","level":"INFO","category":"DatabaseManager","message":"✅ PostgreSQL Connection Pool Initialized Successfully.","metadata":{},"environment":"production"}
{"timestamp":"2026-08-29T19:53:32.426Z","level":"INFO","category":"EngineRegistry","message":"✅ All 28 Enterprise Engines successfully registered.","metadata":{},"environment":"production"}
{"timestamp":"2026-08-29T19:53:32.505Z","level":"INFO","category":"DatabaseManager","message":"✅ PostgreSQL Connection Pool Initialized Successfully.","metadata":{},"environment":"production"}
{"timestamp":"2026-08-29T19:53:44.530Z","level":"INFO","category":"EngineRegistry","message":"✅ All 28 Enterprise Engines successfully registered.","metadata":{},"environment":"production"}
{"timestamp":"2026-08-29T19:53:44.745Z","level":"INFO","category":"DatabaseManager","message":"✅ PostgreSQL Connection Pool Initialized Successfully.","metadata":{},"environment":"production"}
{"timestamp":"2026-08-29T19:53:50.591Z","level":"INFO","category":"EngineRegistry","message":"✅ All 28 Enterprise Engines successfully registered.","metadata":{},"environment":"production"}
{"timestamp":"2026-08-29T19:53:50.686Z","level":"INFO","category":"DatabaseManager","message":"✅ PostgreSQL Connection Pool Initialized Successfully.","metadata":{},"environment":"production"}
{"timestamp":"2026-08-29T20:03:48.102Z","level":"WARN","category":"DatabaseManager","message":"dbRun error: column \"ip\" of relation \"activity_log\" does not exist (SQL: INSERT INTO activity_log (\"userId\", action, entity, \"entityId\", details, ip, \"createdAt\") VALUES ($1, $2, $3, $4, $5, $6, NOW()))","metadata":{},"environment":"production"}
{"timestamp":"2026-08-29T20:04:44.462Z","level":"INFO","category":"EngineRegistry","message":"✅ All 28 Enterprise Engines successfully registered.","metadata":{},"environment":"production"}
{"timestamp":"2026-08-29T20:04:44.538Z","level":"INFO","category":"DatabaseManager","message":"✅ PostgreSQL Connection Pool Initialized Successfully.","metadata":{},"environment":"production"}
{"timestamp":"2026-08-29T20:05:05.911Z","level":"INFO","category":"EngineRegistry","message":"✅ All 28 Enterprise Engines successfully registered.","metadata":{},"environment":"production"}
{"timestamp":"2026-08-29T20:05:06.027Z","level":"INFO","category":"DatabaseManager","message":"✅ PostgreSQL Connection Pool Initialized Successfully.","metadata":{},"environment":"production"}
{"timestamp":"2026-08-29T20:11:57.957Z","level":"INFO","category":"EngineRegistry","message":"✅ All 28 Enterprise Engines successfully registered.","metadata":{},"environment":"production"}
{"timestamp":"2026-08-29T20:11:58.018Z","level":"INFO","category":"DatabaseManager","message":"✅ PostgreSQL Connection Pool Initialized Successfully.","metadata":{},"environment":"production"}
{"timestamp":"2026-08-29T20:16:52.118Z","level":"INFO","category":"EngineRegistry","message":"✅ All 28 Enterprise Engines successfully registered.","metadata":{},"environment":"production"}
{"timestamp":"2026-08-29T20:16:52.167Z","level":"INFO","category":"DatabaseManager","message":"✅ PostgreSQL Connection Pool Initialized Successfully.","metadata":{},"environment":"production"}
{"timestamp":"2026-08-29T20:21:11.033Z","level":"INFO","category":"EngineRegistry","message":"✅ All 28 Enterprise Engines successfully registered.","metadata":{},"environment":"production"}
{"timestamp":"2026-08-29T20:21:11.111Z","level":"INFO","category":"DatabaseManager","message":"✅ PostgreSQL Connection Pool Initialized Successfully.","metadata":{},"environment":"production"}
{"timestamp":"2026-08-29T20:26:26.044Z","level":"INFO","category":"EngineRegistry","message":"✅ All 28 Enterprise Engines successfully registered.","metadata":{},"environment":"production"}
{"timestamp":"2026-08-29T20:26:26.126Z","level":"INFO","category":"DatabaseManager","message":"✅ PostgreSQL Connection Pool Initialized Successfully.","metadata":{},"environment":"production"}
{"timestamp":"2026-08-29T20:27:00.683Z","level":"INFO","category":"EngineRegistry","message":"✅ All 28 Enterprise Engines successfully registered.","metadata":{},"environment":"production"}
{"timestamp":"2026-08-29T20:27:00.895Z","level":"INFO","category":"DatabaseManager","message":"✅ PostgreSQL Connection Pool Initialized Successfully.","metadata":{},"environment":"production"}
{"timestamp":"2026-08-29T21:05:21.700Z","level":"INFO","category":"EngineRegistry","message":"✅ All 28 Enterprise Engines successfully registered.","metadata":{},"environment":"production"}
{"timestamp":"2026-08-29T21:05:21.756Z","level":"INFO","category":"DatabaseManager","message":"✅ PostgreSQL Connection Pool Initialized Successfully.","metadata":{},"environment":"production"}
{"timestamp":"2026-08-30T09:22:33.533Z","level":"WARN","category":"DatabaseManager","message":"PostgreSQL query failed: column \"createdAt\" does not exist (SQL: SELECT * FROM tender_daily_reports ORDER BY \"createdAt\" DESC LIMIT 50)","metadata":{},"environment":"production"}
{"timestamp":"2026-08-30T09:22:33.538Z","level":"WARN","category":"DatabaseManager","message":"PostgreSQL query failed: relation \"tender_studies\" does not exist (SQL: SELECT * FROM tender_studies ORDER BY \"createdAt\" DESC LIMIT 50)","metadata":{},"environment":"production"}
{"timestamp":"2026-08-30T09:22:33.541Z","level":"WARN","category":"DatabaseManager","message":"PostgreSQL query failed: column \"createdAt\" does not exist (SQL: SELECT * FROM contract_variation_orders ORDER BY \"createdAt\" DESC LIMIT 50)","metadata":{},"environment":"production"}
{"timestamp":"2026-08-30T09:22:33.543Z","level":"WARN","category":"DatabaseManager","message":"PostgreSQL query failed: column \"createdAt\" does not exist (SQL: SELECT * FROM excavation_permits ORDER BY \"createdAt\" DESC LIMIT 50)","metadata":{},"environment":"production"}
{"timestamp":"2026-08-30T09:22:33.556Z","level":"WARN","category":"DatabaseManager","message":"PostgreSQL query failed: column \"createdAt\" does not exist (SQL: SELECT * FROM bank_guarantees ORDER BY \"createdAt\" DESC LIMIT 50)","metadata":{},"environment":"production"}
{"timestamp":"2026-08-30T09:22:33.560Z","level":"WARN","category":"DatabaseManager","message":"PostgreSQL query failed: column \"createdAt\" does not exist (SQL: SELECT * FROM structural_assets ORDER BY \"createdAt\" DESC LIMIT 50)","metadata":{},"environment":"production"}
{"timestamp":"2026-08-30T09:22:33.561Z","level":"WARN","category":"DatabaseManager","message":"PostgreSQL query failed: column \"createdAt\" does not exist (SQL: SELECT * FROM infrastructure_networks ORDER BY \"createdAt\" DESC LIMIT 50)","metadata":{},"environment":"production"}
{"timestamp":"2026-08-30T09:22:33.564Z","level":"WARN","category":"DatabaseManager","message":"PostgreSQL query failed: column \"createdAt\" does not exist (SQL: SELECT * FROM energy_assets ORDER BY \"createdAt\" DESC LIMIT 50)","metadata":{},"environment":"production"}
{"timestamp":"2026-08-30T09:22:33.620Z","level":"WARN","category":"DatabaseManager","message":"PostgreSQL query failed: relation \"committee_reports\" does not exist (SQL: SELECT * FROM committee_reports ORDER BY \"createdAt\" DESC LIMIT 50)","metadata":{},"environment":"production"}
{"timestamp":"2026-08-30T09:30:15.459Z","level":"INFO","category":"EngineRegistry","message":"✅ All 28 Enterprise Engines successfully registered.","metadata":{},"environment":"production"}
{"timestamp":"2026-08-30T09:30:15.562Z","level":"INFO","category":"DatabaseManager","message":"✅ PostgreSQL Connection Pool Initialized Successfully.","metadata":{},"environment":"production"}
{"timestamp":"2026-08-30T09:41:34.520Z","level":"INFO","category":"EngineRegistry","message":"✅ All 28 Enterprise Engines successfully registered.","metadata":{},"environment":"production"}
{"timestamp":"2026-08-30T09:41:34.753Z","level":"INFO","category":"DatabaseManager","message":"✅ PostgreSQL Connection Pool Initialized Successfully.","metadata":{},"environment":"production"}
{"timestamp":"2026-08-30T09:47:24.292Z","level":"INFO","category":"EngineRegistry","message":"✅ All 28 Enterprise Engines successfully registered.","metadata":{},"environment":"production"}
{"timestamp":"2026-08-30T09:47:24.344Z","level":"INFO","category":"DatabaseManager","message":"✅ PostgreSQL Connection Pool Initialized Successfully.","metadata":{},"environment":"production"}
{"timestamp":"2026-08-30T09:47:48.454Z","level":"INFO","category":"EngineRegistry","message":"✅ All 28 Enterprise Engines successfully registered.","metadata":{},"environment":"production"}
{"timestamp":"2026-08-30T09:47:48.611Z","level":"INFO","category":"DatabaseManager","message":"✅ PostgreSQL Connection Pool Initialized Successfully.","metadata":{},"environment":"production"}
{"timestamp":"2026-08-30T20:53:08.149Z","level":"INFO","category":"EngineRegistry","message":"✅ All 28 Enterprise Engines successfully registered.","metadata":{},"environment":"production"}
{"timestamp":"2026-08-30T20:53:08.220Z","level":"INFO","category":"DatabaseManager","message":"✅ PostgreSQL Connection Pool Initialized Successfully.","metadata":{},"environment":"production"}
{"timestamp":"2026-08-30T20:53:09.471Z","level":"WARN","category":"DatabaseManager","message":"PostgreSQL query failed: column \"createdAt\" does not exist (SQL: SELECT * FROM tender_daily_reports ORDER BY \"createdAt\" DESC LIMIT 50)","metadata":{},"environment":"production"}
{"timestamp":"2026-08-30T20:53:09.472Z","level":"WARN","category":"DatabaseManager","message":"PostgreSQL query failed: relation \"tender_studies\" does not exist (SQL: SELECT * FROM tender_studies ORDER BY \"createdAt\" DESC LIMIT 50)","metadata":{},"environment":"production"}
{"timestamp":"2026-08-30T20:53:09.482Z","level":"WARN","category":"DatabaseManager","message":"PostgreSQL query failed: column \"createdAt\" does not exist (SQL: SELECT * FROM contract_variation_orders ORDER BY \"createdAt\" DESC LIMIT 50)","metadata":{},"environment":"production"}
{"timestamp":"2026-08-30T20:53:09.488Z","level":"WARN","category":"DatabaseManager","message":"PostgreSQL query failed: column \"createdAt\" does not exist (SQL: SELECT * FROM excavation_permits ORDER BY \"createdAt\" DESC LIMIT 50)","metadata":{},"environment":"production"}
{"timestamp":"2026-08-30T20:53:09.505Z","level":"WARN","category":"DatabaseManager","message":"PostgreSQL query failed: column \"createdAt\" does not exist (SQL: SELECT * FROM bank_guarantees ORDER BY \"createdAt\" DESC LIMIT 50)","metadata":{},"environment":"production"}
{"timestamp":"2026-08-30T20:53:09.518Z","level":"WARN","category":"DatabaseManager","message":"PostgreSQL query failed: column \"createdAt\" does not exist (SQL: SELECT * FROM structural_assets ORDER BY \"createdAt\" DESC LIMIT 50)","metadata":{},"environment":"production"}
{"timestamp":"2026-08-30T20:53:09.520Z","level":"WARN","category":"DatabaseManager","message":"PostgreSQL query failed: column \"createdAt\" does not exist (SQL: SELECT * FROM infrastructure_networks ORDER BY \"createdAt\" DESC LIMIT 50)","metadata":{},"environment":"production"}
{"timestamp":"2026-08-30T20:53:09.521Z","level":"WARN","category":"DatabaseManager","message":"PostgreSQL query failed: column \"createdAt\" does not exist (SQL: SELECT * FROM energy_assets ORDER BY \"createdAt\" DESC LIMIT 50)","metadata":{},"environment":"production"}
{"timestamp":"2026-08-30T20:53:09.566Z","level":"WARN","category":"DatabaseManager","message":"PostgreSQL query failed: relation \"committee_reports\" does not exist (SQL: SELECT * FROM committee_reports ORDER BY \"createdAt\" DESC LIMIT 50)","metadata":{},"environment":"production"}
{"timestamp":"2026-08-30T20:53:09.642Z","level":"WARN","category":"DatabaseManager","message":"PostgreSQL query failed: relation \"tender_studies\" does not exist (SQL: SELECT * FROM tender_studies WHERE id::text = ANY($1::text[]))","metadata":{},"environment":"production"}
{"timestamp":"2026-08-30T20:53:09.690Z","level":"WARN","category":"DatabaseManager","message":"PostgreSQL query failed: relation \"variation_orders\" does not exist (SQL: SELECT * FROM variation_orders WHERE id::text = ANY($1::text[]))","metadata":{},"environment":"production"}
{"timestamp":"2026-08-30T20:53:09.765Z","level":"WARN","category":"DatabaseManager","message":"PostgreSQL query failed: relation \"committee_reports\" does not exist (SQL: SELECT * FROM committee_reports WHERE id::text = ANY($1::text[]))","metadata":{},"environment":"production"}
{"timestamp":"2026-08-30T20:53:09.846Z","level":"WARN","category":"DatabaseManager","message":"PostgreSQL query failed: relation \"tender_studies\" does not exist (SQL: SELECT * FROM tender_studies WHERE id::text = ANY($1::text[]))","metadata":{},"environment":"production"}
{"timestamp":"2026-08-30T20:53:09.904Z","level":"WARN","category":"DatabaseManager","message":"PostgreSQL query failed: relation \"variation_orders\" does not exist (SQL: SELECT * FROM variation_orders WHERE id::text = ANY($1::text[]))","metadata":{},"environment":"production"}
{"timestamp":"2026-08-30T20:53:09.971Z","level":"WARN","category":"DatabaseManager","message":"PostgreSQL query failed: relation \"committee_reports\" does not exist (SQL: SELECT * FROM committee_reports WHERE id::text = ANY($1::text[]))","metadata":{},"environment":"production"}
